{
    "categories": [
        {
            "alias": "tours",
            "title": "Tours"
        }
    ],
    "coordinates": {
        "latitude": -35.41856,
        "longitude": 149.06827
    },
    "id": "capital-motor-cycle-hire-greenway",
    "image_url": "",
    "is_claimed": false,
    "is_closed": false,
    "location": {
        "address1": "",
        "address2": null,
        "address3": null,
        "city": "Greenway",
        "country": "AU",
        "state": "ACT",
        "zip_code": "2900"
    },
    "name": "Capital Motor Cycle Hire",
    "phone": "+61262934111",
    "photos": [],
    "rating": 0.0,
    "review_count": 0,
    "term": "hotels",
    "url": "https://www.yelp.com/biz/capital-motor-cycle-hire-greenway?adjust_creative=92p07_JjKyriZTQxAXRiKQ&utm_campaign=yelp_api_v3&utm_medium=api_v3_business_lookup&utm_source=92p07_JjKyriZTQxAXRiKQ",
    "uuid": "2105"
}