{
    "categories": [],
    "coordinates": {
        "latitude": -35.4174805,
        "longitude": 149.0614624
    },
    "id": "country-comfort-greenway-greenway",
    "image_url": "https://s3-media4.fl.yelpcdn.com/bphoto/BSZGP064YBaImjTehohuKw/o.jpg",
    "is_claimed": false,
    "is_closed": false,
    "location": {
        "address1": "46 Rowland Rees Crs",
        "address2": null,
        "address3": null,
        "city": "Greenway",
        "country": "AU",
        "state": "ACT",
        "zip_code": "2900"
    },
    "name": "Country Comfort Greenway",
    "phone": "+61262933666",
    "photos": [
        "https://s3-media3.fl.yelpcdn.com/bphoto/BSZGP064YBaImjTehohuKw/o.jpg",
        "https://s3-media1.fl.yelpcdn.com/bphoto/xFydViMic22Pygny3_70Vg/o.jpg",
        "https://s3-media4.fl.yelpcdn.com/bphoto/QN5FBiiyK5NKPnCD5y-mkg/o.jpg"
    ],
    "rating": 0.0,
    "review_count": 0,
    "term": "hotels",
    "url": "https://www.yelp.com/biz/country-comfort-greenway-greenway?adjust_creative=92p07_JjKyriZTQxAXRiKQ&utm_campaign=yelp_api_v3&utm_medium=api_v3_business_lookup&utm_source=92p07_JjKyriZTQxAXRiKQ",
    "uuid": "2880"
}