{
    "categories": [
        {
            "alias": "limos",
            "title": "Limos"
        }
    ],
    "coordinates": {
        "latitude": -35.42656,
        "longitude": 149.12182
    },
    "id": "business-limousines-canberra-bonython",
    "image_url": "",
    "is_claimed": false,
    "is_closed": false,
    "location": {
        "address1": "",
        "address2": null,
        "address3": null,
        "city": "Bonython",
        "country": "AU",
        "state": "ACT",
        "zip_code": "2905"
    },
    "name": "Business Limousines Canberra",
    "phone": "+61412970135",
    "photos": [],
    "rating": 0.0,
    "review_count": 0,
    "term": "hotels",
    "url": "https://www.yelp.com/biz/business-limousines-canberra-bonython?adjust_creative=92p07_JjKyriZTQxAXRiKQ&utm_campaign=yelp_api_v3&utm_medium=api_v3_business_lookup&utm_source=92p07_JjKyriZTQxAXRiKQ",
    "uuid": "1870"
}