{
    "categories": [
        {
            "alias": "italian",
            "title": "Italian"
        }
    ],
    "coordinates": {
        "latitude": -35.3195370225526,
        "longitude": 149.132396915699
    },
    "hours": [
        {
            "hours_type": "REGULAR",
            "is_open_now": false,
            "open": [
                {
                    "day": 0,
                    "end": "1430",
                    "is_overnight": false,
                    "start": "1200"
                },
                {
                    "day": 1,
                    "end": "1430",
                    "is_overnight": false,
                    "start": "1200"
                },
                {
                    "day": 2,
                    "end": "1430",
                    "is_overnight": false,
                    "start": "1200"
                },
                {
                    "day": 3,
                    "end": "1430",
                    "is_overnight": false,
                    "start": "1200"
                },
                {
                    "day": 4,
                    "end": "1430",
                    "is_overnight": false,
                    "start": "1200"
                },
                {
                    "day": 5,
                    "end": "1430",
                    "is_overnight": false,
                    "start": "1200"
                },
                {
                    "day": 6,
                    "end": "1430",
                    "is_overnight": false,
                    "start": "1200"
                }
            ]
        }
    ],
    "id": "bellucis-italian-manuka",
    "image_url": "https://s3-media4.fl.yelpcdn.com/bphoto/GdsXyBKgzcKKOlUwjVHDsw/o.jpg",
    "is_claimed": false,
    "is_closed": false,
    "location": {
        "address1": "Cnr Franklin & Furneaux",
        "address2": "",
        "address3": "",
        "city": "Manuka",
        "country": "AU",
        "state": "ACT",
        "zip_code": "2603"
    },
    "name": "Belluci's Italian",
    "phone": "+61262397424",
    "photos": [
        "https://s3-media1.fl.yelpcdn.com/bphoto/GdsXyBKgzcKKOlUwjVHDsw/o.jpg"
    ],
    "price": "$$",
    "rating": 2.5,
    "review_count": 3,
    "term": "restaurants",
    "url": "https://www.yelp.com/biz/bellucis-italian-manuka?adjust_creative=92p07_JjKyriZTQxAXRiKQ&utm_campaign=yelp_api_v3&utm_medium=api_v3_business_lookup&utm_source=92p07_JjKyriZTQxAXRiKQ",
    "uuid": "1167"
}