{
    "categories": [
        {
            "alias": "australian",
            "title": "Australian"
        }
    ],
    "coordinates": {
        "latitude": -35.319977286607,
        "longitude": 149.13262594944
    },
    "id": "caphs-restaurant-and-cafe-bar-manuka",
    "image_url": "https://s3-media4.fl.yelpcdn.com/bphoto/ApQvM0_bUdH41AQ_-MR-2g/o.jpg",
    "is_claimed": false,
    "is_closed": false,
    "location": {
        "address1": "12 Franklin St",
        "address2": null,
        "address3": null,
        "city": "Manuka",
        "country": "AU",
        "state": "ACT",
        "zip_code": "2603"
    },
    "name": "Caph's Restaurant & Cafe Bar",
    "phone": "+61262959783",
    "photos": [
        "https://s3-media3.fl.yelpcdn.com/bphoto/ApQvM0_bUdH41AQ_-MR-2g/o.jpg",
        "https://s3-media2.fl.yelpcdn.com/bphoto/leQue4n7knrcbiqH0Dl3Tw/o.jpg",
        "https://s3-media2.fl.yelpcdn.com/bphoto/ztl8kT3ZzYYYbFPBb4Emqg/o.jpg"
    ],
    "price": "$$",
    "rating": 3.5,
    "review_count": 6,
    "term": "restaurants",
    "url": "https://www.yelp.com/biz/caphs-restaurant-and-cafe-bar-manuka?adjust_creative=92p07_JjKyriZTQxAXRiKQ&utm_campaign=yelp_api_v3&utm_medium=api_v3_business_lookup&utm_source=92p07_JjKyriZTQxAXRiKQ",
    "uuid": "2095"
}