{
    "categories": [
        {
            "alias": "gluten_free",
            "title": "Gluten-Free"
        },
        {
            "alias": "hotdogs",
            "title": "Fast Food"
        },
        {
            "alias": "vietnamese",
            "title": "Vietnamese"
        }
    ],
    "coordinates": {
        "latitude": -35.32039,
        "longitude": 149.13259
    },
    "hours": [
        {
            "hours_type": "REGULAR",
            "is_open_now": false,
            "open": [
                {
                    "day": 0,
                    "end": "1500",
                    "is_overnight": false,
                    "start": "1130"
                },
                {
                    "day": 0,
                    "end": "2200",
                    "is_overnight": false,
                    "start": "1700"
                },
                {
                    "day": 1,
                    "end": "1500",
                    "is_overnight": false,
                    "start": "1130"
                },
                {
                    "day": 1,
                    "end": "2200",
                    "is_overnight": false,
                    "start": "1700"
                },
                {
                    "day": 2,
                    "end": "1500",
                    "is_overnight": false,
                    "start": "1130"
                },
                {
                    "day": 2,
                    "end": "2200",
                    "is_overnight": false,
                    "start": "1700"
                },
                {
                    "day": 3,
                    "end": "1500",
                    "is_overnight": false,
                    "start": "1130"
                },
                {
                    "day": 3,
                    "end": "2200",
                    "is_overnight": false,
                    "start": "1700"
                },
                {
                    "day": 4,
                    "end": "1500",
                    "is_overnight": false,
                    "start": "1130"
                },
                {
                    "day": 4,
                    "end": "2200",
                    "is_overnight": false,
                    "start": "1700"
                },
                {
                    "day": 5,
                    "end": "2200",
                    "is_overnight": false,
                    "start": "1700"
                },
                {
                    "day": 6,
                    "end": "1500",
                    "is_overnight": false,
                    "start": "1130"
                },
                {
                    "day": 6,
                    "end": "2200",
                    "is_overnight": false,
                    "start": "1700"
                }
            ]
        }
    ],
    "id": "choices-vietnamese-restaurant-manuka",
    "image_url": "https://s3-media3.fl.yelpcdn.com/bphoto/9D8c6AH4gMia14-HuqObCA/o.jpg",
    "is_claimed": false,
    "is_closed": false,
    "location": {
        "address1": "Palmerston Lnway",
        "address2": null,
        "address3": null,
        "city": "Manuka",
        "country": "AU",
        "state": "ACT",
        "zip_code": "2603"
    },
    "name": "Choices Vietnamese Restaurant",
    "phone": "+61262394168",
    "photos": [
        "https://s3-media1.fl.yelpcdn.com/bphoto/9D8c6AH4gMia14-HuqObCA/o.jpg",
        "https://s3-media4.fl.yelpcdn.com/bphoto/ZnuUpTetCsxP1OPc77eJLw/o.jpg",
        "https://s3-media2.fl.yelpcdn.com/bphoto/f5guDDzKTZ9rpPITPRDPAg/o.jpg"
    ],
    "rating": 3.5,
    "review_count": 3,
    "term": "restaurants",
    "url": "https://www.yelp.com/biz/choices-vietnamese-restaurant-manuka?adjust_creative=92p07_JjKyriZTQxAXRiKQ&utm_campaign=yelp_api_v3&utm_medium=api_v3_business_lookup&utm_source=92p07_JjKyriZTQxAXRiKQ",
    "uuid": "2460"
}