{
    "categories": [
        {
            "alias": "restaurants",
            "title": "Restaurants"
        }
    ],
    "coordinates": {
        "latitude": -35.3206406,
        "longitude": 149.1334076
    },
    "id": "ginseng-restaurant-manuka",
    "image_url": "https://s3-media2.fl.yelpcdn.com/bphoto/enzWcyW9gUKYQz2rzuRj6Q/o.jpg",
    "is_claimed": false,
    "is_closed": false,
    "location": {
        "address1": "15 Flinders Way",
        "address2": null,
        "address3": null,
        "city": "Manuka",
        "country": "AU",
        "state": "ACT",
        "zip_code": "2603"
    },
    "name": "Ginseng Restaurant",
    "phone": "+61262608346",
    "photos": [
        "https://s3-media2.fl.yelpcdn.com/bphoto/enzWcyW9gUKYQz2rzuRj6Q/o.jpg"
    ],
    "rating": 1.0,
    "review_count": 1,
    "term": "restaurants",
    "url": "https://www.yelp.com/biz/ginseng-restaurant-manuka?adjust_creative=92p07_JjKyriZTQxAXRiKQ&utm_campaign=yelp_api_v3&utm_medium=api_v3_business_lookup&utm_source=92p07_JjKyriZTQxAXRiKQ",
    "uuid": "4472"
}