{
    "categories": [
        {
            "alias": "restaurants",
            "title": "Restaurants"
        }
    ],
    "coordinates": {
        "latitude": -35.3188286,
        "longitude": 149.1302948
    },
    "id": "jewel-of-india-manuka",
    "image_url": "",
    "is_claimed": false,
    "is_closed": false,
    "location": {
        "address1": "Bougainville St",
        "address2": null,
        "address3": null,
        "city": "Manuka",
        "country": "AU",
        "state": "ACT",
        "zip_code": "2603"
    },
    "name": "Jewel Of India",
    "phone": "+61262957037",
    "photos": [],
    "rating": 3.5,
    "review_count": 2,
    "term": "restaurants",
    "url": "https://www.yelp.com/biz/jewel-of-india-manuka?adjust_creative=92p07_JjKyriZTQxAXRiKQ&utm_campaign=yelp_api_v3&utm_medium=api_v3_business_lookup&utm_source=92p07_JjKyriZTQxAXRiKQ",
    "uuid": "5869"
}