{
    "categories": [
        {
            "alias": "spanish",
            "title": "Spanish"
        },
        {
            "alias": "tapasmallplates",
            "title": "Tapas/Small Plates"
        }
    ],
    "coordinates": {
        "latitude": -35.3166695,
        "longitude": 149.1337433
    },
    "hours": [
        {
            "hours_type": "REGULAR",
            "is_open_now": false,
            "open": [
                {
                    "day": 0,
                    "end": "2300",
                    "is_overnight": false,
                    "start": "1130"
                },
                {
                    "day": 1,
                    "end": "2300",
                    "is_overnight": false,
                    "start": "1130"
                },
                {
                    "day": 2,
                    "end": "2300",
                    "is_overnight": false,
                    "start": "1130"
                },
                {
                    "day": 3,
                    "end": "2300",
                    "is_overnight": false,
                    "start": "1130"
                },
                {
                    "day": 4,
                    "end": "2300",
                    "is_overnight": false,
                    "start": "1130"
                },
                {
                    "day": 5,
                    "end": "2300",
                    "is_overnight": false,
                    "start": "1700"
                }
            ]
        }
    ],
    "id": "legends-spanish-restaurant-manuka-2",
    "image_url": "https://s3-media4.fl.yelpcdn.com/bphoto/8mnLmWnvvf9KYC5Av5i0Sw/o.jpg",
    "is_claimed": false,
    "is_closed": false,
    "location": {
        "address1": "First Fl",
        "address2": "Capitol Theatre Centre, 17 Franklin St",
        "address3": null,
        "city": "Manuka",
        "country": "AU",
        "state": "ACT",
        "zip_code": "2603"
    },
    "name": "Legends Spanish Restaurant",
    "phone": "+61262953966",
    "photos": [
        "https://s3-media2.fl.yelpcdn.com/bphoto/8mnLmWnvvf9KYC5Av5i0Sw/o.jpg"
    ],
    "rating": 4.0,
    "review_count": 1,
    "term": "restaurants",
    "url": "https://www.yelp.com/biz/legends-spanish-restaurant-manuka-2?adjust_creative=92p07_JjKyriZTQxAXRiKQ&utm_campaign=yelp_api_v3&utm_medium=api_v3_business_lookup&utm_source=92p07_JjKyriZTQxAXRiKQ",
    "uuid": "6610"
}