{
    "categories": [
        {
            "alias": "italian",
            "title": "Italian"
        },
        {
            "alias": "pizza",
            "title": "Pizza"
        }
    ],
    "coordinates": {
        "latitude": -35.3209349782961,
        "longitude": 149.132554067397
    },
    "hours": [
        {
            "hours_type": "REGULAR",
            "is_open_now": false,
            "open": [
                {
                    "day": 0,
                    "end": "2130",
                    "is_overnight": false,
                    "start": "1000"
                },
                {
                    "day": 1,
                    "end": "2130",
                    "is_overnight": false,
                    "start": "1000"
                },
                {
                    "day": 2,
                    "end": "2130",
                    "is_overnight": false,
                    "start": "1000"
                },
                {
                    "day": 3,
                    "end": "2130",
                    "is_overnight": false,
                    "start": "1000"
                },
                {
                    "day": 4,
                    "end": "2200",
                    "is_overnight": false,
                    "start": "1000"
                },
                {
                    "day": 5,
                    "end": "2200",
                    "is_overnight": false,
                    "start": "1000"
                }
            ]
        }
    ],
    "id": "le-rendezvous-manuka",
    "image_url": "https://s3-media4.fl.yelpcdn.com/bphoto/M7vKAQKbawEay54v21LoVA/o.jpg",
    "is_claimed": true,
    "is_closed": false,
    "location": {
        "address1": "11 Bouganville St",
        "address2": null,
        "address3": null,
        "city": "Manuka",
        "country": "AU",
        "state": "ACT",
        "zip_code": "2603"
    },
    "name": "Le Rendezvous",
    "phone": "+61262959763",
    "photos": [
        "https://s3-media3.fl.yelpcdn.com/bphoto/M7vKAQKbawEay54v21LoVA/o.jpg",
        "https://s3-media2.fl.yelpcdn.com/bphoto/brg-KxmYTq8pZAAyDdulwQ/o.jpg",
        "https://s3-media3.fl.yelpcdn.com/bphoto/ofVVTp95KTPGWtre6j3Wpw/o.jpg"
    ],
    "price": "$$",
    "rating": 3.5,
    "review_count": 3,
    "term": "restaurants",
    "url": "https://www.yelp.com/biz/le-rendezvous-manuka?adjust_creative=92p07_JjKyriZTQxAXRiKQ&utm_campaign=yelp_api_v3&utm_medium=api_v3_business_lookup&utm_source=92p07_JjKyriZTQxAXRiKQ",
    "uuid": "6577"
}