{
    "categories": [
        {
            "alias": "indpak",
            "title": "Indian"
        }
    ],
    "coordinates": {
        "latitude": -35.3191477504188,
        "longitude": 149.131729046383
    },
    "hours": [
        {
            "hours_type": "REGULAR",
            "is_open_now": false,
            "open": [
                {
                    "day": 0,
                    "end": "2230",
                    "is_overnight": false,
                    "start": "1200"
                },
                {
                    "day": 1,
                    "end": "2230",
                    "is_overnight": false,
                    "start": "1200"
                },
                {
                    "day": 2,
                    "end": "2230",
                    "is_overnight": false,
                    "start": "1200"
                },
                {
                    "day": 3,
                    "end": "2230",
                    "is_overnight": false,
                    "start": "1200"
                },
                {
                    "day": 4,
                    "end": "2230",
                    "is_overnight": false,
                    "start": "1200"
                },
                {
                    "day": 5,
                    "end": "2230",
                    "is_overnight": false,
                    "start": "1730"
                },
                {
                    "day": 6,
                    "end": "2230",
                    "is_overnight": false,
                    "start": "1730"
                }
            ]
        }
    ],
    "id": "punjabi-hut-indian-restaurant-manuka",
    "image_url": "https://s3-media4.fl.yelpcdn.com/bphoto/7QLqWVI3x-9ezMfCbyjTlA/o.jpg",
    "is_claimed": false,
    "is_closed": false,
    "location": {
        "address1": "13 Franklin St",
        "address2": "",
        "address3": "",
        "city": "Manuka",
        "country": "AU",
        "state": "ACT",
        "zip_code": "2603"
    },
    "name": "Punjabi Hut Indian Restaurant",
    "phone": "+61262957122",
    "photos": [
        "https://s3-media3.fl.yelpcdn.com/bphoto/7QLqWVI3x-9ezMfCbyjTlA/o.jpg"
    ],
    "rating": 3.0,
    "review_count": 1,
    "term": "restaurants",
    "url": "https://www.yelp.com/biz/punjabi-hut-indian-restaurant-manuka?adjust_creative=92p07_JjKyriZTQxAXRiKQ&utm_campaign=yelp_api_v3&utm_medium=api_v3_business_lookup&utm_source=92p07_JjKyriZTQxAXRiKQ",
    "uuid": "9243"
}