{
    "categories": [
        {
            "alias": "thai",
            "title": "Thai"
        }
    ],
    "coordinates": {
        "latitude": -35.3198509,
        "longitude": 149.1320953
    },
    "hours": [
        {
            "hours_type": "REGULAR",
            "is_open_now": true,
            "open": [
                {
                    "day": 0,
                    "end": "2200",
                    "is_overnight": false,
                    "start": "1130"
                },
                {
                    "day": 1,
                    "end": "2200",
                    "is_overnight": false,
                    "start": "1130"
                },
                {
                    "day": 2,
                    "end": "2200",
                    "is_overnight": false,
                    "start": "1130"
                },
                {
                    "day": 3,
                    "end": "2200",
                    "is_overnight": false,
                    "start": "1130"
                },
                {
                    "day": 4,
                    "end": "2200",
                    "is_overnight": false,
                    "start": "1130"
                },
                {
                    "day": 5,
                    "end": "2200",
                    "is_overnight": false,
                    "start": "1200"
                },
                {
                    "day": 6,
                    "end": "2200",
                    "is_overnight": false,
                    "start": "1200"
                }
            ]
        }
    ],
    "id": "thai-cornar-manuka",
    "image_url": "https://s3-media2.fl.yelpcdn.com/bphoto/TwCZSxiCx4ZQk181uj4v4A/o.jpg",
    "is_claimed": false,
    "is_closed": false,
    "location": {
        "address1": "16 Furneaux St",
        "address2": "",
        "address3": "",
        "city": "Manuka",
        "country": "AU",
        "state": "ACT",
        "zip_code": "2603"
    },
    "name": "Thai Cornar",
    "phone": "+61295448887",
    "photos": [
        "https://s3-media1.fl.yelpcdn.com/bphoto/TwCZSxiCx4ZQk181uj4v4A/o.jpg"
    ],
    "price": "$$",
    "rating": 5.0,
    "review_count": 1,
    "term": "restaurants",
    "url": "https://www.yelp.com/biz/thai-cornar-manuka?adjust_creative=92p07_JjKyriZTQxAXRiKQ&utm_campaign=yelp_api_v3&utm_medium=api_v3_business_lookup&utm_source=92p07_JjKyriZTQxAXRiKQ",
    "uuid": "11377"
}