{
    "categories": [
        {
            "alias": "pubs",
            "title": "Pubs"
        },
        {
            "alias": "australian",
            "title": "Australian"
        }
    ],
    "coordinates": {
        "latitude": -35.1928758465975,
        "longitude": 149.08641238797
    },
    "hours": [
        {
            "hours_type": "REGULAR",
            "is_open_now": true,
            "open": [
                {
                    "day": 0,
                    "end": "2200",
                    "is_overnight": false,
                    "start": "1100"
                },
                {
                    "day": 1,
                    "end": "2200",
                    "is_overnight": false,
                    "start": "1100"
                },
                {
                    "day": 2,
                    "end": "2200",
                    "is_overnight": false,
                    "start": "1100"
                },
                {
                    "day": 3,
                    "end": "0000",
                    "is_overnight": false,
                    "start": "1100"
                },
                {
                    "day": 4,
                    "end": "0000",
                    "is_overnight": false,
                    "start": "1100"
                },
                {
                    "day": 5,
                    "end": "0000",
                    "is_overnight": false,
                    "start": "1100"
                },
                {
                    "day": 6,
                    "end": "2200",
                    "is_overnight": false,
                    "start": "1100"
                }
            ]
        }
    ],
    "id": "the-george-harcourt-inn-nicholls",
    "image_url": "https://s3-media4.fl.yelpcdn.com/bphoto/6DyvxeWSk8ML9YCMKeYDwQ/o.jpg",
    "is_claimed": false,
    "is_closed": false,
    "location": {
        "address1": "3 Gold Creek Rd",
        "address2": null,
        "address3": null,
        "city": "Nicholls",
        "country": "AU",
        "state": "ACT",
        "zip_code": "2913"
    },
    "name": "The George Harcourt Inn",
    "phone": "+61262302484",
    "photos": [
        "https://s3-media2.fl.yelpcdn.com/bphoto/6DyvxeWSk8ML9YCMKeYDwQ/o.jpg",
        "https://s3-media3.fl.yelpcdn.com/bphoto/_b3TnP_y6kVL2Y3UvvHMqA/o.jpg",
        "https://s3-media3.fl.yelpcdn.com/bphoto/qWHm01dZI7C-tGhRcfrttw/o.jpg"
    ],
    "price": "$$",
    "rating": 4.0,
    "review_count": 4,
    "term": "restaurants",
    "url": "https://www.yelp.com/biz/the-george-harcourt-inn-nicholls?adjust_creative=92p07_JjKyriZTQxAXRiKQ&utm_campaign=yelp_api_v3&utm_medium=api_v3_business_lookup&utm_source=92p07_JjKyriZTQxAXRiKQ",
    "uuid": "11624"
}