{
    "categories": [
        {
            "alias": "transport",
            "title": "Transportation"
        },
        {
            "alias": "couriers",
            "title": "Couriers & Delivery Services"
        }
    ],
    "coordinates": {
        "latitude": -35.4007607,
        "longitude": 149.1576996
    },
    "id": "act-distribution-hume-2",
    "image_url": "",
    "is_claimed": false,
    "is_closed": false,
    "location": {
        "address1": "3 13 Alderson Pl",
        "address2": null,
        "address3": null,
        "city": "Hume",
        "country": "AU",
        "state": "ACT",
        "zip_code": "2620"
    },
    "name": "ACT Distribution",
    "phone": "+61431248734",
    "photos": [],
    "rating": 0.0,
    "review_count": 0,
    "term": "hotels",
    "url": "https://www.yelp.com/biz/act-distribution-hume-2?adjust_creative=92p07_JjKyriZTQxAXRiKQ&utm_campaign=yelp_api_v3&utm_medium=api_v3_business_lookup&utm_source=92p07_JjKyriZTQxAXRiKQ",
    "uuid": "191"
}