{
    "categories": [
        {
            "alias": "transport",
            "title": "Transportation"
        }
    ],
    "coordinates": {
        "latitude": -35.3924103,
        "longitude": 149.1690979
    },
    "id": "john-iannelli-refrigerated-and-general-transport-hume",
    "image_url": "",
    "is_claimed": false,
    "is_closed": false,
    "location": {
        "address1": "16-18 Raws Crs",
        "address2": null,
        "address3": null,
        "city": "Hume",
        "country": "AU",
        "state": "ACT",
        "zip_code": "2620"
    },
    "name": "John Iannelli Refrigerated & General Transport",
    "phone": "+61262601900",
    "photos": [],
    "rating": 0.0,
    "review_count": 0,
    "term": "hotels",
    "url": "https://www.yelp.com/biz/john-iannelli-refrigerated-and-general-transport-hume?adjust_creative=92p07_JjKyriZTQxAXRiKQ&utm_campaign=yelp_api_v3&utm_medium=api_v3_business_lookup&utm_source=92p07_JjKyriZTQxAXRiKQ",
    "uuid": "5913"
}