{
    "categories": [
        {
            "alias": "transport",
            "title": "Transportation"
        }
    ],
    "coordinates": {
        "latitude": -35.3936615,
        "longitude": 149.1660156
    },
    "id": "j-r-global-logistics-hume",
    "image_url": "",
    "is_claimed": false,
    "is_closed": false,
    "location": {
        "address1": "53 Raws Crs",
        "address2": null,
        "address3": null,
        "city": "Hume",
        "country": "AU",
        "state": "ACT",
        "zip_code": "2620"
    },
    "name": "J R Global Logistics",
    "phone": "+61262601002",
    "photos": [],
    "rating": 0.0,
    "review_count": 0,
    "term": "hotels",
    "url": "https://www.yelp.com/biz/j-r-global-logistics-hume?adjust_creative=92p07_JjKyriZTQxAXRiKQ&utm_campaign=yelp_api_v3&utm_medium=api_v3_business_lookup&utm_source=92p07_JjKyriZTQxAXRiKQ",
    "uuid": "5753"
}