{
    "categories": [
        {
            "alias": "transport",
            "title": "Transportation"
        }
    ],
    "coordinates": {
        "latitude": -35.3957787,
        "longitude": 149.157608
    },
    "id": "region-refrigerated-transport-hume",
    "image_url": "",
    "is_claimed": false,
    "is_closed": false,
    "location": {
        "address1": "24 Tralee St",
        "address2": null,
        "address3": null,
        "city": "Hume",
        "country": "AU",
        "state": "ACT",
        "zip_code": "2620"
    },
    "name": "Region Refrigerated Transport",
    "phone": "+61262602600",
    "photos": [],
    "rating": 0.0,
    "review_count": 0,
    "term": "hotels",
    "url": "https://www.yelp.com/biz/region-refrigerated-transport-hume?adjust_creative=92p07_JjKyriZTQxAXRiKQ&utm_campaign=yelp_api_v3&utm_medium=api_v3_business_lookup&utm_source=92p07_JjKyriZTQxAXRiKQ",
    "uuid": "9490"
}