{
    "categories": [
        {
            "alias": "transport",
            "title": "Transportation"
        }
    ],
    "coordinates": {
        "latitude": -35.313221,
        "longitude": 149.131073
    },
    "id": "australian-roadtrain-association-forrest",
    "image_url": "",
    "is_claimed": false,
    "is_closed": false,
    "location": {
        "address1": "Grnd Flr 25 National Cct",
        "address2": null,
        "address3": null,
        "city": "Forrest",
        "country": "AU",
        "state": "ACT",
        "zip_code": "2603"
    },
    "name": "Australian Roadtrain Association",
    "phone": "+61262536965",
    "photos": [],
    "rating": 0.0,
    "review_count": 0,
    "term": "hotels",
    "url": "https://www.yelp.com/biz/australian-roadtrain-association-forrest?adjust_creative=92p07_JjKyriZTQxAXRiKQ&utm_campaign=yelp_api_v3&utm_medium=api_v3_business_lookup&utm_source=92p07_JjKyriZTQxAXRiKQ",
    "uuid": "778"
}