{
    "categories": [
        {
            "alias": "carrental",
            "title": "Car Rental"
        }
    ],
    "coordinates": {
        "latitude": -35.31427,
        "longitude": 149.1298676
    },
    "id": "no-frills-car-rentals-forrest",
    "image_url": "",
    "is_claimed": false,
    "is_closed": false,
    "location": {
        "address1": "Rydges Capital Hill Hotel, Canberra Ave & National Circuit",
        "address2": null,
        "address3": null,
        "city": "Forrest",
        "country": "AU",
        "state": "ACT",
        "zip_code": "2603"
    },
    "name": "No Frills Car Rentals",
    "phone": "+61262956110",
    "photos": [],
    "rating": 0.0,
    "review_count": 0,
    "term": "hotels",
    "url": "https://www.yelp.com/biz/no-frills-car-rentals-forrest?adjust_creative=92p07_JjKyriZTQxAXRiKQ&utm_campaign=yelp_api_v3&utm_medium=api_v3_business_lookup&utm_source=92p07_JjKyriZTQxAXRiKQ",
    "uuid": "8109"
}