{
    "categories": [
        {
            "alias": "hotelstravel",
            "title": "Hotels & Travel"
        }
    ],
    "coordinates": {
        "latitude": -35.2706413,
        "longitude": 149.1308899
    },
    "id": "capital-executive-apartment-hotel-canberra-city",
    "image_url": "https://s3-media4.fl.yelpcdn.com/bphoto/AyP_vVWj4pFBOdtKtdFqIw/o.jpg",
    "is_claimed": false,
    "is_closed": false,
    "location": {
        "address1": "108 Northbourne Ave",
        "address2": null,
        "address3": null,
        "city": "Canberra City",
        "country": "AU",
        "state": "ACT",
        "zip_code": "2601"
    },
    "name": "Capital Executive Apartment Hotel",
    "phone": "+611800026129",
    "photos": [
        "https://s3-media3.fl.yelpcdn.com/bphoto/AyP_vVWj4pFBOdtKtdFqIw/o.jpg",
        "https://s3-media2.fl.yelpcdn.com/bphoto/im2LwWeydM-bkDIWQpKNgw/o.jpg",
        "https://s3-media4.fl.yelpcdn.com/bphoto/g8nkysZIZbVnzLFq97TFmQ/o.jpg"
    ],
    "rating": 0.0,
    "review_count": 0,
    "term": "hotels",
    "url": "https://www.yelp.com/biz/capital-executive-apartment-hotel-canberra-city?adjust_creative=92p07_JjKyriZTQxAXRiKQ&utm_campaign=yelp_api_v3&utm_medium=api_v3_business_lookup&utm_source=92p07_JjKyriZTQxAXRiKQ",
    "uuid": "2102"
}