{
    "categories": [
        {
            "alias": "hotels",
            "title": "Hotels"
        }
    ],
    "coordinates": {
        "latitude": -35.27034,
        "longitude": 149.1307526
    },
    "id": "flag-international-ltd-canberra-city",
    "image_url": "",
    "is_claimed": false,
    "is_closed": false,
    "location": {
        "address1": "108 Northbourne Ave & Cnr Girrahween St",
        "address2": null,
        "address3": null,
        "city": "Canberra City",
        "country": "AU",
        "state": "ACT",
        "zip_code": "2601"
    },
    "name": "Flag International Ltd",
    "phone": "+611800026129",
    "photos": [],
    "rating": 0.0,
    "review_count": 0,
    "term": "hotels",
    "url": "https://www.yelp.com/biz/flag-international-ltd-canberra-city?adjust_creative=92p07_JjKyriZTQxAXRiKQ&utm_campaign=yelp_api_v3&utm_medium=api_v3_business_lookup&utm_source=92p07_JjKyriZTQxAXRiKQ",
    "uuid": "4049"
}