{
    "categories": [
        {
            "alias": "travelservices",
            "title": "Travel Services"
        }
    ],
    "coordinates": {
        "latitude": -35.2892799,
        "longitude": 149.1264343
    },
    "id": "national-capital-exhibition-canberra-city-2",
    "image_url": "https://s3-media4.fl.yelpcdn.com/bphoto/p3ZqrzmMz_DMSe6x4AQOmA/o.jpg",
    "is_claimed": false,
    "is_closed": false,
    "location": {
        "address1": "Commonwealth Park Barrine Drv",
        "address2": null,
        "address3": null,
        "city": "Canberra City",
        "country": "AU",
        "state": "ACT",
        "zip_code": "2601"
    },
    "name": "National Capital Exhibition",
    "phone": "+61262722902",
    "photos": [
        "https://s3-media4.fl.yelpcdn.com/bphoto/p3ZqrzmMz_DMSe6x4AQOmA/o.jpg",
        "https://s3-media1.fl.yelpcdn.com/bphoto/2MVWqYNrUbGYfUr7Q60aNQ/o.jpg",
        "https://s3-media1.fl.yelpcdn.com/bphoto/QY7jq4hBkoEevi8RkjmBQg/o.jpg"
    ],
    "rating": 0.0,
    "review_count": 0,
    "term": "hotels",
    "url": "https://www.yelp.com/biz/national-capital-exhibition-canberra-city-2?adjust_creative=92p07_JjKyriZTQxAXRiKQ&utm_campaign=yelp_api_v3&utm_medium=api_v3_business_lookup&utm_source=92p07_JjKyriZTQxAXRiKQ",
    "uuid": "7932"
}