{
    "categories": [
        {
            "alias": "travelservices",
            "title": "Travel Services"
        }
    ],
    "coordinates": {
        "latitude": -35.4162483,
        "longitude": 149.1269073
    },
    "id": "k-m-i-exhibitions-chisholm",
    "image_url": "",
    "is_claimed": false,
    "is_closed": false,
    "location": {
        "address1": "9 Rapke Pl",
        "address2": null,
        "address3": null,
        "city": "Chisholm",
        "country": "AU",
        "state": "ACT",
        "zip_code": "2905"
    },
    "name": "K M I Exhibitions",
    "phone": "+61262914904",
    "photos": [],
    "rating": 0.0,
    "review_count": 0,
    "term": "hotels",
    "url": "https://www.yelp.com/biz/k-m-i-exhibitions-chisholm?adjust_creative=92p07_JjKyriZTQxAXRiKQ&utm_campaign=yelp_api_v3&utm_medium=api_v3_business_lookup&utm_source=92p07_JjKyriZTQxAXRiKQ",
    "uuid": "5990"
}