{
    "categories": [
        {
            "alias": "coffee",
            "title": "Coffee & Tea"
        },
        {
            "alias": "breakfast_brunch",
            "title": "Breakfast & Brunch"
        },
        {
            "alias": "cafes",
            "title": "Cafes"
        }
    ],
    "coordinates": {
        "latitude": -35.320498,
        "longitude": 149.097298
    },
    "hours": [
        {
            "hours_type": "REGULAR",
            "is_open_now": false,
            "open": [
                {
                    "day": 0,
                    "end": "1600",
                    "is_overnight": false,
                    "start": "0700"
                },
                {
                    "day": 1,
                    "end": "1600",
                    "is_overnight": false,
                    "start": "0700"
                },
                {
                    "day": 2,
                    "end": "1600",
                    "is_overnight": false,
                    "start": "0700"
                },
                {
                    "day": 3,
                    "end": "1600",
                    "is_overnight": false,
                    "start": "0700"
                },
                {
                    "day": 4,
                    "end": "2200",
                    "is_overnight": false,
                    "start": "0700"
                },
                {
                    "day": 5,
                    "end": "1400",
                    "is_overnight": false,
                    "start": "0700"
                }
            ]
        }
    ],
    "id": "cafe-eq-and-lounge-deakin",
    "image_url": "https://s3-media1.fl.yelpcdn.com/bphoto/lq49NlU35LB23InBtwtJmQ/o.jpg",
    "is_claimed": false,
    "is_closed": false,
    "location": {
        "address1": "70 Kent St",
        "address2": "",
        "address3": "",
        "city": "Deakin",
        "country": "AU",
        "state": "ACT",
        "zip_code": "2600"
    },
    "name": "Cafe Eq & Lounge",
    "phone": "+61261611666",
    "photos": [
        "https://s3-media3.fl.yelpcdn.com/bphoto/lq49NlU35LB23InBtwtJmQ/o.jpg"
    ],
    "price": "$$",
    "rating": 4.5,
    "review_count": 3,
    "term": "restaurants",
    "url": "https://www.yelp.com/biz/cafe-eq-and-lounge-deakin?adjust_creative=92p07_JjKyriZTQxAXRiKQ&utm_campaign=yelp_api_v3&utm_medium=api_v3_business_lookup&utm_source=92p07_JjKyriZTQxAXRiKQ",
    "uuid": "1943"
}