{
    "categories": [
        {
            "alias": "restaurants",
            "title": "Restaurants"
        }
    ],
    "coordinates": {
        "latitude": -35.3147316,
        "longitude": 149.1075592
    },
    "id": "deakin-thai-cuisine-deakin",
    "image_url": "",
    "is_claimed": false,
    "is_closed": false,
    "location": {
        "address1": "Duff Pl",
        "address2": null,
        "address3": null,
        "city": "Deakin",
        "country": "AU",
        "state": "ACT",
        "zip_code": "2600"
    },
    "name": "Deakin Thai Cuisine",
    "phone": "+61262603100",
    "photos": [],
    "rating": 5.0,
    "review_count": 1,
    "term": "restaurants",
    "url": "https://www.yelp.com/biz/deakin-thai-cuisine-deakin?adjust_creative=92p07_JjKyriZTQxAXRiKQ&utm_campaign=yelp_api_v3&utm_medium=api_v3_business_lookup&utm_source=92p07_JjKyriZTQxAXRiKQ",
    "uuid": "3172"
}