{
    "categories": [
        {
            "alias": "coffee",
            "title": "Coffee & Tea"
        },
        {
            "alias": "breakfast_brunch",
            "title": "Breakfast & Brunch"
        },
        {
            "alias": "modern_australian",
            "title": "Modern Australian"
        }
    ],
    "coordinates": {
        "latitude": -35.3148219,
        "longitude": 149.1083935
    },
    "hours": [
        {
            "hours_type": "REGULAR",
            "is_open_now": false,
            "open": [
                {
                    "day": 0,
                    "end": "1700",
                    "is_overnight": false,
                    "start": "0700"
                },
                {
                    "day": 1,
                    "end": "1700",
                    "is_overnight": false,
                    "start": "0700"
                },
                {
                    "day": 2,
                    "end": "1700",
                    "is_overnight": false,
                    "start": "0700"
                },
                {
                    "day": 3,
                    "end": "1700",
                    "is_overnight": false,
                    "start": "0700"
                },
                {
                    "day": 4,
                    "end": "1700",
                    "is_overnight": false,
                    "start": "0700"
                },
                {
                    "day": 5,
                    "end": "1600",
                    "is_overnight": false,
                    "start": "0700"
                },
                {
                    "day": 6,
                    "end": "1600",
                    "is_overnight": false,
                    "start": "0700"
                }
            ]
        }
    ],
    "id": "double-shot-deakin",
    "image_url": "https://s3-media1.fl.yelpcdn.com/bphoto/dW2V6YWwDq8-e5YSromspw/o.jpg",
    "is_claimed": false,
    "is_closed": false,
    "location": {
        "address1": "Shop 7",
        "address2": "Deakin Ct",
        "address3": "",
        "city": "Deakin",
        "country": "AU",
        "state": "ACT",
        "zip_code": "2600"
    },
    "name": "Double Shot",
    "phone": "+6161622027",
    "photos": [
        "https://s3-media3.fl.yelpcdn.com/bphoto/dW2V6YWwDq8-e5YSromspw/o.jpg",
        "https://s3-media1.fl.yelpcdn.com/bphoto/umGZ2OCUAvEAjT7LKGE3Ww/o.jpg",
        "https://s3-media1.fl.yelpcdn.com/bphoto/xJ7FUxQNS8OAu6U7X-OMEg/o.jpg"
    ],
    "price": "$$",
    "rating": 4.5,
    "review_count": 4,
    "term": "restaurants",
    "url": "https://www.yelp.com/biz/double-shot-deakin?adjust_creative=92p07_JjKyriZTQxAXRiKQ&utm_campaign=yelp_api_v3&utm_medium=api_v3_business_lookup&utm_source=92p07_JjKyriZTQxAXRiKQ",
    "uuid": "3398"
}