{
    "categories": [
        {
            "alias": "italian",
            "title": "Italian"
        },
        {
            "alias": "pizza",
            "title": "Pizza"
        }
    ],
    "coordinates": {
        "latitude": -35.3146975305503,
        "longitude": 149.108028948484
    },
    "hours": [
        {
            "hours_type": "REGULAR",
            "is_open_now": false,
            "open": [
                {
                    "day": 0,
                    "end": "0000",
                    "is_overnight": false,
                    "start": "1700"
                },
                {
                    "day": 1,
                    "end": "0000",
                    "is_overnight": false,
                    "start": "1700"
                },
                {
                    "day": 2,
                    "end": "0000",
                    "is_overnight": false,
                    "start": "1700"
                },
                {
                    "day": 3,
                    "end": "0000",
                    "is_overnight": false,
                    "start": "1700"
                },
                {
                    "day": 4,
                    "end": "0000",
                    "is_overnight": false,
                    "start": "1700"
                },
                {
                    "day": 5,
                    "end": "0000",
                    "is_overnight": false,
                    "start": "1700"
                },
                {
                    "day": 6,
                    "end": "0000",
                    "is_overnight": false,
                    "start": "1700"
                }
            ]
        }
    ],
    "id": "locale-pizzeria-deakin",
    "image_url": "https://s3-media3.fl.yelpcdn.com/bphoto/zjBI30kXhUt2FhrFREy45w/o.jpg",
    "is_claimed": false,
    "is_closed": false,
    "location": {
        "address1": "Shop 5, Hopetoun Circuit",
        "address2": "",
        "address3": "",
        "city": "Deakin",
        "country": "AU",
        "state": "ACT",
        "zip_code": "2600"
    },
    "name": "Locale Pizzeria",
    "phone": "+61261622888",
    "photos": [
        "https://s3-media1.fl.yelpcdn.com/bphoto/zjBI30kXhUt2FhrFREy45w/o.jpg",
        "https://s3-media3.fl.yelpcdn.com/bphoto/AmDQ4J88k3O6shjiXB_x-w/o.jpg",
        "https://s3-media1.fl.yelpcdn.com/bphoto/wKYgH5R3RaIajtXjV-uXBg/o.jpg"
    ],
    "price": "$$",
    "rating": 3.5,
    "review_count": 5,
    "term": "restaurants",
    "url": "https://www.yelp.com/biz/locale-pizzeria-deakin?adjust_creative=92p07_JjKyriZTQxAXRiKQ&utm_campaign=yelp_api_v3&utm_medium=api_v3_business_lookup&utm_source=92p07_JjKyriZTQxAXRiKQ",
    "uuid": "6783"
}