{
    "categories": [
        {
            "alias": "cafes",
            "title": "Cafes"
        }
    ],
    "coordinates": {
        "latitude": -35.3207512,
        "longitude": 149.094223
    },
    "hours": [
        {
            "hours_type": "REGULAR",
            "is_open_now": true,
            "open": [
                {
                    "day": 1,
                    "end": "1700",
                    "is_overnight": false,
                    "start": "1000"
                },
                {
                    "day": 2,
                    "end": "1700",
                    "is_overnight": false,
                    "start": "1000"
                },
                {
                    "day": 3,
                    "end": "1700",
                    "is_overnight": false,
                    "start": "1000"
                },
                {
                    "day": 4,
                    "end": "1700",
                    "is_overnight": false,
                    "start": "1000"
                },
                {
                    "day": 5,
                    "end": "1700",
                    "is_overnight": false,
                    "start": "0900"
                },
                {
                    "day": 6,
                    "end": "1700",
                    "is_overnight": false,
                    "start": "0900"
                }
            ]
        }
    ],
    "id": "palette-cafe-deakin",
    "image_url": "https://s3-media1.fl.yelpcdn.com/bphoto/l7ZQC7v5kQ03Vv25sGQKFw/o.jpg",
    "is_claimed": false,
    "is_closed": false,
    "location": {
        "address1": "81 Denison St",
        "address2": null,
        "address3": null,
        "city": "Deakin",
        "country": "AU",
        "state": "ACT",
        "zip_code": "2600"
    },
    "name": "Palette Cafe",
    "phone": "+61262828416",
    "photos": [
        "https://s3-media4.fl.yelpcdn.com/bphoto/l7ZQC7v5kQ03Vv25sGQKFw/o.jpg",
        "https://s3-media3.fl.yelpcdn.com/bphoto/Ppi5MPKhI11KfBpmYE5jXA/o.jpg",
        "https://s3-media1.fl.yelpcdn.com/bphoto/X7OYgBx2cInZ2XBt6DQVpQ/o.jpg"
    ],
    "price": "$$",
    "rating": 5.0,
    "review_count": 1,
    "term": "restaurants",
    "url": "https://www.yelp.com/biz/palette-cafe-deakin?adjust_creative=92p07_JjKyriZTQxAXRiKQ&utm_campaign=yelp_api_v3&utm_medium=api_v3_business_lookup&utm_source=92p07_JjKyriZTQxAXRiKQ",
    "uuid": "8542"
}