{
    "categories": [
        {
            "alias": "hotels",
            "title": "Hotels"
        }
    ],
    "coordinates": {
        "latitude": -35.310654,
        "longitude": 149.189734
    },
    "id": "qantas-club-canberra-canberra-international-airport",
    "image_url": "",
    "is_claimed": false,
    "is_closed": false,
    "location": {
        "address1": "Canberra Airport",
        "address2": "2 Brindabella Circuit",
        "address3": "",
        "city": "Canberra International Airport",
        "country": "AU",
        "state": "ACT",
        "zip_code": "2609"
    },
    "name": "Qantas Club Canberra",
    "phone": "+61262755405",
    "photos": [],
    "price": "$$",
    "rating": 0.0,
    "review_count": 0,
    "term": "hotels",
    "url": "https://www.yelp.com/biz/qantas-club-canberra-canberra-international-airport?adjust_creative=92p07_JjKyriZTQxAXRiKQ&utm_campaign=yelp_api_v3&utm_medium=api_v3_business_lookup&utm_source=92p07_JjKyriZTQxAXRiKQ",
    "uuid": "9270"
}