{
    "categories": [
        {
            "alias": "indpak",
            "title": "Indian"
        }
    ],
    "coordinates": {
        "latitude": -35.1747017,
        "longitude": 149.1196289
    },
    "hours": [
        {
            "hours_type": "REGULAR",
            "is_open_now": false,
            "open": [
                {
                    "day": 0,
                    "end": "2200",
                    "is_overnight": false,
                    "start": "1730"
                },
                {
                    "day": 1,
                    "end": "2200",
                    "is_overnight": false,
                    "start": "1730"
                },
                {
                    "day": 2,
                    "end": "2200",
                    "is_overnight": false,
                    "start": "1730"
                },
                {
                    "day": 3,
                    "end": "2200",
                    "is_overnight": false,
                    "start": "1730"
                },
                {
                    "day": 4,
                    "end": "2200",
                    "is_overnight": false,
                    "start": "1730"
                },
                {
                    "day": 5,
                    "end": "2200",
                    "is_overnight": false,
                    "start": "1730"
                },
                {
                    "day": 6,
                    "end": "2200",
                    "is_overnight": false,
                    "start": "1730"
                }
            ]
        }
    ],
    "id": "mirchi-indian-cuisine-ngunnawal",
    "image_url": "",
    "is_claimed": true,
    "is_closed": false,
    "location": {
        "address1": "4 Riley Cl",
        "address2": null,
        "address3": null,
        "city": "Ngunnawal",
        "country": "AU",
        "state": "ACT",
        "zip_code": "2913"
    },
    "name": "Mirchi Indian Cuisine",
    "phone": "+61262410011",
    "photos": [],
    "price": "$$$",
    "rating": 4.0,
    "review_count": 3,
    "term": "restaurants",
    "url": "https://www.yelp.com/biz/mirchi-indian-cuisine-ngunnawal?adjust_creative=92p07_JjKyriZTQxAXRiKQ&utm_campaign=yelp_api_v3&utm_medium=api_v3_business_lookup&utm_source=92p07_JjKyriZTQxAXRiKQ",
    "uuid": "7574"
}