{
    "categories": [
        {
            "alias": "transport",
            "title": "Transportation"
        }
    ],
    "coordinates": {
        "latitude": -35.3311996,
        "longitude": 149.0415955
    },
    "id": "southern-sullage-holder",
    "image_url": "",
    "is_claimed": false,
    "is_closed": false,
    "location": {
        "address1": "7 Cardew Crs",
        "address2": null,
        "address3": null,
        "city": "Holder",
        "country": "AU",
        "state": "ACT",
        "zip_code": "2611"
    },
    "name": "Southern Sullage",
    "phone": "+61262888017",
    "photos": [],
    "rating": 0.0,
    "review_count": 0,
    "term": "hotels",
    "url": "https://www.yelp.com/biz/southern-sullage-holder?adjust_creative=92p07_JjKyriZTQxAXRiKQ&utm_campaign=yelp_api_v3&utm_medium=api_v3_business_lookup&utm_source=92p07_JjKyriZTQxAXRiKQ",
    "uuid": "10634"
}