{
    "categories": [
        {
            "alias": "travelservices",
            "title": "Travel Services"
        }
    ],
    "coordinates": {
        "latitude": -35.2508202,
        "longitude": 149.1375275
    },
    "id": "act-world-travel-service-dickson",
    "image_url": "https://s3-media2.fl.yelpcdn.com/bphoto/Xq3GDwKU4QYAyWu9A9EdnQ/o.jpg",
    "is_claimed": false,
    "is_closed": false,
    "location": {
        "address1": "5 Badham St",
        "address2": null,
        "address3": null,
        "city": "Dickson",
        "country": "AU",
        "state": "ACT",
        "zip_code": "2602"
    },
    "name": "ACT World Travel Service",
    "phone": "+61262628388",
    "photos": [
        "https://s3-media3.fl.yelpcdn.com/bphoto/Xq3GDwKU4QYAyWu9A9EdnQ/o.jpg",
        "https://s3-media2.fl.yelpcdn.com/bphoto/EBnWhlTSaByxsJcqGeFAAg/o.jpg"
    ],
    "rating": 0.0,
    "review_count": 0,
    "term": "hotels",
    "url": "https://www.yelp.com/biz/act-world-travel-service-dickson?adjust_creative=92p07_JjKyriZTQxAXRiKQ&utm_campaign=yelp_api_v3&utm_medium=api_v3_business_lookup&utm_source=92p07_JjKyriZTQxAXRiKQ",
    "uuid": "193"
}