{
    "categories": [
        {
            "alias": "travelservices",
            "title": "Travel Services"
        }
    ],
    "coordinates": {
        "latitude": -35.2555008,
        "longitude": 149.1333466
    },
    "id": "canberra-and-region-visitors-centre-dickson",
    "image_url": "",
    "is_claimed": false,
    "is_closed": false,
    "location": {
        "address1": "330 Northbourne Ave",
        "address2": null,
        "address3": null,
        "city": "Dickson",
        "country": "AU",
        "state": "ACT",
        "zip_code": "2602"
    },
    "name": "Canberra & Region Visitors Centre",
    "phone": "+611300554114",
    "photos": [],
    "rating": 0.0,
    "review_count": 0,
    "term": "hotels",
    "url": "https://www.yelp.com/biz/canberra-and-region-visitors-centre-dickson?adjust_creative=92p07_JjKyriZTQxAXRiKQ&utm_campaign=yelp_api_v3&utm_medium=api_v3_business_lookup&utm_source=92p07_JjKyriZTQxAXRiKQ",
    "uuid": "2061"
}