{
    "categories": [
        {
            "alias": "limos",
            "title": "Limos"
        }
    ],
    "coordinates": {
        "latitude": -35.25211,
        "longitude": 149.14295
    },
    "id": "national-capital-limousines-dickson",
    "image_url": "",
    "is_claimed": false,
    "is_closed": false,
    "location": {
        "address1": "",
        "address2": null,
        "address3": null,
        "city": "Dickson",
        "country": "AU",
        "state": "ACT",
        "zip_code": "2602"
    },
    "name": "National Capital Limousines",
    "phone": "+61262475591",
    "photos": [],
    "rating": 0.0,
    "review_count": 0,
    "term": "hotels",
    "url": "https://www.yelp.com/biz/national-capital-limousines-dickson?adjust_creative=92p07_JjKyriZTQxAXRiKQ&utm_campaign=yelp_api_v3&utm_medium=api_v3_business_lookup&utm_source=92p07_JjKyriZTQxAXRiKQ",
    "uuid": "7933"
}