{
    "categories": [
        {
            "alias": "venues",
            "title": "Venues & Event Spaces"
        }
    ],
    "coordinates": {
        "latitude": -35.2494316,
        "longitude": 149.1461639
    },
    "hours": [
        {
            "hours_type": "REGULAR",
            "is_open_now": true,
            "open": [
                {
                    "day": 0,
                    "end": "2230",
                    "is_overnight": false,
                    "start": "0700"
                },
                {
                    "day": 1,
                    "end": "2230",
                    "is_overnight": false,
                    "start": "0700"
                },
                {
                    "day": 2,
                    "end": "2230",
                    "is_overnight": false,
                    "start": "0700"
                },
                {
                    "day": 3,
                    "end": "2230",
                    "is_overnight": false,
                    "start": "0700"
                },
                {
                    "day": 4,
                    "end": "2100",
                    "is_overnight": false,
                    "start": "0700"
                },
                {
                    "day": 5,
                    "end": "2100",
                    "is_overnight": false,
                    "start": "0800"
                },
                {
                    "day": 6,
                    "end": "2100",
                    "is_overnight": false,
                    "start": "0800"
                }
            ]
        }
    ],
    "id": "parklands-apartments-dickson-dickson",
    "image_url": "https://s3-media2.fl.yelpcdn.com/bphoto/ITZEvyhzM-XUhJg712zMvA/o.jpg",
    "is_claimed": true,
    "is_closed": false,
    "location": {
        "address1": "6 Hawdon Pl",
        "address2": null,
        "address3": null,
        "city": "Dickson",
        "country": "AU",
        "state": "ACT",
        "zip_code": "2602"
    },
    "name": "Parklands Apartments Dickson",
    "phone": "+61262627000",
    "photos": [
        "https://s3-media4.fl.yelpcdn.com/bphoto/ITZEvyhzM-XUhJg712zMvA/o.jpg",
        "https://s3-media1.fl.yelpcdn.com/bphoto/Y0uG6G8_1uUwBPxJEAk3_A/o.jpg",
        "https://s3-media1.fl.yelpcdn.com/bphoto/GYqlnvWGrXZgoXudrE_I2A/o.jpg"
    ],
    "rating": 0.0,
    "review_count": 0,
    "term": "hotels",
    "url": "https://www.yelp.com/biz/parklands-apartments-dickson-dickson?adjust_creative=92p07_JjKyriZTQxAXRiKQ&utm_campaign=yelp_api_v3&utm_medium=api_v3_business_lookup&utm_source=92p07_JjKyriZTQxAXRiKQ",
    "uuid": "8680"
}