{
    "categories": [
        {
            "alias": "cafes",
            "title": "Cafes"
        },
        {
            "alias": "persian",
            "title": "Persian/Iranian"
        }
    ],
    "coordinates": {
        "latitude": -35.1769485,
        "longitude": 149.1351166
    },
    "hours": [
        {
            "hours_type": "REGULAR",
            "is_open_now": true,
            "open": [
                {
                    "day": 1,
                    "end": "2130",
                    "is_overnight": false,
                    "start": "0900"
                },
                {
                    "day": 2,
                    "end": "2130",
                    "is_overnight": false,
                    "start": "0900"
                },
                {
                    "day": 3,
                    "end": "2130",
                    "is_overnight": false,
                    "start": "0900"
                },
                {
                    "day": 4,
                    "end": "2200",
                    "is_overnight": false,
                    "start": "0900"
                },
                {
                    "day": 5,
                    "end": "2200",
                    "is_overnight": false,
                    "start": "0900"
                },
                {
                    "day": 6,
                    "end": "2130",
                    "is_overnight": false,
                    "start": "0900"
                }
            ]
        }
    ],
    "id": "saffron-room-gungahlin",
    "image_url": "https://s3-media4.fl.yelpcdn.com/bphoto/Gk935OM992jioj-LEpohJA/o.jpg",
    "is_claimed": false,
    "is_closed": false,
    "location": {
        "address1": "57A Nellie Hamilton Ave",
        "address2": "",
        "address3": "",
        "city": "Gungahlin",
        "country": "AU",
        "state": "ACT",
        "zip_code": "2912"
    },
    "name": "Saffron Room",
    "phone": "+61262622997",
    "photos": [
        "https://s3-media2.fl.yelpcdn.com/bphoto/Gk935OM992jioj-LEpohJA/o.jpg",
        "https://s3-media2.fl.yelpcdn.com/bphoto/8P9X5ZrlT1tF7zPf2O3QfQ/o.jpg",
        "https://s3-media3.fl.yelpcdn.com/bphoto/Xgay1rrrxPH455jKKi0hoQ/o.jpg"
    ],
    "rating": 5.0,
    "review_count": 2,
    "term": "restaurants",
    "url": "https://www.yelp.com/biz/saffron-room-gungahlin?adjust_creative=92p07_JjKyriZTQxAXRiKQ&utm_campaign=yelp_api_v3&utm_medium=api_v3_business_lookup&utm_source=92p07_JjKyriZTQxAXRiKQ",
    "uuid": "9911"
}