{
    "categories": [
        {
            "alias": "travelservices",
            "title": "Travel Services"
        }
    ],
    "coordinates": {
        "latitude": -35.3642006,
        "longitude": 149.0953064
    },
    "id": "maria-slater-travel-mawson",
    "image_url": "",
    "is_claimed": false,
    "is_closed": false,
    "location": {
        "address1": "BLOCK 3 Southlands Shopping Cntr",
        "address2": null,
        "address3": null,
        "city": "Mawson",
        "country": "AU",
        "state": "ACT",
        "zip_code": "2607"
    },
    "name": "Maria Slater Travel",
    "phone": "+61262907700",
    "photos": [],
    "rating": 0.0,
    "review_count": 0,
    "term": "hotels",
    "url": "https://www.yelp.com/biz/maria-slater-travel-mawson?adjust_creative=92p07_JjKyriZTQxAXRiKQ&utm_campaign=yelp_api_v3&utm_medium=api_v3_business_lookup&utm_source=92p07_JjKyriZTQxAXRiKQ",
    "uuid": "7217"
}