{
    "categories": [
        {
            "alias": "travelservices",
            "title": "Travel Services"
        }
    ],
    "coordinates": {
        "latitude": -35.3648875922331,
        "longitude": 149.094229846033
    },
    "hours": [
        {
            "hours_type": "REGULAR",
            "is_open_now": false,
            "open": [
                {
                    "day": 0,
                    "end": "1730",
                    "is_overnight": false,
                    "start": "0900"
                },
                {
                    "day": 1,
                    "end": "1730",
                    "is_overnight": false,
                    "start": "0900"
                },
                {
                    "day": 2,
                    "end": "1730",
                    "is_overnight": false,
                    "start": "0900"
                },
                {
                    "day": 3,
                    "end": "1730",
                    "is_overnight": false,
                    "start": "0900"
                },
                {
                    "day": 4,
                    "end": "1730",
                    "is_overnight": false,
                    "start": "0900"
                },
                {
                    "day": 5,
                    "end": "1230",
                    "is_overnight": false,
                    "start": "0900"
                }
            ]
        }
    ],
    "id": "southlands-travel-and-cruise-mawson",
    "image_url": "https://s3-media4.fl.yelpcdn.com/bphoto/Q72RTN6XvF8zCQ8z6y7xRw/o.jpg",
    "is_claimed": true,
    "is_closed": false,
    "location": {
        "address1": "Quality Centre Unit 6, 93 Mawson Pl",
        "address2": null,
        "address3": null,
        "city": "Mawson",
        "country": "AU",
        "state": "ACT",
        "zip_code": "2607"
    },
    "name": "Southlands Travel & Cruise",
    "phone": "+61262865540",
    "photos": [
        "https://s3-media2.fl.yelpcdn.com/bphoto/Q72RTN6XvF8zCQ8z6y7xRw/o.jpg",
        "https://s3-media2.fl.yelpcdn.com/bphoto/mGB-2Q6WUyuiLJOsN-4VYQ/o.jpg",
        "https://s3-media2.fl.yelpcdn.com/bphoto/aSn-uF9P_tyHTgR-WoQ_4Q/o.jpg"
    ],
    "rating": 0.0,
    "review_count": 0,
    "term": "hotels",
    "url": "https://www.yelp.com/biz/southlands-travel-and-cruise-mawson?adjust_creative=92p07_JjKyriZTQxAXRiKQ&utm_campaign=yelp_api_v3&utm_medium=api_v3_business_lookup&utm_source=92p07_JjKyriZTQxAXRiKQ",
    "uuid": "10635"
}