{
    "categories": [
        {
            "alias": "hotels",
            "title": "Hotels"
        }
    ],
    "coordinates": {
        "latitude": -35.1622581,
        "longitude": 148.9828033
    },
    "id": "last-stop-ambledown-brook-hall",
    "image_url": "",
    "is_claimed": false,
    "is_closed": false,
    "location": {
        "address1": "Brooklands Rd",
        "address2": null,
        "address3": null,
        "city": "Hall",
        "country": "AU",
        "state": "ACT",
        "zip_code": "2618"
    },
    "name": "Last Stop Ambledown Brook",
    "phone": "+61262302280",
    "photos": [],
    "rating": 0.0,
    "review_count": 0,
    "term": "hotels",
    "url": "https://www.yelp.com/biz/last-stop-ambledown-brook-hall?adjust_creative=92p07_JjKyriZTQxAXRiKQ&utm_campaign=yelp_api_v3&utm_medium=api_v3_business_lookup&utm_source=92p07_JjKyriZTQxAXRiKQ",
    "uuid": "6518"
}