{
    "categories": [
        {
            "alias": "cafes",
            "title": "Cafes"
        },
        {
            "alias": "breakfast_brunch",
            "title": "Breakfast & Brunch"
        }
    ],
    "coordinates": {
        "latitude": -35.277929202535,
        "longitude": 149.13185556436
    },
    "hours": [
        {
            "hours_type": "REGULAR",
            "is_open_now": true,
            "open": [
                {
                    "day": 0,
                    "end": "2000",
                    "is_overnight": false,
                    "start": "0700"
                },
                {
                    "day": 1,
                    "end": "2000",
                    "is_overnight": false,
                    "start": "0700"
                },
                {
                    "day": 2,
                    "end": "2000",
                    "is_overnight": false,
                    "start": "0700"
                },
                {
                    "day": 3,
                    "end": "2000",
                    "is_overnight": false,
                    "start": "0700"
                },
                {
                    "day": 4,
                    "end": "2000",
                    "is_overnight": false,
                    "start": "0700"
                },
                {
                    "day": 5,
                    "end": "2000",
                    "is_overnight": false,
                    "start": "0700"
                },
                {
                    "day": 6,
                    "end": "2000",
                    "is_overnight": false,
                    "start": "0700"
                }
            ]
        }
    ],
    "id": "cafe-essen-canberra-city",
    "image_url": "https://s3-media1.fl.yelpcdn.com/bphoto/w4iInISSbJB5kEVD0cXTYA/o.jpg",
    "is_claimed": false,
    "is_closed": false,
    "location": {
        "address1": "6 Garema Pl",
        "address2": null,
        "address3": null,
        "city": "Canberra City",
        "country": "AU",
        "state": "ACT",
        "zip_code": "2601"
    },
    "name": "Cafe Essen",
    "phone": "+61262489300",
    "photos": [
        "https://s3-media2.fl.yelpcdn.com/bphoto/w4iInISSbJB5kEVD0cXTYA/o.jpg",
        "https://s3-media4.fl.yelpcdn.com/bphoto/KX7OEIh7LV4yPgHqpqJUtw/o.jpg",
        "https://s3-media4.fl.yelpcdn.com/bphoto/qoWbl2EaoWxKy_DmAISCVA/o.jpg"
    ],
    "price": "$$",
    "rating": 4.0,
    "review_count": 3,
    "term": "restaurants",
    "url": "https://www.yelp.com/biz/cafe-essen-canberra-city?adjust_creative=92p07_JjKyriZTQxAXRiKQ&utm_campaign=yelp_api_v3&utm_medium=api_v3_business_lookup&utm_source=92p07_JjKyriZTQxAXRiKQ",
    "uuid": "1945"
}