{
    "categories": [
        {
            "alias": "steak",
            "title": "Steakhouses"
        }
    ],
    "coordinates": {
        "latitude": -35.2793198,
        "longitude": 149.1280365
    },
    "id": "charcoal-restaurant-canberra-city",
    "image_url": "https://s3-media2.fl.yelpcdn.com/bphoto/4uIEOTrZutSbOEDRwmY-DA/o.jpg",
    "is_claimed": false,
    "is_closed": false,
    "location": {
        "address1": "Melbourne Building, 61 London Cct",
        "address2": null,
        "address3": null,
        "city": "Canberra City",
        "country": "AU",
        "state": "ACT",
        "zip_code": "2601"
    },
    "name": "Charcoal Restaurant",
    "phone": "+61262488015",
    "photos": [
        "https://s3-media4.fl.yelpcdn.com/bphoto/4uIEOTrZutSbOEDRwmY-DA/o.jpg",
        "https://s3-media1.fl.yelpcdn.com/bphoto/OT3YwSbQni3TzhCLUd9MCw/o.jpg",
        "https://s3-media2.fl.yelpcdn.com/bphoto/17xJBw6nGk9NV6BmT4rZ4g/o.jpg"
    ],
    "price": "$$",
    "rating": 3.0,
    "review_count": 5,
    "term": "restaurants",
    "url": "https://www.yelp.com/biz/charcoal-restaurant-canberra-city?adjust_creative=92p07_JjKyriZTQxAXRiKQ&utm_campaign=yelp_api_v3&utm_medium=api_v3_business_lookup&utm_source=92p07_JjKyriZTQxAXRiKQ",
    "uuid": "2287"
}