{
    "categories": [
        {
            "alias": "cafes",
            "title": "Cafes"
        }
    ],
    "coordinates": {
        "latitude": -35.27742,
        "longitude": 149.1266937
    },
    "id": "city-edge-cafe-canberra-city",
    "image_url": "",
    "is_claimed": false,
    "is_closed": false,
    "location": {
        "address1": "50 Marcus Clarke St",
        "address2": null,
        "address3": null,
        "city": "Canberra City",
        "country": "AU",
        "state": "ACT",
        "zip_code": "2601"
    },
    "name": "City Edge Cafe",
    "phone": "+61261623434",
    "photos": [],
    "price": "$$",
    "rating": 5.0,
    "review_count": 1,
    "term": "restaurants",
    "url": "https://www.yelp.com/biz/city-edge-cafe-canberra-city?adjust_creative=92p07_JjKyriZTQxAXRiKQ&utm_campaign=yelp_api_v3&utm_medium=api_v3_business_lookup&utm_source=92p07_JjKyriZTQxAXRiKQ",
    "uuid": "2563"
}