{
    "categories": [
        {
            "alias": "indpak",
            "title": "Indian"
        }
    ],
    "coordinates": {
        "latitude": -35.2787399,
        "longitude": 149.1244202
    },
    "id": "delhi-6-canberra-city",
    "image_url": "https://s3-media4.fl.yelpcdn.com/bphoto/yQurRWBGW-seMDgG6a7KEg/o.jpg",
    "is_claimed": false,
    "is_closed": false,
    "location": {
        "address1": "14 Childers St",
        "address2": null,
        "address3": null,
        "city": "Canberra City",
        "country": "AU",
        "state": "ACT",
        "zip_code": "2601"
    },
    "name": "Delhi 6",
    "phone": "+61262487171",
    "photos": [
        "https://s3-media1.fl.yelpcdn.com/bphoto/yQurRWBGW-seMDgG6a7KEg/o.jpg",
        "https://s3-media2.fl.yelpcdn.com/bphoto/u-VBb4GWA54lk5KxnRgjOQ/o.jpg",
        "https://s3-media2.fl.yelpcdn.com/bphoto/auG7HTn3vTZ8HGJI_hoHNQ/o.jpg"
    ],
    "price": "$$$",
    "rating": 2.5,
    "review_count": 2,
    "term": "restaurants",
    "url": "https://www.yelp.com/biz/delhi-6-canberra-city?adjust_creative=92p07_JjKyriZTQxAXRiKQ&utm_campaign=yelp_api_v3&utm_medium=api_v3_business_lookup&utm_source=92p07_JjKyriZTQxAXRiKQ",
    "uuid": "3199"
}