{
    "categories": [
        {
            "alias": "cafes",
            "title": "Cafes"
        }
    ],
    "coordinates": {
        "latitude": -35.2792755808638,
        "longitude": 149.133632306533
    },
    "hours": [
        {
            "hours_type": "REGULAR",
            "is_open_now": true,
            "open": [
                {
                    "day": 0,
                    "end": "1730",
                    "is_overnight": false,
                    "start": "0630"
                },
                {
                    "day": 1,
                    "end": "1730",
                    "is_overnight": false,
                    "start": "0630"
                },
                {
                    "day": 2,
                    "end": "1730",
                    "is_overnight": false,
                    "start": "0630"
                },
                {
                    "day": 3,
                    "end": "1730",
                    "is_overnight": false,
                    "start": "0630"
                },
                {
                    "day": 4,
                    "end": "1830",
                    "is_overnight": false,
                    "start": "0630"
                },
                {
                    "day": 5,
                    "end": "1730",
                    "is_overnight": false,
                    "start": "0730"
                },
                {
                    "day": 6,
                    "end": "1700",
                    "is_overnight": false,
                    "start": "0800"
                }
            ]
        }
    ],
    "id": "dobinsons-bakery-cafe-canberra-city",
    "image_url": "https://s3-media1.fl.yelpcdn.com/bphoto/zsWDTVgLZtT07QgZbeaGvg/o.jpg",
    "is_claimed": false,
    "is_closed": false,
    "location": {
        "address1": "177 Bunda St",
        "address2": null,
        "address3": null,
        "city": "Canberra City",
        "country": "AU",
        "state": "ACT",
        "zip_code": "2601"
    },
    "name": "Dobinsons Bakery Cafe",
    "phone": "+61262575966",
    "photos": [
        "https://s3-media3.fl.yelpcdn.com/bphoto/zsWDTVgLZtT07QgZbeaGvg/o.jpg",
        "https://s3-media3.fl.yelpcdn.com/bphoto/b6zg1vQhRCfpEt4xo4o5Ig/o.jpg",
        "https://s3-media3.fl.yelpcdn.com/bphoto/gmPRDYbi8r92wKcyFlGBqg/o.jpg"
    ],
    "price": "$",
    "rating": 4.0,
    "review_count": 11,
    "term": "restaurants",
    "url": "https://www.yelp.com/biz/dobinsons-bakery-cafe-canberra-city?adjust_creative=92p07_JjKyriZTQxAXRiKQ&utm_campaign=yelp_api_v3&utm_medium=api_v3_business_lookup&utm_source=92p07_JjKyriZTQxAXRiKQ",
    "uuid": "3340"
}