{
    "categories": [
        {
            "alias": "hotdogs",
            "title": "Fast Food"
        },
        {
            "alias": "chinese",
            "title": "Chinese"
        }
    ],
    "coordinates": {
        "latitude": -35.2785492,
        "longitude": 149.1321259
    },
    "id": "happys-chinese-restaurant-canberra-city-2",
    "image_url": "https://s3-media3.fl.yelpcdn.com/bphoto/cWCc6bqdvu3_JO-slyjEBA/o.jpg",
    "is_claimed": false,
    "is_closed": false,
    "location": {
        "address1": "17 Garema Pl",
        "address2": null,
        "address3": null,
        "city": "Canberra City",
        "country": "AU",
        "state": "ACT",
        "zip_code": "2601"
    },
    "name": "Happy's Chinese Restaurant",
    "phone": "+61262497015",
    "photos": [
        "https://s3-media2.fl.yelpcdn.com/bphoto/cWCc6bqdvu3_JO-slyjEBA/o.jpg",
        "https://s3-media2.fl.yelpcdn.com/bphoto/gLfQ5USYNjiJB_gprOdXKA/o.jpg",
        "https://s3-media2.fl.yelpcdn.com/bphoto/YPhdcBBEXWYbDti4vvbxTQ/o.jpg"
    ],
    "price": "$$",
    "rating": 4.0,
    "review_count": 7,
    "term": "restaurants",
    "url": "https://www.yelp.com/biz/happys-chinese-restaurant-canberra-city-2?adjust_creative=92p07_JjKyriZTQxAXRiKQ&utm_campaign=yelp_api_v3&utm_medium=api_v3_business_lookup&utm_source=92p07_JjKyriZTQxAXRiKQ",
    "uuid": "4901"
}