{
    "categories": [
        {
            "alias": "cafes",
            "title": "Cafes"
        }
    ],
    "coordinates": {
        "latitude": -35.2822304,
        "longitude": 149.1320038
    },
    "id": "hogs-breath-cafe-canberra-city",
    "image_url": "https://s3-media3.fl.yelpcdn.com/bphoto/lUtQnPt_oce3oJO8xF2xRw/o.jpg",
    "is_claimed": false,
    "is_closed": false,
    "location": {
        "address1": "London Cct",
        "address2": null,
        "address3": null,
        "city": "Canberra City",
        "country": "AU",
        "state": "ACT",
        "zip_code": "2601"
    },
    "name": "Hog's Breath Cafe",
    "phone": "+61262578501",
    "photos": [
        "https://s3-media4.fl.yelpcdn.com/bphoto/lUtQnPt_oce3oJO8xF2xRw/o.jpg"
    ],
    "rating": 3.5,
    "review_count": 2,
    "term": "restaurants",
    "url": "https://www.yelp.com/biz/hogs-breath-cafe-canberra-city?adjust_creative=92p07_JjKyriZTQxAXRiKQ&utm_campaign=yelp_api_v3&utm_medium=api_v3_business_lookup&utm_source=92p07_JjKyriZTQxAXRiKQ",
    "uuid": "5153"
}