{
    "categories": [
        {
            "alias": "cafes",
            "title": "Cafes"
        }
    ],
    "coordinates": {
        "latitude": -35.2829399,
        "longitude": 149.1331787
    },
    "id": "il-covo-canberra-city",
    "image_url": "https://s3-media4.fl.yelpcdn.com/bphoto/iC-Uet2_JcbrP8y3momEGA/o.jpg",
    "is_claimed": false,
    "is_closed": false,
    "location": {
        "address1": "40 Allara St",
        "address2": null,
        "address3": null,
        "city": "Canberra City",
        "country": "AU",
        "state": "ACT",
        "zip_code": "2601"
    },
    "name": "IL Covo",
    "phone": "+61261621099",
    "photos": [
        "https://s3-media3.fl.yelpcdn.com/bphoto/iC-Uet2_JcbrP8y3momEGA/o.jpg",
        "https://s3-media3.fl.yelpcdn.com/bphoto/yns0TMSLcbNi69z_VcnHuQ/o.jpg",
        "https://s3-media4.fl.yelpcdn.com/bphoto/842yCcHGVdc-tleQafE7aQ/o.jpg"
    ],
    "price": "$$",
    "rating": 4.0,
    "review_count": 2,
    "term": "restaurants",
    "url": "https://www.yelp.com/biz/il-covo-canberra-city?adjust_creative=92p07_JjKyriZTQxAXRiKQ&utm_campaign=yelp_api_v3&utm_medium=api_v3_business_lookup&utm_source=92p07_JjKyriZTQxAXRiKQ",
    "uuid": "5595"
}