{
    "categories": [
        {
            "alias": "restaurants",
            "title": "Restaurants"
        }
    ],
    "coordinates": {
        "latitude": -35.277961,
        "longitude": 149.131685
    },
    "id": "la-scala-restaurant-canberra-city",
    "image_url": "https://s3-media3.fl.yelpcdn.com/bphoto/fjmQXpmOPv-9GYKVa6DH7Q/o.jpg",
    "is_claimed": false,
    "is_closed": false,
    "location": {
        "address1": "29 Garema Pl",
        "address2": null,
        "address3": null,
        "city": "Canberra City",
        "country": "AU",
        "state": "ACT",
        "zip_code": "2601"
    },
    "name": "La Scala Restaurant",
    "phone": "+61262488338",
    "photos": [
        "https://s3-media3.fl.yelpcdn.com/bphoto/fjmQXpmOPv-9GYKVa6DH7Q/o.jpg",
        "https://s3-media1.fl.yelpcdn.com/bphoto/mXmVIx0aKneQS8iKcdCArQ/o.jpg",
        "https://s3-media4.fl.yelpcdn.com/bphoto/1zgYWntPo2wRO1356QE1bw/o.jpg"
    ],
    "rating": 2.5,
    "review_count": 2,
    "term": "restaurants",
    "url": "https://www.yelp.com/biz/la-scala-restaurant-canberra-city?adjust_creative=92p07_JjKyriZTQxAXRiKQ&utm_campaign=yelp_api_v3&utm_medium=api_v3_business_lookup&utm_source=92p07_JjKyriZTQxAXRiKQ",
    "uuid": "6420"
}