{
    "categories": [
        {
            "alias": "restaurants",
            "title": "Restaurants"
        }
    ],
    "coordinates": {
        "latitude": -35.2792511,
        "longitude": 149.1282043
    },
    "id": "lemon-grass-thai-restaurant-canberra-city",
    "image_url": "",
    "is_claimed": false,
    "is_closed": false,
    "location": {
        "address1": "65 London Cct",
        "address2": null,
        "address3": null,
        "city": "Canberra City",
        "country": "AU",
        "state": "ACT",
        "zip_code": "2601"
    },
    "name": "Lemon Grass Thai Restaurant",
    "phone": "+61262472779",
    "photos": [],
    "price": "$$$",
    "rating": 2.5,
    "review_count": 3,
    "term": "restaurants",
    "url": "https://www.yelp.com/biz/lemon-grass-thai-restaurant-canberra-city?adjust_creative=92p07_JjKyriZTQxAXRiKQ&utm_campaign=yelp_api_v3&utm_medium=api_v3_business_lookup&utm_source=92p07_JjKyriZTQxAXRiKQ",
    "uuid": "6617"
}