{
    "categories": [
        {
            "alias": "restaurants",
            "title": "Restaurants"
        }
    ],
    "coordinates": {
        "latitude": -35.2786293,
        "longitude": 149.1330261
    },
    "id": "sammys-kitchen-canberra-city",
    "image_url": "https://s3-media2.fl.yelpcdn.com/bphoto/nT4yVWGFAjJGGagxsi40LA/o.jpg",
    "is_claimed": false,
    "is_closed": false,
    "location": {
        "address1": "Bunda St",
        "address2": null,
        "address3": null,
        "city": "Canberra City",
        "country": "AU",
        "state": "ACT",
        "zip_code": "2601"
    },
    "name": "Sammy's Kitchen",
    "phone": "+61262471464",
    "photos": [
        "https://s3-media1.fl.yelpcdn.com/bphoto/nT4yVWGFAjJGGagxsi40LA/o.jpg",
        "https://s3-media2.fl.yelpcdn.com/bphoto/l3CoX5dg5iVNg7zutT-glw/o.jpg",
        "https://s3-media4.fl.yelpcdn.com/bphoto/rBP_wsDxn5S6czG7SCtkEg/o.jpg"
    ],
    "price": "$$",
    "rating": 3.5,
    "review_count": 10,
    "term": "restaurants",
    "url": "https://www.yelp.com/biz/sammys-kitchen-canberra-city?adjust_creative=92p07_JjKyriZTQxAXRiKQ&utm_campaign=yelp_api_v3&utm_medium=api_v3_business_lookup&utm_source=92p07_JjKyriZTQxAXRiKQ",
    "uuid": "9982"
}