{
    "categories": [
        {
            "alias": "restaurants",
            "title": "Restaurants"
        }
    ],
    "coordinates": {
        "latitude": -35.2802505,
        "longitude": 149.1324463
    },
    "id": "sizzle-bento-canberra-city",
    "image_url": "https://s3-media3.fl.yelpcdn.com/bphoto/143uoIWxakfVD1vc0Li5mQ/o.jpg",
    "is_claimed": false,
    "is_closed": false,
    "location": {
        "address1": "City Wlk",
        "address2": null,
        "address3": null,
        "city": "Canberra City",
        "country": "AU",
        "state": "ACT",
        "zip_code": "2601"
    },
    "name": "Sizzle Bento",
    "phone": "+61262626022",
    "photos": [
        "https://s3-media3.fl.yelpcdn.com/bphoto/143uoIWxakfVD1vc0Li5mQ/o.jpg",
        "https://s3-media1.fl.yelpcdn.com/bphoto/7cTLcNzg5MOoRNW6ZVT_Iw/o.jpg",
        "https://s3-media2.fl.yelpcdn.com/bphoto/VqyhqGuA7gwXLZh4_tlwTQ/o.jpg"
    ],
    "price": "$$",
    "rating": 3.5,
    "review_count": 4,
    "term": "restaurants",
    "url": "https://www.yelp.com/biz/sizzle-bento-canberra-city?adjust_creative=92p07_JjKyriZTQxAXRiKQ&utm_campaign=yelp_api_v3&utm_medium=api_v3_business_lookup&utm_source=92p07_JjKyriZTQxAXRiKQ",
    "uuid": "10427"
}