{
    "categories": [
        {
            "alias": "salad",
            "title": "Salad"
        },
        {
            "alias": "vegetarian",
            "title": "Vegetarian"
        },
        {
            "alias": "australian",
            "title": "Australian"
        }
    ],
    "coordinates": {
        "latitude": -35.2781579642001,
        "longitude": 149.132003746926
    },
    "hours": [
        {
            "hours_type": "REGULAR",
            "is_open_now": false,
            "open": [
                {
                    "day": 0,
                    "end": "1900",
                    "is_overnight": false,
                    "start": "1100"
                },
                {
                    "day": 1,
                    "end": "1900",
                    "is_overnight": false,
                    "start": "1100"
                },
                {
                    "day": 2,
                    "end": "1900",
                    "is_overnight": false,
                    "start": "1100"
                },
                {
                    "day": 3,
                    "end": "1900",
                    "is_overnight": false,
                    "start": "1100"
                },
                {
                    "day": 4,
                    "end": "2000",
                    "is_overnight": false,
                    "start": "1100"
                },
                {
                    "day": 5,
                    "end": "2000",
                    "is_overnight": false,
                    "start": "1100"
                },
                {
                    "day": 6,
                    "end": "1500",
                    "is_overnight": false,
                    "start": "1100"
                }
            ]
        }
    ],
    "id": "spud-bar-canberra-city-2",
    "image_url": "https://s3-media2.fl.yelpcdn.com/bphoto/EEY4KzMa3KvAEH1e1NyjpQ/o.jpg",
    "is_claimed": true,
    "is_closed": false,
    "location": {
        "address1": "Shop 1, Garema Place",
        "address2": "70-86 Bunda St",
        "address3": "",
        "city": "Canberra City",
        "country": "AU",
        "state": "ACT",
        "zip_code": "2601"
    },
    "name": "Spud Bar",
    "phone": "+61262476099",
    "photos": [
        "https://s3-media1.fl.yelpcdn.com/bphoto/EEY4KzMa3KvAEH1e1NyjpQ/o.jpg",
        "https://s3-media2.fl.yelpcdn.com/bphoto/LXLA7oVr_jzziGu4YhNFNQ/o.jpg",
        "https://s3-media4.fl.yelpcdn.com/bphoto/xEuRVOrrHLANh9BYQXTowA/o.jpg"
    ],
    "price": "$",
    "rating": 4.0,
    "review_count": 2,
    "term": "restaurants",
    "url": "https://www.yelp.com/biz/spud-bar-canberra-city-2?adjust_creative=92p07_JjKyriZTQxAXRiKQ&utm_campaign=yelp_api_v3&utm_medium=api_v3_business_lookup&utm_source=92p07_JjKyriZTQxAXRiKQ",
    "uuid": "10707"
}