{
    "categories": [
        {
            "alias": "cafes",
            "title": "Cafes"
        }
    ],
    "coordinates": {
        "latitude": -35.2787399,
        "longitude": 149.1244202
    },
    "id": "stone-wall-cafe-canberra-city",
    "image_url": "https://s3-media3.fl.yelpcdn.com/bphoto/9weaL79BNJp7hEgvax52bw/o.jpg",
    "is_claimed": false,
    "is_closed": false,
    "location": {
        "address1": "14 Childers St",
        "address2": null,
        "address3": null,
        "city": "Canberra City",
        "country": "AU",
        "state": "ACT",
        "zip_code": "2601"
    },
    "name": "Stone Wall Cafe",
    "phone": "+61261623544",
    "photos": [
        "https://s3-media2.fl.yelpcdn.com/bphoto/9weaL79BNJp7hEgvax52bw/o.jpg"
    ],
    "price": "$",
    "rating": 3.0,
    "review_count": 1,
    "term": "restaurants",
    "url": "https://www.yelp.com/biz/stone-wall-cafe-canberra-city?adjust_creative=92p07_JjKyriZTQxAXRiKQ&utm_campaign=yelp_api_v3&utm_medium=api_v3_business_lookup&utm_source=92p07_JjKyriZTQxAXRiKQ",
    "uuid": "10859"
}