{
    "categories": [
        {
            "alias": "german",
            "title": "German"
        }
    ],
    "coordinates": {
        "latitude": -35.33898,
        "longitude": 149.15139
    },
    "id": "harmonie-german-club-inc-narrabundah",
    "image_url": "https://s3-media1.fl.yelpcdn.com/bphoto/hRlYfdrggDlcf0h3PEid6g/o.jpg",
    "is_claimed": false,
    "is_closed": false,
    "location": {
        "address1": "49 Jerrabomberra Ave",
        "address2": null,
        "address3": null,
        "city": "Narrabundah",
        "country": "AU",
        "state": "ACT",
        "zip_code": "2604"
    },
    "name": "Harmonie German Club Inc",
    "phone": "+61262959853",
    "photos": [
        "https://s3-media3.fl.yelpcdn.com/bphoto/hRlYfdrggDlcf0h3PEid6g/o.jpg",
        "https://s3-media3.fl.yelpcdn.com/bphoto/AEECGLeSw7NYBOnu2NONEA/o.jpg",
        "https://s3-media2.fl.yelpcdn.com/bphoto/UhFsRJPm-grUwaCGbVy_mA/o.jpg"
    ],
    "rating": 3.0,
    "review_count": 1,
    "term": "restaurants",
    "url": "https://www.yelp.com/biz/harmonie-german-club-inc-narrabundah?adjust_creative=92p07_JjKyriZTQxAXRiKQ&utm_campaign=yelp_api_v3&utm_medium=api_v3_business_lookup&utm_source=92p07_JjKyriZTQxAXRiKQ",
    "uuid": "4923"
}