{
    "categories": [
        {
            "alias": "restaurants",
            "title": "Restaurants"
        }
    ],
    "coordinates": {
        "latitude": -35.3324814,
        "longitude": 149.1541748
    },
    "id": "kashmir-house-narrabundah-2",
    "image_url": "https://s3-media1.fl.yelpcdn.com/bphoto/9SqCHR3YWLXToLCXlAVK2Q/o.jpg",
    "is_claimed": false,
    "is_closed": false,
    "location": {
        "address1": "2 Iluka St",
        "address2": null,
        "address3": null,
        "city": "Narrabundah",
        "country": "AU",
        "state": "ACT",
        "zip_code": "2604"
    },
    "name": "Kashmir House",
    "phone": "+61262957080",
    "photos": [
        "https://s3-media2.fl.yelpcdn.com/bphoto/9SqCHR3YWLXToLCXlAVK2Q/o.jpg",
        "https://s3-media3.fl.yelpcdn.com/bphoto/hFRfTuOraYxkbD6LvmGjUQ/o.jpg"
    ],
    "rating": 5.0,
    "review_count": 4,
    "term": "restaurants",
    "url": "https://www.yelp.com/biz/kashmir-house-narrabundah-2?adjust_creative=92p07_JjKyriZTQxAXRiKQ&utm_campaign=yelp_api_v3&utm_medium=api_v3_business_lookup&utm_source=92p07_JjKyriZTQxAXRiKQ",
    "uuid": "6039"
}