{
    "categories": [
        {
            "alias": "taxis",
            "title": "Taxis"
        }
    ],
    "coordinates": {
        "latitude": -35.3249397,
        "longitude": 149.1776123
    },
    "id": "aerial-capital-group-fyshwick",
    "image_url": "",
    "is_claimed": false,
    "is_closed": false,
    "location": {
        "address1": "24 Kembla St",
        "address2": null,
        "address3": null,
        "city": "Fyshwick",
        "country": "AU",
        "state": "ACT",
        "zip_code": "2609"
    },
    "name": "Aerial Capital Group",
    "phone": "+61132227",
    "photos": [],
    "rating": 0.0,
    "review_count": 0,
    "term": "hotels",
    "url": "https://www.yelp.com/biz/aerial-capital-group-fyshwick?adjust_creative=92p07_JjKyriZTQxAXRiKQ&utm_campaign=yelp_api_v3&utm_medium=api_v3_business_lookup&utm_source=92p07_JjKyriZTQxAXRiKQ",
    "uuid": "246"
}