{
    "categories": [
        {
            "alias": "partyequipmentrentals",
            "title": "Party Equipment Rentals"
        },
        {
            "alias": "partysupplies",
            "title": "Party Supplies"
        }
    ],
    "coordinates": {
        "latitude": -35.329919,
        "longitude": 149.175992
    },
    "hours": [
        {
            "hours_type": "REGULAR",
            "is_open_now": false,
            "open": [
                {
                    "day": 0,
                    "end": "1630",
                    "is_overnight": false,
                    "start": "0900"
                },
                {
                    "day": 1,
                    "end": "1630",
                    "is_overnight": false,
                    "start": "0900"
                },
                {
                    "day": 2,
                    "end": "1630",
                    "is_overnight": false,
                    "start": "0900"
                },
                {
                    "day": 3,
                    "end": "1630",
                    "is_overnight": false,
                    "start": "0900"
                },
                {
                    "day": 4,
                    "end": "1630",
                    "is_overnight": false,
                    "start": "0900"
                },
                {
                    "day": 5,
                    "end": "1300",
                    "is_overnight": false,
                    "start": "1000"
                }
            ]
        }
    ],
    "id": "canberra-spits-and-party-hire-fyshwick",
    "image_url": "https://s3-media4.fl.yelpcdn.com/bphoto/D54d4yrvdD16NRogjhzJAQ/o.jpg",
    "is_claimed": true,
    "is_closed": false,
    "location": {
        "address1": "Shop 3",
        "address2": "28 Barrier St",
        "address3": "",
        "city": "Fyshwick",
        "country": "AU",
        "state": "ACT",
        "zip_code": "2609"
    },
    "name": "Canberra Spits & Party Hire",
    "phone": "+61261621662",
    "photos": [
        "https://s3-media1.fl.yelpcdn.com/bphoto/D54d4yrvdD16NRogjhzJAQ/o.jpg",
        "https://s3-media2.fl.yelpcdn.com/bphoto/v8GtTXQZzhxJfFZlhCNPew/o.jpg",
        "https://s3-media3.fl.yelpcdn.com/bphoto/Lxcq4moe0Xk1sg7GMYCS3A/o.jpg"
    ],
    "rating": 0.0,
    "review_count": 0,
    "term": "hotels",
    "url": "https://www.yelp.com/biz/canberra-spits-and-party-hire-fyshwick?adjust_creative=92p07_JjKyriZTQxAXRiKQ&utm_campaign=yelp_api_v3&utm_medium=api_v3_business_lookup&utm_source=92p07_JjKyriZTQxAXRiKQ",
    "uuid": "2075"
}