{
    "categories": [
        {
            "alias": "hotelstravel",
            "title": "Hotels & Travel"
        }
    ],
    "coordinates": {
        "latitude": -35.3305702,
        "longitude": 149.1613617
    },
    "id": "canberra-south-motor-park-fyshwick",
    "image_url": "",
    "is_claimed": false,
    "is_closed": false,
    "location": {
        "address1": "Cnr Canberra Ave & Monaro Hwy",
        "address2": null,
        "address3": null,
        "city": "Fyshwick",
        "country": "AU",
        "state": "ACT",
        "zip_code": "2609"
    },
    "name": "Canberra South Motor Park",
    "phone": "+61262806176",
    "photos": [],
    "rating": 0.0,
    "review_count": 0,
    "term": "hotels",
    "url": "https://www.yelp.com/biz/canberra-south-motor-park-fyshwick?adjust_creative=92p07_JjKyriZTQxAXRiKQ&utm_campaign=yelp_api_v3&utm_medium=api_v3_business_lookup&utm_source=92p07_JjKyriZTQxAXRiKQ",
    "uuid": "2073"
}