{
    "categories": [
        {
            "alias": "winetours",
            "title": "Wine Tours"
        },
        {
            "alias": "taxis",
            "title": "Taxis"
        },
        {
            "alias": "airport_shuttles",
            "title": "Airport Shuttles"
        }
    ],
    "coordinates": {
        "latitude": -35.3271,
        "longitude": 149.17564
    },
    "hours": [
        {
            "hours_type": "REGULAR",
            "is_open_now": true,
            "open": [
                {
                    "day": 0,
                    "end": "0000",
                    "is_overnight": false,
                    "start": "0000"
                },
                {
                    "day": 1,
                    "end": "0000",
                    "is_overnight": false,
                    "start": "0000"
                },
                {
                    "day": 2,
                    "end": "0000",
                    "is_overnight": false,
                    "start": "0000"
                },
                {
                    "day": 3,
                    "end": "0000",
                    "is_overnight": false,
                    "start": "0000"
                },
                {
                    "day": 4,
                    "end": "0000",
                    "is_overnight": false,
                    "start": "0000"
                },
                {
                    "day": 5,
                    "end": "0000",
                    "is_overnight": false,
                    "start": "0000"
                },
                {
                    "day": 6,
                    "end": "0000",
                    "is_overnight": false,
                    "start": "0000"
                }
            ]
        }
    ],
    "id": "cbr-cars-fyshwick",
    "image_url": "https://s3-media2.fl.yelpcdn.com/bphoto/XmZboh1AUj5JXU2QETLhIg/o.jpg",
    "is_claimed": false,
    "is_closed": false,
    "location": {
        "address1": "",
        "address2": null,
        "address3": "",
        "city": "Fyshwick",
        "country": "AU",
        "state": "ACT",
        "zip_code": "2609"
    },
    "name": "CBR Cars",
    "phone": "+611300233748",
    "photos": [
        "https://s3-media4.fl.yelpcdn.com/bphoto/XmZboh1AUj5JXU2QETLhIg/o.jpg"
    ],
    "rating": 0.0,
    "review_count": 0,
    "term": "hotels",
    "url": "https://www.yelp.com/biz/cbr-cars-fyshwick?adjust_creative=92p07_JjKyriZTQxAXRiKQ&utm_campaign=yelp_api_v3&utm_medium=api_v3_business_lookup&utm_source=92p07_JjKyriZTQxAXRiKQ",
    "uuid": "2218"
}