{
    "categories": [
        {
            "alias": "travelservices",
            "title": "Travel Services"
        }
    ],
    "coordinates": {
        "latitude": -35.33232,
        "longitude": 149.1673
    },
    "id": "excess-baggage-company-aust-fyshwick",
    "image_url": "",
    "is_claimed": false,
    "is_closed": false,
    "location": {
        "address1": "",
        "address2": null,
        "address3": null,
        "city": "Fyshwick",
        "country": "AU",
        "state": "ACT",
        "zip_code": "2609"
    },
    "name": "Excess Baggage Company Aust",
    "phone": "+611300300688",
    "photos": [],
    "rating": 0.0,
    "review_count": 0,
    "term": "hotels",
    "url": "https://www.yelp.com/biz/excess-baggage-company-aust-fyshwick?adjust_creative=92p07_JjKyriZTQxAXRiKQ&utm_campaign=yelp_api_v3&utm_medium=api_v3_business_lookup&utm_source=92p07_JjKyriZTQxAXRiKQ",
    "uuid": "3840"
}