{
    "categories": [
        {
            "alias": "carrental",
            "title": "Car Rental"
        }
    ],
    "coordinates": {
        "latitude": -35.3272705,
        "longitude": 149.178894
    },
    "id": "mister-cheap-courtesy-cars-fyshwick",
    "image_url": "",
    "is_claimed": false,
    "is_closed": false,
    "location": {
        "address1": "2 / 9 Collie St",
        "address2": null,
        "address3": null,
        "city": "Fyshwick",
        "country": "AU",
        "state": "ACT",
        "zip_code": "2609"
    },
    "name": "Mister Cheap Courtesy Cars",
    "phone": "+61407295939",
    "photos": [],
    "rating": 0.0,
    "review_count": 0,
    "term": "hotels",
    "url": "https://www.yelp.com/biz/mister-cheap-courtesy-cars-fyshwick?adjust_creative=92p07_JjKyriZTQxAXRiKQ&utm_campaign=yelp_api_v3&utm_medium=api_v3_business_lookup&utm_source=92p07_JjKyriZTQxAXRiKQ",
    "uuid": "7597"
}