{
    "categories": [
        {
            "alias": "bedbreakfast",
            "title": "Bed & Breakfast"
        }
    ],
    "coordinates": {
        "latitude": -35.3288116,
        "longitude": 149.0836182
    },
    "id": "birch-corner-b-and-b-curtin",
    "image_url": "",
    "is_claimed": false,
    "is_closed": false,
    "location": {
        "address1": "31 Parker St",
        "address2": null,
        "address3": null,
        "city": "Curtin",
        "country": "AU",
        "state": "ACT",
        "zip_code": "2605"
    },
    "name": "Birch Corner B & B",
    "phone": "+61262814421",
    "photos": [],
    "rating": 0.0,
    "review_count": 0,
    "term": "hotels",
    "url": "https://www.yelp.com/biz/birch-corner-b-and-b-curtin?adjust_creative=92p07_JjKyriZTQxAXRiKQ&utm_campaign=yelp_api_v3&utm_medium=api_v3_business_lookup&utm_source=92p07_JjKyriZTQxAXRiKQ",
    "uuid": "1325"
}