{
    "categories": [
        {
            "alias": "hotels",
            "title": "Hotels"
        }
    ],
    "coordinates": {
        "latitude": -35.3268089,
        "longitude": 149.0827789
    },
    "id": "statesman-hotel-motel-curtin",
    "image_url": "",
    "is_claimed": false,
    "is_closed": false,
    "location": {
        "address1": "14 Theodore St",
        "address2": null,
        "address3": null,
        "city": "Curtin",
        "country": "AU",
        "state": "ACT",
        "zip_code": "2605"
    },
    "name": "Statesman Hotel Motel",
    "phone": "+61262811777",
    "photos": [],
    "rating": 0.0,
    "review_count": 0,
    "term": "hotels",
    "url": "https://www.yelp.com/biz/statesman-hotel-motel-curtin?adjust_creative=92p07_JjKyriZTQxAXRiKQ&utm_campaign=yelp_api_v3&utm_medium=api_v3_business_lookup&utm_source=92p07_JjKyriZTQxAXRiKQ",
    "uuid": "10804"
}