{
    "categories": [
        {
            "alias": "carrental",
            "title": "Car Rental"
        }
    ],
    "coordinates": {
        "latitude": -35.2822304,
        "longitude": 149.1320038
    },
    "id": "budget-car-and-truck-rental-canberra",
    "image_url": "https://s3-media2.fl.yelpcdn.com/bphoto/sYN3Ho4Vn_O-8FfQ_SmAbw/o.jpg",
    "is_claimed": false,
    "is_closed": false,
    "location": {
        "address1": "Rydges Lakeside Hotel, London Circuit",
        "address2": null,
        "address3": null,
        "city": "Canberra",
        "country": "AU",
        "state": "ACT",
        "zip_code": "2600"
    },
    "name": "Budget Car & Truck Rental",
    "phone": "+61262572200",
    "photos": [
        "https://s3-media1.fl.yelpcdn.com/bphoto/sYN3Ho4Vn_O-8FfQ_SmAbw/o.jpg"
    ],
    "rating": 0.0,
    "review_count": 0,
    "term": "hotels",
    "url": "https://www.yelp.com/biz/budget-car-and-truck-rental-canberra?adjust_creative=92p07_JjKyriZTQxAXRiKQ&utm_campaign=yelp_api_v3&utm_medium=api_v3_business_lookup&utm_source=92p07_JjKyriZTQxAXRiKQ",
    "uuid": "1803"
}