{
    "categories": [
        {
            "alias": "travelservices",
            "title": "Travel Services"
        }
    ],
    "coordinates": {
        "latitude": -35.3409691,
        "longitude": 149.1356964
    },
    "id": "canberra-space-canberra",
    "image_url": "",
    "is_claimed": false,
    "is_closed": false,
    "location": {
        "address1": "5 Discovery Drv",
        "address2": null,
        "address3": null,
        "city": "Canberra",
        "country": "AU",
        "state": "ACT",
        "zip_code": "2600"
    },
    "name": "Canberra Space",
    "phone": "+61262017838",
    "photos": [],
    "rating": 0.0,
    "review_count": 0,
    "term": "hotels",
    "url": "https://www.yelp.com/biz/canberra-space-canberra?adjust_creative=92p07_JjKyriZTQxAXRiKQ&utm_campaign=yelp_api_v3&utm_medium=api_v3_business_lookup&utm_source=92p07_JjKyriZTQxAXRiKQ",
    "uuid": "2074"
}