{
    "categories": [
        {
            "alias": "hostels",
            "title": "Hostels"
        }
    ],
    "coordinates": {
        "latitude": -35.2815514,
        "longitude": 149.1325226
    },
    "hours": [
        {
            "hours_type": "REGULAR",
            "is_open_now": true,
            "open": [
                {
                    "day": 0,
                    "end": "0000",
                    "is_overnight": false,
                    "start": "0000"
                },
                {
                    "day": 1,
                    "end": "0000",
                    "is_overnight": false,
                    "start": "0000"
                },
                {
                    "day": 2,
                    "end": "0000",
                    "is_overnight": false,
                    "start": "0000"
                },
                {
                    "day": 3,
                    "end": "0000",
                    "is_overnight": false,
                    "start": "0000"
                },
                {
                    "day": 4,
                    "end": "0000",
                    "is_overnight": false,
                    "start": "0000"
                },
                {
                    "day": 5,
                    "end": "0000",
                    "is_overnight": false,
                    "start": "0000"
                },
                {
                    "day": 6,
                    "end": "0000",
                    "is_overnight": false,
                    "start": "0000"
                }
            ]
        }
    ],
    "id": "canberra-city-yha-canberra",
    "image_url": "https://s3-media3.fl.yelpcdn.com/bphoto/_Hrdxq9cwUWokcFZ7U1-og/o.jpg",
    "is_claimed": true,
    "is_closed": false,
    "location": {
        "address1": "7 Akuna St",
        "address2": "",
        "address3": "",
        "city": "Canberra",
        "country": "AU",
        "state": "ACT",
        "zip_code": "2601"
    },
    "name": "Canberra City YHA",
    "phone": "+61262489155",
    "photos": [
        "https://s3-media1.fl.yelpcdn.com/bphoto/_Hrdxq9cwUWokcFZ7U1-og/o.jpg",
        "https://s3-media3.fl.yelpcdn.com/bphoto/60IGukVGcmnTs6uA1dfWew/o.jpg",
        "https://s3-media1.fl.yelpcdn.com/bphoto/3i1RYbN_ZIzEfJpqw9Wv4g/o.jpg"
    ],
    "rating": 3.0,
    "review_count": 1,
    "term": "hotels",
    "url": "https://www.yelp.com/biz/canberra-city-yha-canberra?adjust_creative=92p07_JjKyriZTQxAXRiKQ&utm_campaign=yelp_api_v3&utm_medium=api_v3_business_lookup&utm_source=92p07_JjKyriZTQxAXRiKQ",
    "uuid": "2064"
}