{
    "categories": [
        {
            "alias": "trainstations",
            "title": "Train Stations"
        }
    ],
    "coordinates": {
        "latitude": -35.3158464,
        "longitude": 149.1453706
    },
    "id": "canberra-train-station-canberra",
    "image_url": "https://s3-media2.fl.yelpcdn.com/bphoto/Ihxqo8qcpbG7cACher-JVQ/o.jpg",
    "is_claimed": false,
    "is_closed": false,
    "location": {
        "address1": "Wentworth Ave",
        "address2": "Kingston",
        "address3": "",
        "city": "Canberra",
        "country": "AU",
        "state": "ACT",
        "zip_code": "2604"
    },
    "name": "Canberra Train Station",
    "phone": "+61132232",
    "photos": [
        "https://s3-media2.fl.yelpcdn.com/bphoto/Ihxqo8qcpbG7cACher-JVQ/o.jpg"
    ],
    "rating": 0.0,
    "review_count": 0,
    "term": "hotels",
    "url": "https://www.yelp.com/biz/canberra-train-station-canberra?adjust_creative=92p07_JjKyriZTQxAXRiKQ&utm_campaign=yelp_api_v3&utm_medium=api_v3_business_lookup&utm_source=92p07_JjKyriZTQxAXRiKQ",
    "uuid": "2076"
}