{
    "categories": [
        {
            "alias": "limos",
            "title": "Limos"
        }
    ],
    "coordinates": {
        "latitude": -35.330505,
        "longitude": 149.145775
    },
    "hours": [
        {
            "hours_type": "REGULAR",
            "is_open_now": true,
            "open": [
                {
                    "day": 0,
                    "end": "0600",
                    "is_overnight": true,
                    "start": "0600"
                },
                {
                    "day": 1,
                    "end": "0600",
                    "is_overnight": true,
                    "start": "0600"
                },
                {
                    "day": 2,
                    "end": "0600",
                    "is_overnight": true,
                    "start": "0600"
                },
                {
                    "day": 3,
                    "end": "0600",
                    "is_overnight": true,
                    "start": "0600"
                },
                {
                    "day": 4,
                    "end": "0600",
                    "is_overnight": true,
                    "start": "0600"
                },
                {
                    "day": 5,
                    "end": "0600",
                    "is_overnight": true,
                    "start": "0600"
                },
                {
                    "day": 6,
                    "end": "0600",
                    "is_overnight": true,
                    "start": "0600"
                }
            ]
        }
    ],
    "id": "canberra-limo-canberra",
    "image_url": "https://s3-media4.fl.yelpcdn.com/bphoto/cTNeQqq-rwXS85u4sJr27w/o.jpg",
    "is_claimed": true,
    "is_closed": false,
    "location": {
        "address1": "18 Bayley St",
        "address2": "Narrabundah",
        "address3": "",
        "city": "Canberra",
        "country": "AU",
        "state": "ACT",
        "zip_code": "2604"
    },
    "name": "Canberra Limo",
    "phone": "+61283104337",
    "photos": [
        "https://s3-media2.fl.yelpcdn.com/bphoto/cTNeQqq-rwXS85u4sJr27w/o.jpg",
        "https://s3-media4.fl.yelpcdn.com/bphoto/KMwXW8XYpOxLhuZcTMvxMQ/o.jpg",
        "https://s3-media2.fl.yelpcdn.com/bphoto/MnJWIVokLqHlBilxH5z7BQ/o.jpg"
    ],
    "rating": 5.0,
    "review_count": 1,
    "term": "hotels",
    "url": "https://www.yelp.com/biz/canberra-limo-canberra?adjust_creative=92p07_JjKyriZTQxAXRiKQ&utm_campaign=yelp_api_v3&utm_medium=api_v3_business_lookup&utm_source=92p07_JjKyriZTQxAXRiKQ",
    "uuid": "2068"
}