{
    "categories": [
        {
            "alias": "travelagents",
            "title": "Travel Agents"
        }
    ],
    "coordinates": {
        "latitude": -35.30655,
        "longitude": 149.12656
    },
    "hours": [
        {
            "hours_type": "REGULAR",
            "is_open_now": true,
            "open": [
                {
                    "day": 0,
                    "end": "1900",
                    "is_overnight": false,
                    "start": "0700"
                },
                {
                    "day": 1,
                    "end": "1900",
                    "is_overnight": false,
                    "start": "0700"
                },
                {
                    "day": 2,
                    "end": "1900",
                    "is_overnight": false,
                    "start": "0700"
                },
                {
                    "day": 3,
                    "end": "1900",
                    "is_overnight": false,
                    "start": "0700"
                },
                {
                    "day": 4,
                    "end": "1900",
                    "is_overnight": false,
                    "start": "0700"
                },
                {
                    "day": 5,
                    "end": "1900",
                    "is_overnight": false,
                    "start": "0700"
                },
                {
                    "day": 6,
                    "end": "1900",
                    "is_overnight": false,
                    "start": "0700"
                }
            ]
        }
    ],
    "id": "cyclelifehq-canberra",
    "image_url": "",
    "is_claimed": true,
    "is_closed": false,
    "location": {
        "address1": "",
        "address2": null,
        "address3": "",
        "city": "Canberra",
        "country": "AU",
        "state": "ACT",
        "zip_code": "2601"
    },
    "name": "CycleLifeHQ",
    "phone": "+61261621149",
    "photos": [],
    "rating": 0.0,
    "review_count": 0,
    "term": "hotels",
    "url": "https://www.yelp.com/biz/cyclelifehq-canberra?adjust_creative=92p07_JjKyriZTQxAXRiKQ&utm_campaign=yelp_api_v3&utm_medium=api_v3_business_lookup&utm_source=92p07_JjKyriZTQxAXRiKQ",
    "uuid": "3066"
}