{
    "categories": [
        {
            "alias": "tours",
            "title": "Tours"
        }
    ],
    "coordinates": {
        "latitude": -35.2768784,
        "longitude": 149.1291046
    },
    "id": "greyhound-pioneer-canberra",
    "image_url": "",
    "is_claimed": false,
    "is_closed": false,
    "location": {
        "address1": "67 Northbourne Ave",
        "address2": null,
        "address3": null,
        "city": "Canberra",
        "country": "AU",
        "state": "ACT",
        "zip_code": "2601"
    },
    "name": "Greyhound Pioneer",
    "phone": "+611800801294",
    "photos": [],
    "rating": 0.0,
    "review_count": 0,
    "term": "hotels",
    "url": "https://www.yelp.com/biz/greyhound-pioneer-canberra?adjust_creative=92p07_JjKyriZTQxAXRiKQ&utm_campaign=yelp_api_v3&utm_medium=api_v3_business_lookup&utm_source=92p07_JjKyriZTQxAXRiKQ",
    "uuid": "4715"
}