{
    "categories": [
        {
            "alias": "tours",
            "title": "Tours"
        }
    ],
    "coordinates": {
        "latitude": -35.27986,
        "longitude": 149.12568
    },
    "hours": [
        {
            "hours_type": "REGULAR",
            "is_open_now": false,
            "open": [
                {
                    "day": 0,
                    "end": "0600",
                    "is_overnight": true,
                    "start": "1100"
                },
                {
                    "day": 1,
                    "end": "0600",
                    "is_overnight": true,
                    "start": "1100"
                },
                {
                    "day": 2,
                    "end": "0600",
                    "is_overnight": true,
                    "start": "1100"
                },
                {
                    "day": 3,
                    "end": "0600",
                    "is_overnight": true,
                    "start": "1100"
                },
                {
                    "day": 4,
                    "end": "0600",
                    "is_overnight": true,
                    "start": "1100"
                }
            ]
        }
    ],
    "id": "mulga-bicycle-tours-canberra",
    "image_url": "",
    "is_claimed": false,
    "is_closed": false,
    "location": {
        "address1": "Level 7",
        "address2": "28 University Ave",
        "address3": "",
        "city": "Canberra",
        "country": "AU",
        "state": "ACT",
        "zip_code": "2601"
    },
    "name": "Mulga Bicycle Tours",
    "phone": "+61262623957",
    "photos": [],
    "rating": 0.0,
    "review_count": 0,
    "term": "hotels",
    "url": "https://www.yelp.com/biz/mulga-bicycle-tours-canberra?adjust_creative=92p07_JjKyriZTQxAXRiKQ&utm_campaign=yelp_api_v3&utm_medium=api_v3_business_lookup&utm_source=92p07_JjKyriZTQxAXRiKQ",
    "uuid": "7800"
}