{
    "categories": [
        {
            "alias": "bustours",
            "title": "Bus Tours"
        }
    ],
    "coordinates": {
        "latitude": -35.30655,
        "longitude": 149.12656
    },
    "id": "murrays-coaches-buses-and-limousines-canberra",
    "image_url": "https://s3-media4.fl.yelpcdn.com/bphoto/FZMS2HAZM-zD6badk7C6iQ/o.jpg",
    "is_claimed": false,
    "is_closed": false,
    "location": {
        "address1": "",
        "address2": null,
        "address3": null,
        "city": "Canberra",
        "country": "AU",
        "state": "ACT",
        "zip_code": "2600"
    },
    "name": "Murrays Coaches, Buses & Limousines",
    "phone": "+61132259",
    "photos": [
        "https://s3-media2.fl.yelpcdn.com/bphoto/FZMS2HAZM-zD6badk7C6iQ/o.jpg",
        "https://s3-media3.fl.yelpcdn.com/bphoto/EOJ4_526yqJoOFoqy-x5PQ/o.jpg",
        "https://s3-media2.fl.yelpcdn.com/bphoto/WzXsi7MhvUjBKlDEvn15Sw/o.jpg"
    ],
    "rating": 0.0,
    "review_count": 0,
    "term": "hotels",
    "url": "https://www.yelp.com/biz/murrays-coaches-buses-and-limousines-canberra?adjust_creative=92p07_JjKyriZTQxAXRiKQ&utm_campaign=yelp_api_v3&utm_medium=api_v3_business_lookup&utm_source=92p07_JjKyriZTQxAXRiKQ",
    "uuid": "7812"
}