{
    "categories": [
        {
            "alias": "travelservices",
            "title": "Travel Services"
        }
    ],
    "coordinates": {
        "latitude": -35.27893,
        "longitude": 149.13138
    },
    "hours": [
        {
            "hours_type": "REGULAR",
            "is_open_now": false,
            "open": [
                {
                    "day": 0,
                    "end": "1730",
                    "is_overnight": false,
                    "start": "0900"
                },
                {
                    "day": 1,
                    "end": "1730",
                    "is_overnight": false,
                    "start": "0900"
                },
                {
                    "day": 2,
                    "end": "1730",
                    "is_overnight": false,
                    "start": "0900"
                },
                {
                    "day": 3,
                    "end": "1730",
                    "is_overnight": false,
                    "start": "0900"
                },
                {
                    "day": 4,
                    "end": "1730",
                    "is_overnight": false,
                    "start": "0900"
                },
                {
                    "day": 5,
                    "end": "1500",
                    "is_overnight": false,
                    "start": "1000"
                }
            ]
        }
    ],
    "id": "my-adventure-travel-canberra-canberra",
    "image_url": "https://s3-media4.fl.yelpcdn.com/bphoto/QYgpWzmgmlKb0E9C4W-kzQ/o.jpg",
    "is_claimed": false,
    "is_closed": false,
    "location": {
        "address1": "1/140-180 City Walk",
        "address2": null,
        "address3": "",
        "city": "Canberra",
        "country": "AU",
        "state": "ACT",
        "zip_code": "2601"
    },
    "name": "My Adventure Travel Canberra",
    "phone": "+611300308458",
    "photos": [
        "https://s3-media2.fl.yelpcdn.com/bphoto/QYgpWzmgmlKb0E9C4W-kzQ/o.jpg"
    ],
    "rating": 0.0,
    "review_count": 0,
    "term": "hotels",
    "url": "https://www.yelp.com/biz/my-adventure-travel-canberra-canberra?adjust_creative=92p07_JjKyriZTQxAXRiKQ&utm_campaign=yelp_api_v3&utm_medium=api_v3_business_lookup&utm_source=92p07_JjKyriZTQxAXRiKQ",
    "uuid": "7849"
}