{
    "categories": [
        {
            "alias": "carrental",
            "title": "Car Rental"
        }
    ],
    "coordinates": {
        "latitude": -35.3077200048712,
        "longitude": 149.189965391257
    },
    "hours": [
        {
            "hours_type": "REGULAR",
            "is_open_now": false,
            "open": [
                {
                    "day": 0,
                    "end": "1900",
                    "is_overnight": false,
                    "start": "0800"
                },
                {
                    "day": 1,
                    "end": "1900",
                    "is_overnight": false,
                    "start": "0800"
                },
                {
                    "day": 2,
                    "end": "1900",
                    "is_overnight": false,
                    "start": "0800"
                },
                {
                    "day": 3,
                    "end": "1900",
                    "is_overnight": false,
                    "start": "0800"
                },
                {
                    "day": 4,
                    "end": "1900",
                    "is_overnight": false,
                    "start": "0800"
                },
                {
                    "day": 5,
                    "end": "1900",
                    "is_overnight": false,
                    "start": "0800"
                },
                {
                    "day": 6,
                    "end": "1600",
                    "is_overnight": false,
                    "start": "0800"
                }
            ]
        }
    ],
    "id": "redspot-canberra",
    "image_url": "https://s3-media4.fl.yelpcdn.com/bphoto/wsE6F41uN2_n2cnOG7XoUA/o.jpg",
    "is_claimed": true,
    "is_closed": false,
    "location": {
        "address1": "James Schofield Dr",
        "address2": "",
        "address3": "",
        "city": "Canberra",
        "country": "AU",
        "state": "ACT",
        "zip_code": "2601"
    },
    "name": "Redspot",
    "phone": "+61262489966",
    "photos": [
        "https://s3-media3.fl.yelpcdn.com/bphoto/wsE6F41uN2_n2cnOG7XoUA/o.jpg",
        "https://s3-media4.fl.yelpcdn.com/bphoto/wPhAhlz3_f0LlENcCjqqhw/o.jpg"
    ],
    "rating": 0.0,
    "review_count": 0,
    "term": "hotels",
    "url": "https://www.yelp.com/biz/redspot-canberra?adjust_creative=92p07_JjKyriZTQxAXRiKQ&utm_campaign=yelp_api_v3&utm_medium=api_v3_business_lookup&utm_source=92p07_JjKyriZTQxAXRiKQ",
    "uuid": "9467"
}