{
    "categories": [
        {
            "alias": "carrental",
            "title": "Car Rental"
        }
    ],
    "coordinates": {
        "latitude": -35.30843,
        "longitude": 149.1874
    },
    "id": "sixt-canberra",
    "image_url": "",
    "is_claimed": true,
    "is_closed": false,
    "location": {
        "address1": "Canberra Airport",
        "address2": null,
        "address3": null,
        "city": "Canberra",
        "country": "AU",
        "state": "ACT",
        "zip_code": "2601"
    },
    "name": "Sixt",
    "phone": "+61262489623",
    "photos": [],
    "rating": 0.0,
    "review_count": 0,
    "term": "hotels",
    "url": "https://www.yelp.com/biz/sixt-canberra?adjust_creative=92p07_JjKyriZTQxAXRiKQ&utm_campaign=yelp_api_v3&utm_medium=api_v3_business_lookup&utm_source=92p07_JjKyriZTQxAXRiKQ",
    "uuid": "10424"
}