{
    "categories": [
        {
            "alias": "bustours",
            "title": "Bus Tours"
        }
    ],
    "coordinates": {
        "latitude": -35.30655,
        "longitude": 149.12656
    },
    "id": "south-coast-mini-bus-tours-canberra",
    "image_url": "",
    "is_claimed": false,
    "is_closed": false,
    "location": {
        "address1": "",
        "address2": "",
        "address3": "",
        "city": "Canberra",
        "country": "AU",
        "state": "ACT",
        "zip_code": "2600"
    },
    "name": "South Coast Mini Bus Tours",
    "phone": "+61434450565",
    "photos": [],
    "rating": 0.0,
    "review_count": 0,
    "term": "hotels",
    "url": "https://www.yelp.com/biz/south-coast-mini-bus-tours-canberra?adjust_creative=92p07_JjKyriZTQxAXRiKQ&utm_campaign=yelp_api_v3&utm_medium=api_v3_business_lookup&utm_source=92p07_JjKyriZTQxAXRiKQ",
    "uuid": "10606"
}