{
    "categories": [
        {
            "alias": "burgers",
            "title": "Burgers"
        },
        {
            "alias": "hotdog",
            "title": "Hot Dogs"
        },
        {
            "alias": "beergardens",
            "title": "Beer Gardens"
        }
    ],
    "coordinates": {
        "latitude": -35.3139483302944,
        "longitude": 149.147549135057
    },
    "hours": [
        {
            "hours_type": "REGULAR",
            "is_open_now": true,
            "open": [
                {
                    "day": 0,
                    "end": "1430",
                    "is_overnight": false,
                    "start": "0800"
                },
                {
                    "day": 1,
                    "end": "2030",
                    "is_overnight": false,
                    "start": "0800"
                },
                {
                    "day": 2,
                    "end": "2030",
                    "is_overnight": false,
                    "start": "0800"
                },
                {
                    "day": 3,
                    "end": "2030",
                    "is_overnight": false,
                    "start": "0800"
                },
                {
                    "day": 4,
                    "end": "2130",
                    "is_overnight": false,
                    "start": "0800"
                },
                {
                    "day": 5,
                    "end": "2130",
                    "is_overnight": false,
                    "start": "0800"
                },
                {
                    "day": 6,
                    "end": "2030",
                    "is_overnight": false,
                    "start": "0800"
                }
            ]
        }
    ],
    "id": "beef-and-barley-kingston",
    "image_url": "https://s3-media3.fl.yelpcdn.com/bphoto/PNzTMb6ubPSNXT5V4mUQnQ/o.jpg",
    "is_claimed": false,
    "is_closed": false,
    "location": {
        "address1": "Eyre St",
        "address2": "",
        "address3": "",
        "city": "Kingston",
        "country": "AU",
        "state": "ACT",
        "zip_code": "2604"
    },
    "name": "Beef & Barley",
    "phone": "+61261993366",
    "photos": [
        "https://s3-media1.fl.yelpcdn.com/bphoto/PNzTMb6ubPSNXT5V4mUQnQ/o.jpg",
        "https://s3-media1.fl.yelpcdn.com/bphoto/LKGVdmhXNtyeMG-ClEGpzw/o.jpg",
        "https://s3-media2.fl.yelpcdn.com/bphoto/bT0iSJ8zQkQODWMrwlieTA/o.jpg"
    ],
    "rating": 4.5,
    "review_count": 2,
    "term": "restaurants",
    "url": "https://www.yelp.com/biz/beef-and-barley-kingston?adjust_creative=92p07_JjKyriZTQxAXRiKQ&utm_campaign=yelp_api_v3&utm_medium=api_v3_business_lookup&utm_source=92p07_JjKyriZTQxAXRiKQ",
    "uuid": "1126"
}