{
    "categories": [
        {
            "alias": "cafes",
            "title": "Cafes"
        },
        {
            "alias": "coffee",
            "title": "Coffee & Tea"
        },
        {
            "alias": "gluten_free",
            "title": "Gluten-Free"
        },
        {
            "alias": "breakfast_brunch",
            "title": "Breakfast & Brunch"
        }
    ],
    "coordinates": {
        "latitude": -35.315731,
        "longitude": 149.1419067
    },
    "hours": [
        {
            "hours_type": "REGULAR",
            "is_open_now": false,
            "open": [
                {
                    "day": 0,
                    "end": "1600",
                    "is_overnight": false,
                    "start": "0730"
                },
                {
                    "day": 1,
                    "end": "1600",
                    "is_overnight": false,
                    "start": "0730"
                },
                {
                    "day": 2,
                    "end": "1600",
                    "is_overnight": false,
                    "start": "0730"
                },
                {
                    "day": 3,
                    "end": "1600",
                    "is_overnight": false,
                    "start": "0730"
                },
                {
                    "day": 4,
                    "end": "1600",
                    "is_overnight": false,
                    "start": "0730"
                },
                {
                    "day": 5,
                    "end": "1600",
                    "is_overnight": false,
                    "start": "0730"
                },
                {
                    "day": 6,
                    "end": "1600",
                    "is_overnight": false,
                    "start": "0730"
                }
            ]
        }
    ],
    "id": "bittersweet-kingston",
    "image_url": "https://s3-media4.fl.yelpcdn.com/bphoto/eDx74qFADtXuiL0Mftpf5w/o.jpg",
    "is_claimed": false,
    "is_closed": false,
    "location": {
        "address1": "Green Sq",
        "address2": "Jardine St",
        "address3": null,
        "city": "Kingston",
        "country": "AU",
        "state": "ACT",
        "zip_code": "2604"
    },
    "name": "Bittersweet",
    "phone": "+61262607263",
    "photos": [
        "https://s3-media2.fl.yelpcdn.com/bphoto/eDx74qFADtXuiL0Mftpf5w/o.jpg",
        "https://s3-media1.fl.yelpcdn.com/bphoto/wajKYqbOyMyKSypR9NKAcg/o.jpg",
        "https://s3-media3.fl.yelpcdn.com/bphoto/21FJxTnlVJGQ8e3px8Oleg/o.jpg"
    ],
    "price": "$$",
    "rating": 4.0,
    "review_count": 4,
    "term": "restaurants",
    "url": "https://www.yelp.com/biz/bittersweet-kingston?adjust_creative=92p07_JjKyriZTQxAXRiKQ&utm_campaign=yelp_api_v3&utm_medium=api_v3_business_lookup&utm_source=92p07_JjKyriZTQxAXRiKQ",
    "uuid": "1363"
}