{
    "categories": [
        {
            "alias": "restaurants",
            "title": "Restaurants"
        }
    ],
    "coordinates": {
        "latitude": -35.3156242,
        "longitude": 149.1404266
    },
    "id": "bollywood-masala-kingston",
    "image_url": "https://s3-media1.fl.yelpcdn.com/bphoto/r3LgtGknNuiqQy-NbWMdOA/o.jpg",
    "is_claimed": false,
    "is_closed": false,
    "location": {
        "address1": "46 Giles St",
        "address2": null,
        "address3": null,
        "city": "Kingston",
        "country": "AU",
        "state": "ACT",
        "zip_code": "2604"
    },
    "name": "Bollywood Masala",
    "phone": "+61261621113",
    "photos": [
        "https://s3-media4.fl.yelpcdn.com/bphoto/r3LgtGknNuiqQy-NbWMdOA/o.jpg",
        "https://s3-media1.fl.yelpcdn.com/bphoto/81f6x0LNWBIIy9jU6acQPA/o.jpg",
        "https://s3-media4.fl.yelpcdn.com/bphoto/-yXfOZlYRsas_kdhkPQm0g/o.jpg"
    ],
    "price": "$$",
    "rating": 5.0,
    "review_count": 4,
    "term": "restaurants",
    "url": "https://www.yelp.com/biz/bollywood-masala-kingston?adjust_creative=92p07_JjKyriZTQxAXRiKQ&utm_campaign=yelp_api_v3&utm_medium=api_v3_business_lookup&utm_source=92p07_JjKyriZTQxAXRiKQ",
    "uuid": "1514"
}