{
    "categories": [
        {
            "alias": "bars",
            "title": "Bars"
        },
        {
            "alias": "seafood",
            "title": "Seafood"
        },
        {
            "alias": "australian",
            "title": "Australian"
        }
    ],
    "coordinates": {
        "latitude": -35.3109130802382,
        "longitude": 149.145646751793
    },
    "id": "c-dine-kingston",
    "image_url": "https://s3-media2.fl.yelpcdn.com/bphoto/lNtxmTwn-QHLrMt7X1RxyQ/o.jpg",
    "is_claimed": false,
    "is_closed": false,
    "location": {
        "address1": "17/19 Eastlake Pde",
        "address2": "",
        "address3": "",
        "city": "Kingston",
        "country": "AU",
        "state": "ACT",
        "zip_code": "2604"
    },
    "name": "C Dine",
    "phone": "+61262395299",
    "photos": [
        "https://s3-media2.fl.yelpcdn.com/bphoto/lNtxmTwn-QHLrMt7X1RxyQ/o.jpg",
        "https://s3-media3.fl.yelpcdn.com/bphoto/XWTZGX4_qvO2-CM66ynZuA/o.jpg",
        "https://s3-media4.fl.yelpcdn.com/bphoto/auQNSt4tH6R-YzulVRWCdQ/o.jpg"
    ],
    "price": "$$$",
    "rating": 3.5,
    "review_count": 3,
    "term": "restaurants",
    "url": "https://www.yelp.com/biz/c-dine-kingston?adjust_creative=92p07_JjKyriZTQxAXRiKQ&utm_campaign=yelp_api_v3&utm_medium=api_v3_business_lookup&utm_source=92p07_JjKyriZTQxAXRiKQ",
    "uuid": "1891"
}