{
    "categories": [
        {
            "alias": "thai",
            "title": "Thai"
        },
        {
            "alias": "bars",
            "title": "Bars"
        }
    ],
    "coordinates": {
        "latitude": -35.3124127615456,
        "longitude": 149.146271240196
    },
    "hours": [
        {
            "hours_type": "REGULAR",
            "is_open_now": true,
            "open": [
                {
                    "day": 0,
                    "end": "2200",
                    "is_overnight": false,
                    "start": "1100"
                },
                {
                    "day": 1,
                    "end": "2200",
                    "is_overnight": false,
                    "start": "1100"
                },
                {
                    "day": 2,
                    "end": "2200",
                    "is_overnight": false,
                    "start": "1100"
                },
                {
                    "day": 3,
                    "end": "2200",
                    "is_overnight": false,
                    "start": "1100"
                },
                {
                    "day": 4,
                    "end": "2200",
                    "is_overnight": false,
                    "start": "1100"
                },
                {
                    "day": 5,
                    "end": "2200",
                    "is_overnight": false,
                    "start": "1100"
                },
                {
                    "day": 6,
                    "end": "2200",
                    "is_overnight": false,
                    "start": "1100"
                }
            ]
        }
    ],
    "id": "chong-co-thai-restaurant-and-bar-kingston",
    "image_url": "https://s3-media4.fl.yelpcdn.com/bphoto/eN5wGECevGV2Tfmr08cgsA/o.jpg",
    "is_claimed": true,
    "is_closed": false,
    "location": {
        "address1": "31 Eastlake Pde",
        "address2": "",
        "address3": "",
        "city": "Kingston",
        "country": "AU",
        "state": "ACT",
        "zip_code": "2604"
    },
    "name": "Chong Co Thai Restaurant & Bar",
    "phone": "+61261620200",
    "photos": [
        "https://s3-media3.fl.yelpcdn.com/bphoto/eN5wGECevGV2Tfmr08cgsA/o.jpg",
        "https://s3-media2.fl.yelpcdn.com/bphoto/NMBMg5cmuDtPBKEJyrbE3w/o.jpg",
        "https://s3-media2.fl.yelpcdn.com/bphoto/pjGx4eNsx2jTDH_A1LordQ/o.jpg"
    ],
    "price": "$$",
    "rating": 3.5,
    "review_count": 2,
    "term": "restaurants",
    "url": "https://www.yelp.com/biz/chong-co-thai-restaurant-and-bar-kingston?adjust_creative=92p07_JjKyriZTQxAXRiKQ&utm_campaign=yelp_api_v3&utm_medium=api_v3_business_lookup&utm_source=92p07_JjKyriZTQxAXRiKQ",
    "uuid": "2466"
}