{
    "categories": [
        {
            "alias": "mexican",
            "title": "Mexican"
        }
    ],
    "coordinates": {
        "latitude": -35.3167,
        "longitude": 149.14135
    },
    "hours": [
        {
            "hours_type": "REGULAR",
            "is_open_now": false,
            "open": [
                {
                    "day": 0,
                    "end": "1430",
                    "is_overnight": false,
                    "start": "1130"
                },
                {
                    "day": 1,
                    "end": "1430",
                    "is_overnight": false,
                    "start": "1130"
                },
                {
                    "day": 2,
                    "end": "1430",
                    "is_overnight": false,
                    "start": "1130"
                },
                {
                    "day": 3,
                    "end": "1430",
                    "is_overnight": false,
                    "start": "1130"
                },
                {
                    "day": 4,
                    "end": "1430",
                    "is_overnight": false,
                    "start": "1130"
                },
                {
                    "day": 5,
                    "end": "1430",
                    "is_overnight": false,
                    "start": "1130"
                },
                {
                    "day": 6,
                    "end": "1430",
                    "is_overnight": false,
                    "start": "1130"
                }
            ]
        }
    ],
    "id": "ciscos-restaurant-mexicano-kingston",
    "image_url": "",
    "is_claimed": false,
    "is_closed": false,
    "location": {
        "address1": "35 Kennedy St",
        "address2": "",
        "address3": "",
        "city": "Kingston",
        "country": "AU",
        "state": "ACT",
        "zip_code": "2604"
    },
    "name": "Cisco's Restaurant Mexicano",
    "phone": "+61261569771",
    "photos": [],
    "rating": 2.0,
    "review_count": 2,
    "term": "restaurants",
    "url": "https://www.yelp.com/biz/ciscos-restaurant-mexicano-kingston?adjust_creative=92p07_JjKyriZTQxAXRiKQ&utm_campaign=yelp_api_v3&utm_medium=api_v3_business_lookup&utm_source=92p07_JjKyriZTQxAXRiKQ",
    "uuid": "2545"
}