{
    "categories": [
        {
            "alias": "chinese",
            "title": "Chinese"
        },
        {
            "alias": "vegan",
            "title": "Vegan"
        }
    ],
    "coordinates": {
        "latitude": -35.31201,
        "longitude": 149.14604
    },
    "id": "coco-nine-kingston",
    "image_url": "https://s3-media3.fl.yelpcdn.com/bphoto/oguKwpi686GjLBvPfiCn6A/o.jpg",
    "is_claimed": false,
    "is_closed": false,
    "location": {
        "address1": "29 Eastlake Pde",
        "address2": "",
        "address3": "",
        "city": "Kingston",
        "country": "AU",
        "state": "ACT",
        "zip_code": "2604"
    },
    "name": "Coco Nine",
    "phone": "",
    "photos": [
        "https://s3-media1.fl.yelpcdn.com/bphoto/oguKwpi686GjLBvPfiCn6A/o.jpg",
        "https://s3-media3.fl.yelpcdn.com/bphoto/2lhqukLwyhcuXkNXWW5ZMQ/o.jpg",
        "https://s3-media3.fl.yelpcdn.com/bphoto/yb9XGdz-8UgWk5LBkucT0g/o.jpg"
    ],
    "rating": 5.0,
    "review_count": 1,
    "term": "restaurants",
    "url": "https://www.yelp.com/biz/coco-nine-kingston?adjust_creative=92p07_JjKyriZTQxAXRiKQ&utm_campaign=yelp_api_v3&utm_medium=api_v3_business_lookup&utm_source=92p07_JjKyriZTQxAXRiKQ",
    "uuid": "2697"
}