{
    "categories": [
        {
            "alias": "cafes",
            "title": "Cafes"
        }
    ],
    "coordinates": {
        "latitude": -35.3111321327978,
        "longitude": 149.145896760848
    },
    "hours": [
        {
            "hours_type": "REGULAR",
            "is_open_now": false,
            "open": [
                {
                    "day": 0,
                    "end": "1500",
                    "is_overnight": false,
                    "start": "0700"
                },
                {
                    "day": 1,
                    "end": "1500",
                    "is_overnight": false,
                    "start": "0700"
                },
                {
                    "day": 2,
                    "end": "1500",
                    "is_overnight": false,
                    "start": "0700"
                },
                {
                    "day": 3,
                    "end": "1500",
                    "is_overnight": false,
                    "start": "0700"
                },
                {
                    "day": 4,
                    "end": "1500",
                    "is_overnight": false,
                    "start": "0700"
                },
                {
                    "day": 5,
                    "end": "1500",
                    "is_overnight": false,
                    "start": "0700"
                },
                {
                    "day": 6,
                    "end": "1500",
                    "is_overnight": false,
                    "start": "0800"
                }
            ]
        }
    ],
    "id": "38-espresso-kingston",
    "image_url": "https://s3-media2.fl.yelpcdn.com/bphoto/Tu-kmpovy705nZl6_SE1tw/o.jpg",
    "is_claimed": false,
    "is_closed": false,
    "location": {
        "address1": "Lot 2",
        "address2": "Trevillian Quay",
        "address3": "",
        "city": "Kingston",
        "country": "AU",
        "state": "ACT",
        "zip_code": "2604"
    },
    "name": "38 Espresso",
    "phone": "+61261626027",
    "photos": [
        "https://s3-media1.fl.yelpcdn.com/bphoto/Tu-kmpovy705nZl6_SE1tw/o.jpg",
        "https://s3-media3.fl.yelpcdn.com/bphoto/_wnHoKCgkuQdf-slU-V_sA/o.jpg",
        "https://s3-media2.fl.yelpcdn.com/bphoto/Y_rw3CSCmt-a9gVwCPezJg/o.jpg"
    ],
    "price": "$",
    "rating": 4.0,
    "review_count": 4,
    "term": "restaurants",
    "url": "https://www.yelp.com/biz/38-espresso-kingston?adjust_creative=92p07_JjKyriZTQxAXRiKQ&utm_campaign=yelp_api_v3&utm_medium=api_v3_business_lookup&utm_source=92p07_JjKyriZTQxAXRiKQ",
    "uuid": "68"
}