{
    "categories": [
        {
            "alias": "salad",
            "title": "Salad"
        },
        {
            "alias": "pizza",
            "title": "Pizza"
        }
    ],
    "coordinates": {
        "latitude": -35.316305,
        "longitude": 149.140644
    },
    "hours": [
        {
            "hours_type": "REGULAR",
            "is_open_now": false,
            "open": [
                {
                    "day": 0,
                    "end": "2100",
                    "is_overnight": false,
                    "start": "1730"
                },
                {
                    "day": 1,
                    "end": "2100",
                    "is_overnight": false,
                    "start": "1730"
                },
                {
                    "day": 2,
                    "end": "2100",
                    "is_overnight": false,
                    "start": "1730"
                },
                {
                    "day": 3,
                    "end": "2100",
                    "is_overnight": false,
                    "start": "1730"
                },
                {
                    "day": 4,
                    "end": "1400",
                    "is_overnight": false,
                    "start": "1200"
                },
                {
                    "day": 4,
                    "end": "2100",
                    "is_overnight": false,
                    "start": "1730"
                },
                {
                    "day": 5,
                    "end": "2100",
                    "is_overnight": false,
                    "start": "1730"
                },
                {
                    "day": 6,
                    "end": "2100",
                    "is_overnight": false,
                    "start": "1730"
                }
            ]
        }
    ],
    "id": "figaro-restaurant-kingston",
    "image_url": "https://s3-media4.fl.yelpcdn.com/bphoto/d-nylt7M7vzvcpFp4sv5vA/o.jpg",
    "is_claimed": true,
    "is_closed": false,
    "location": {
        "address1": "17 Kennedy St",
        "address2": null,
        "address3": null,
        "city": "Kingston",
        "country": "AU",
        "state": "ACT",
        "zip_code": "2604"
    },
    "name": "Figaro Restaurant",
    "phone": "+61262326922",
    "photos": [
        "https://s3-media3.fl.yelpcdn.com/bphoto/d-nylt7M7vzvcpFp4sv5vA/o.jpg",
        "https://s3-media2.fl.yelpcdn.com/bphoto/_DGTUwIOPgfaExliXtqEXQ/o.jpg",
        "https://s3-media3.fl.yelpcdn.com/bphoto/--Oz86QdvHCpkD4hz4eAWw/o.jpg"
    ],
    "price": "$$",
    "rating": 4.0,
    "review_count": 2,
    "term": "restaurants",
    "url": "https://www.yelp.com/biz/figaro-restaurant-kingston?adjust_creative=92p07_JjKyriZTQxAXRiKQ&utm_campaign=yelp_api_v3&utm_medium=api_v3_business_lookup&utm_source=92p07_JjKyriZTQxAXRiKQ",
    "uuid": "3981"
}