{
    "categories": [
        {
            "alias": "breakfast_brunch",
            "title": "Breakfast & Brunch"
        },
        {
            "alias": "coffee",
            "title": "Coffee & Tea"
        }
    ],
    "coordinates": {
        "latitude": -35.3152893385168,
        "longitude": 149.140964001417
    },
    "hours": [
        {
            "hours_type": "REGULAR",
            "is_open_now": false,
            "open": [
                {
                    "day": 0,
                    "end": "1500",
                    "is_overnight": false,
                    "start": "0700"
                },
                {
                    "day": 1,
                    "end": "1500",
                    "is_overnight": false,
                    "start": "0700"
                },
                {
                    "day": 2,
                    "end": "1500",
                    "is_overnight": false,
                    "start": "0700"
                },
                {
                    "day": 3,
                    "end": "1500",
                    "is_overnight": false,
                    "start": "0700"
                },
                {
                    "day": 4,
                    "end": "1500",
                    "is_overnight": false,
                    "start": "0700"
                },
                {
                    "day": 5,
                    "end": "1500",
                    "is_overnight": false,
                    "start": "0700"
                }
            ]
        }
    ],
    "id": "idelic-kingston-2",
    "image_url": "https://s3-media3.fl.yelpcdn.com/bphoto/IUWmcNiWlpCSgQDe18mwzQ/o.jpg",
    "is_claimed": false,
    "is_closed": false,
    "location": {
        "address1": "60 Giles St",
        "address2": "",
        "address3": "",
        "city": "Kingston",
        "country": "AU",
        "state": "ACT",
        "zip_code": "2604"
    },
    "name": "Idelic",
    "phone": "+61262394142",
    "photos": [
        "https://s3-media2.fl.yelpcdn.com/bphoto/IUWmcNiWlpCSgQDe18mwzQ/o.jpg",
        "https://s3-media2.fl.yelpcdn.com/bphoto/VeJL7DR-LyHkcFIaIxB2ew/o.jpg",
        "https://s3-media1.fl.yelpcdn.com/bphoto/iEZrplBy5l2JL5M2hClOQw/o.jpg"
    ],
    "price": "$$",
    "rating": 4.0,
    "review_count": 5,
    "term": "restaurants",
    "url": "https://www.yelp.com/biz/idelic-kingston-2?adjust_creative=92p07_JjKyriZTQxAXRiKQ&utm_campaign=yelp_api_v3&utm_medium=api_v3_business_lookup&utm_source=92p07_JjKyriZTQxAXRiKQ",
    "uuid": "5574"
}