{
    "categories": [
        {
            "alias": "cafes",
            "title": "Cafes"
        },
        {
            "alias": "bars",
            "title": "Bars"
        }
    ],
    "coordinates": {
        "latitude": -35.3160137744252,
        "longitude": 149.140208959579
    },
    "hours": [
        {
            "hours_type": "REGULAR",
            "is_open_now": false,
            "open": [
                {
                    "day": 0,
                    "end": "0000",
                    "is_overnight": false,
                    "start": "0730"
                },
                {
                    "day": 1,
                    "end": "0000",
                    "is_overnight": false,
                    "start": "0730"
                },
                {
                    "day": 2,
                    "end": "0000",
                    "is_overnight": false,
                    "start": "0730"
                },
                {
                    "day": 3,
                    "end": "0000",
                    "is_overnight": false,
                    "start": "0730"
                },
                {
                    "day": 4,
                    "end": "0000",
                    "is_overnight": false,
                    "start": "0730"
                },
                {
                    "day": 5,
                    "end": "0000",
                    "is_overnight": false,
                    "start": "0800"
                },
                {
                    "day": 6,
                    "end": "1600",
                    "is_overnight": false,
                    "start": "0800"
                }
            ]
        }
    ],
    "id": "jones-and-co-kingston",
    "image_url": "https://s3-media4.fl.yelpcdn.com/bphoto/IsUn9YtrWk3B1xNlHzAKsA/o.jpg",
    "is_claimed": false,
    "is_closed": false,
    "location": {
        "address1": "26 Giles St",
        "address2": "",
        "address3": "",
        "city": "Kingston",
        "country": "AU",
        "state": "ACT",
        "zip_code": "2604"
    },
    "name": "Jones & Co",
    "phone": "+61261623355",
    "photos": [
        "https://s3-media1.fl.yelpcdn.com/bphoto/IsUn9YtrWk3B1xNlHzAKsA/o.jpg",
        "https://s3-media4.fl.yelpcdn.com/bphoto/gLG0SCdl7RY_SvPG_ZrfUA/o.jpg",
        "https://s3-media3.fl.yelpcdn.com/bphoto/QNZGQEL7-Z7v8rDx2-EPzw/o.jpg"
    ],
    "price": "$$",
    "rating": 3.5,
    "review_count": 14,
    "term": "restaurants",
    "url": "https://www.yelp.com/biz/jones-and-co-kingston?adjust_creative=92p07_JjKyriZTQxAXRiKQ&utm_campaign=yelp_api_v3&utm_medium=api_v3_business_lookup&utm_source=92p07_JjKyriZTQxAXRiKQ",
    "uuid": "5932"
}