{
    "categories": [
        {
            "alias": "hotdogs",
            "title": "Fast Food"
        }
    ],
    "coordinates": {
        "latitude": -35.3167,
        "longitude": 149.1413574
    },
    "id": "la-rustica-trattoria-pizzeria-kingston",
    "image_url": "https://s3-media2.fl.yelpcdn.com/bphoto/LYyRRz5TyoXJQYZ3YZgqsA/o.jpg",
    "is_claimed": false,
    "is_closed": false,
    "location": {
        "address1": "35 Kennedy St",
        "address2": null,
        "address3": null,
        "city": "Kingston",
        "country": "AU",
        "state": "ACT",
        "zip_code": "2604"
    },
    "name": "La Rustica Trattoria Pizzeria",
    "phone": "+61262950152",
    "photos": [
        "https://s3-media4.fl.yelpcdn.com/bphoto/LYyRRz5TyoXJQYZ3YZgqsA/o.jpg"
    ],
    "price": "$$",
    "rating": 4.0,
    "review_count": 2,
    "term": "restaurants",
    "url": "https://www.yelp.com/biz/la-rustica-trattoria-pizzeria-kingston?adjust_creative=92p07_JjKyriZTQxAXRiKQ&utm_campaign=yelp_api_v3&utm_medium=api_v3_business_lookup&utm_source=92p07_JjKyriZTQxAXRiKQ",
    "uuid": "6416"
}