{
    "categories": [
        {
            "alias": "italian",
            "title": "Italian"
        }
    ],
    "coordinates": {
        "latitude": -35.3111876620986,
        "longitude": 149.145812526209
    },
    "id": "la-rustica-by-the-lake-kingston",
    "image_url": "https://s3-media2.fl.yelpcdn.com/bphoto/BvkIJlMW_IuCYWAdEWoNvw/o.jpg",
    "is_claimed": false,
    "is_closed": false,
    "location": {
        "address1": "17 East Lake Pde",
        "address2": "",
        "address3": "",
        "city": "Kingston",
        "country": "AU",
        "state": "ACT",
        "zip_code": "2604"
    },
    "name": "La Rustica By The Lake",
    "phone": "+61262950152",
    "photos": [
        "https://s3-media3.fl.yelpcdn.com/bphoto/BvkIJlMW_IuCYWAdEWoNvw/o.jpg",
        "https://s3-media4.fl.yelpcdn.com/bphoto/TIruVl3X3FGifmHHisXHDQ/o.jpg"
    ],
    "price": "$$",
    "rating": 2.0,
    "review_count": 2,
    "term": "restaurants",
    "url": "https://www.yelp.com/biz/la-rustica-by-the-lake-kingston?adjust_creative=92p07_JjKyriZTQxAXRiKQ&utm_campaign=yelp_api_v3&utm_medium=api_v3_business_lookup&utm_source=92p07_JjKyriZTQxAXRiKQ",
    "uuid": "6415"
}