{
    "categories": [
        {
            "alias": "gastropubs",
            "title": "Gastropubs"
        }
    ],
    "coordinates": {
        "latitude": -35.3157416810783,
        "longitude": 149.141728636444
    },
    "id": "little-brooklyn-kingston",
    "image_url": "https://s3-media1.fl.yelpcdn.com/bphoto/oTg5zhgmlOVbQhPOsPiREA/o.jpg",
    "is_claimed": false,
    "is_closed": false,
    "location": {
        "address1": "Green Sq",
        "address2": "44 Jardine St",
        "address3": "",
        "city": "Kingston",
        "country": "AU",
        "state": "ACT",
        "zip_code": "2604"
    },
    "name": "Little Brooklyn",
    "phone": "+61262608150",
    "photos": [
        "https://s3-media3.fl.yelpcdn.com/bphoto/oTg5zhgmlOVbQhPOsPiREA/o.jpg",
        "https://s3-media2.fl.yelpcdn.com/bphoto/AUaL8zZHe9E5yWT30Evv3g/o.jpg"
    ],
    "price": "$$",
    "rating": 3.5,
    "review_count": 7,
    "term": "restaurants",
    "url": "https://www.yelp.com/biz/little-brooklyn-kingston?adjust_creative=92p07_JjKyriZTQxAXRiKQ&utm_campaign=yelp_api_v3&utm_medium=api_v3_business_lookup&utm_source=92p07_JjKyriZTQxAXRiKQ",
    "uuid": "6714"
}