{
    "categories": [
        {
            "alias": "cafes",
            "title": "Cafes"
        }
    ],
    "coordinates": {
        "latitude": -35.3125678270393,
        "longitude": 149.146716503675
    },
    "hours": [
        {
            "hours_type": "REGULAR",
            "is_open_now": false,
            "open": [
                {
                    "day": 0,
                    "end": "1530",
                    "is_overnight": false,
                    "start": "0730"
                },
                {
                    "day": 1,
                    "end": "1530",
                    "is_overnight": false,
                    "start": "0730"
                },
                {
                    "day": 2,
                    "end": "1530",
                    "is_overnight": false,
                    "start": "0730"
                },
                {
                    "day": 3,
                    "end": "1530",
                    "is_overnight": false,
                    "start": "0730"
                },
                {
                    "day": 4,
                    "end": "1530",
                    "is_overnight": false,
                    "start": "0730"
                },
                {
                    "day": 5,
                    "end": "1600",
                    "is_overnight": false,
                    "start": "0800"
                },
                {
                    "day": 6,
                    "end": "1600",
                    "is_overnight": false,
                    "start": "0800"
                }
            ]
        }
    ],
    "id": "local-press-cafe-kingston",
    "image_url": "https://s3-media1.fl.yelpcdn.com/bphoto/PeKUjZIFjz-yNYZ9iXII2g/o.jpg",
    "is_claimed": false,
    "is_closed": false,
    "location": {
        "address1": "9/81 Eastlake Pde",
        "address2": "",
        "address3": "",
        "city": "Kingston",
        "country": "AU",
        "state": "ACT",
        "zip_code": "2604"
    },
    "name": "Local Press Cafe",
    "phone": "",
    "photos": [
        "https://s3-media3.fl.yelpcdn.com/bphoto/PeKUjZIFjz-yNYZ9iXII2g/o.jpg",
        "https://s3-media1.fl.yelpcdn.com/bphoto/X99USrvnbwoSeI0H6c9FvA/o.jpg",
        "https://s3-media1.fl.yelpcdn.com/bphoto/JYr7uzzFcBqyftef07PFvA/o.jpg"
    ],
    "price": "$$",
    "rating": 4.0,
    "review_count": 7,
    "term": "restaurants",
    "url": "https://www.yelp.com/biz/local-press-cafe-kingston?adjust_creative=92p07_JjKyriZTQxAXRiKQ&utm_campaign=yelp_api_v3&utm_medium=api_v3_business_lookup&utm_source=92p07_JjKyriZTQxAXRiKQ",
    "uuid": "6780"
}