{
    "categories": [
        {
            "alias": "thai",
            "title": "Thai"
        }
    ],
    "coordinates": {
        "latitude": -35.3110879404942,
        "longitude": 149.145711727005
    },
    "hours": [
        {
            "hours_type": "REGULAR",
            "is_open_now": false,
            "open": [
                {
                    "day": 1,
                    "end": "1400",
                    "is_overnight": false,
                    "start": "1200"
                },
                {
                    "day": 1,
                    "end": "2130",
                    "is_overnight": false,
                    "start": "1800"
                },
                {
                    "day": 2,
                    "end": "1400",
                    "is_overnight": false,
                    "start": "1200"
                },
                {
                    "day": 2,
                    "end": "2130",
                    "is_overnight": false,
                    "start": "1800"
                },
                {
                    "day": 3,
                    "end": "1400",
                    "is_overnight": false,
                    "start": "1200"
                },
                {
                    "day": 3,
                    "end": "2130",
                    "is_overnight": false,
                    "start": "1800"
                },
                {
                    "day": 4,
                    "end": "1400",
                    "is_overnight": false,
                    "start": "1200"
                },
                {
                    "day": 4,
                    "end": "2200",
                    "is_overnight": false,
                    "start": "1800"
                },
                {
                    "day": 5,
                    "end": "1400",
                    "is_overnight": false,
                    "start": "1200"
                },
                {
                    "day": 5,
                    "end": "2200",
                    "is_overnight": false,
                    "start": "1800"
                },
                {
                    "day": 6,
                    "end": "1400",
                    "is_overnight": false,
                    "start": "1200"
                }
            ]
        }
    ],
    "id": "morks-contemporary-thai-kingston",
    "image_url": "https://s3-media1.fl.yelpcdn.com/bphoto/gMRbykOByphjXjjkadAbBg/o.jpg",
    "is_claimed": false,
    "is_closed": false,
    "location": {
        "address1": "18/19 Eastlake Pde",
        "address2": "",
        "address3": "",
        "city": "Kingston",
        "country": "AU",
        "state": "ACT",
        "zip_code": "2604"
    },
    "name": "Morks Contemporary Thai",
    "phone": "+61262950112",
    "photos": [
        "https://s3-media3.fl.yelpcdn.com/bphoto/gMRbykOByphjXjjkadAbBg/o.jpg",
        "https://s3-media2.fl.yelpcdn.com/bphoto/AE3EEVrELur2wad5dH6ihA/o.jpg",
        "https://s3-media3.fl.yelpcdn.com/bphoto/6aoe3Wh-huJX1-kwzUSsVQ/o.jpg"
    ],
    "rating": 4.5,
    "review_count": 4,
    "term": "restaurants",
    "url": "https://www.yelp.com/biz/morks-contemporary-thai-kingston?adjust_creative=92p07_JjKyriZTQxAXRiKQ&utm_campaign=yelp_api_v3&utm_medium=api_v3_business_lookup&utm_source=92p07_JjKyriZTQxAXRiKQ",
    "uuid": "7699"
}