{
    "categories": [
        {
            "alias": "cafes",
            "title": "Cafes"
        },
        {
            "alias": "coffee",
            "title": "Coffee & Tea"
        }
    ],
    "coordinates": {
        "latitude": -35.3162918,
        "longitude": 149.1406555
    },
    "hours": [
        {
            "hours_type": "REGULAR",
            "is_open_now": false,
            "open": [
                {
                    "day": 0,
                    "end": "1600",
                    "is_overnight": false,
                    "start": "0700"
                },
                {
                    "day": 1,
                    "end": "1600",
                    "is_overnight": false,
                    "start": "0700"
                },
                {
                    "day": 2,
                    "end": "1600",
                    "is_overnight": false,
                    "start": "0700"
                },
                {
                    "day": 3,
                    "end": "1600",
                    "is_overnight": false,
                    "start": "0700"
                },
                {
                    "day": 4,
                    "end": "1600",
                    "is_overnight": false,
                    "start": "0700"
                },
                {
                    "day": 5,
                    "end": "1600",
                    "is_overnight": false,
                    "start": "0700"
                },
                {
                    "day": 6,
                    "end": "1600",
                    "is_overnight": false,
                    "start": "0700"
                }
            ]
        }
    ],
    "id": "penny-university-kingston",
    "image_url": "https://s3-media4.fl.yelpcdn.com/bphoto/mh7vRv2wasvo68P_Z43Xfw/o.jpg",
    "is_claimed": false,
    "is_closed": false,
    "location": {
        "address1": "15 Kennedy St",
        "address2": "",
        "address3": "",
        "city": "Kingston",
        "country": "AU",
        "state": "ACT",
        "zip_code": "2604"
    },
    "name": "Penny University",
    "phone": "+61262611500",
    "photos": [
        "https://s3-media2.fl.yelpcdn.com/bphoto/mh7vRv2wasvo68P_Z43Xfw/o.jpg",
        "https://s3-media2.fl.yelpcdn.com/bphoto/hcXdVd8_1fsd2FO6jq9nGw/o.jpg",
        "https://s3-media2.fl.yelpcdn.com/bphoto/6buh_IkzN5eexBe3IzkK8w/o.jpg"
    ],
    "price": "$$",
    "rating": 4.5,
    "review_count": 12,
    "term": "restaurants",
    "url": "https://www.yelp.com/biz/penny-university-kingston?adjust_creative=92p07_JjKyriZTQxAXRiKQ&utm_campaign=yelp_api_v3&utm_medium=api_v3_business_lookup&utm_source=92p07_JjKyriZTQxAXRiKQ",
    "uuid": "8774"
}