{
    "categories": [
        {
            "alias": "hotdogs",
            "title": "Fast Food"
        },
        {
            "alias": "pizza",
            "title": "Pizza"
        }
    ],
    "coordinates": {
        "latitude": -35.31763,
        "longitude": 149.1406299
    },
    "hours": [
        {
            "hours_type": "REGULAR",
            "is_open_now": false,
            "open": [
                {
                    "day": 2,
                    "end": "2100",
                    "is_overnight": false,
                    "start": "1700"
                },
                {
                    "day": 3,
                    "end": "2100",
                    "is_overnight": false,
                    "start": "1700"
                },
                {
                    "day": 4,
                    "end": "2100",
                    "is_overnight": false,
                    "start": "1700"
                },
                {
                    "day": 5,
                    "end": "2100",
                    "is_overnight": false,
                    "start": "1700"
                },
                {
                    "day": 6,
                    "end": "2100",
                    "is_overnight": false,
                    "start": "1700"
                }
            ]
        }
    ],
    "id": "pizza-arte-kingston",
    "image_url": "https://s3-media1.fl.yelpcdn.com/bphoto/tuYywYqw7MGZ8FxkGRhq4A/o.jpg",
    "is_claimed": false,
    "is_closed": false,
    "location": {
        "address1": "13 Leichhardt St",
        "address2": null,
        "address3": null,
        "city": "Kingston",
        "country": "AU",
        "state": "ACT",
        "zip_code": "2604"
    },
    "name": "Pizza Arte",
    "phone": "+61262396777",
    "photos": [
        "https://s3-media2.fl.yelpcdn.com/bphoto/tuYywYqw7MGZ8FxkGRhq4A/o.jpg"
    ],
    "price": "$$",
    "rating": 5.0,
    "review_count": 2,
    "term": "restaurants",
    "url": "https://www.yelp.com/biz/pizza-arte-kingston?adjust_creative=92p07_JjKyriZTQxAXRiKQ&utm_campaign=yelp_api_v3&utm_medium=api_v3_business_lookup&utm_source=92p07_JjKyriZTQxAXRiKQ",
    "uuid": "9005"
}