{
    "categories": [
        {
            "alias": "modern_australian",
            "title": "Modern Australian"
        }
    ],
    "coordinates": {
        "latitude": -35.3151495515312,
        "longitude": 149.140513176117
    },
    "hours": [
        {
            "hours_type": "REGULAR",
            "is_open_now": false,
            "open": [
                {
                    "day": 1,
                    "end": "1430",
                    "is_overnight": false,
                    "start": "1200"
                },
                {
                    "day": 1,
                    "end": "2100",
                    "is_overnight": false,
                    "start": "1800"
                },
                {
                    "day": 2,
                    "end": "1430",
                    "is_overnight": false,
                    "start": "1200"
                },
                {
                    "day": 2,
                    "end": "2100",
                    "is_overnight": false,
                    "start": "1800"
                },
                {
                    "day": 3,
                    "end": "1430",
                    "is_overnight": false,
                    "start": "1200"
                },
                {
                    "day": 3,
                    "end": "2100",
                    "is_overnight": false,
                    "start": "1800"
                },
                {
                    "day": 4,
                    "end": "1430",
                    "is_overnight": false,
                    "start": "1200"
                },
                {
                    "day": 4,
                    "end": "2100",
                    "is_overnight": false,
                    "start": "1800"
                },
                {
                    "day": 5,
                    "end": "1430",
                    "is_overnight": false,
                    "start": "1200"
                },
                {
                    "day": 5,
                    "end": "2100",
                    "is_overnight": false,
                    "start": "1800"
                },
                {
                    "day": 6,
                    "end": "1430",
                    "is_overnight": false,
                    "start": "1200"
                },
                {
                    "day": 6,
                    "end": "2100",
                    "is_overnight": false,
                    "start": "1800"
                }
            ]
        }
    ],
    "id": "pomegranate-kingston",
    "image_url": "https://s3-media2.fl.yelpcdn.com/bphoto/Q73c5ZYzE1G-QMkrIh2dxA/o.jpg",
    "is_claimed": false,
    "is_closed": false,
    "location": {
        "address1": "31 Giles St",
        "address2": "",
        "address3": "",
        "city": "Kingston",
        "country": "AU",
        "state": "ACT",
        "zip_code": "2604"
    },
    "name": "Pomegranate",
    "phone": "+61262951515",
    "photos": [
        "https://s3-media2.fl.yelpcdn.com/bphoto/Q73c5ZYzE1G-QMkrIh2dxA/o.jpg",
        "https://s3-media1.fl.yelpcdn.com/bphoto/ylnzyw-LFwDjdl2wGWjJig/o.jpg"
    ],
    "rating": 5.0,
    "review_count": 1,
    "term": "restaurants",
    "url": "https://www.yelp.com/biz/pomegranate-kingston?adjust_creative=92p07_JjKyriZTQxAXRiKQ&utm_campaign=yelp_api_v3&utm_medium=api_v3_business_lookup&utm_source=92p07_JjKyriZTQxAXRiKQ",
    "uuid": "9108"
}