{
    "categories": [
        {
            "alias": "bakeries",
            "title": "Bakeries"
        },
        {
            "alias": "modern_australian",
            "title": "Modern Australian"
        },
        {
            "alias": "cafes",
            "title": "Cafes"
        }
    ],
    "coordinates": {
        "latitude": -35.3157883,
        "longitude": 149.1404266
    },
    "hours": [
        {
            "hours_type": "REGULAR",
            "is_open_now": false,
            "open": [
                {
                    "day": 1,
                    "end": "1600",
                    "is_overnight": false,
                    "start": "0700"
                },
                {
                    "day": 2,
                    "end": "1600",
                    "is_overnight": false,
                    "start": "0700"
                },
                {
                    "day": 3,
                    "end": "1600",
                    "is_overnight": false,
                    "start": "0700"
                },
                {
                    "day": 4,
                    "end": "1600",
                    "is_overnight": false,
                    "start": "0700"
                },
                {
                    "day": 5,
                    "end": "1600",
                    "is_overnight": false,
                    "start": "0700"
                }
            ]
        }
    ],
    "id": "silo-bakery-kingston",
    "image_url": "https://s3-media1.fl.yelpcdn.com/bphoto/XevOn1zRpodPhQgQh6eGjg/o.jpg",
    "is_claimed": false,
    "is_closed": false,
    "location": {
        "address1": "36 Giles St",
        "address2": null,
        "address3": null,
        "city": "Kingston",
        "country": "AU",
        "state": "ACT",
        "zip_code": "2604"
    },
    "name": "Silo Bakery",
    "phone": "+61262606060",
    "photos": [
        "https://s3-media2.fl.yelpcdn.com/bphoto/XevOn1zRpodPhQgQh6eGjg/o.jpg",
        "https://s3-media2.fl.yelpcdn.com/bphoto/S6_VSigsZKl4mDx4tloorA/o.jpg",
        "https://s3-media4.fl.yelpcdn.com/bphoto/Mja1zZZKyWeyIGrCqtQSZA/o.jpg"
    ],
    "price": "$$",
    "rating": 4.5,
    "review_count": 3,
    "term": "restaurants",
    "url": "https://www.yelp.com/biz/silo-bakery-kingston?adjust_creative=92p07_JjKyriZTQxAXRiKQ&utm_campaign=yelp_api_v3&utm_medium=api_v3_business_lookup&utm_source=92p07_JjKyriZTQxAXRiKQ",
    "uuid": "10392"
}