{
    "categories": [
        {
            "alias": "shanghainese",
            "title": "Shanghainese"
        }
    ],
    "coordinates": {
        "latitude": -35.3124496967993,
        "longitude": 149.146566989545
    },
    "id": "tang-dynasty-restaurant-kingston",
    "image_url": "https://s3-media4.fl.yelpcdn.com/bphoto/nFkTbaYLDb3Kgeo_OVKwrQ/o.jpg",
    "is_claimed": false,
    "is_closed": false,
    "location": {
        "address1": "10/81 Eastlake Pde",
        "address2": "",
        "address3": "",
        "city": "Kingston",
        "country": "AU",
        "state": "ACT",
        "zip_code": "2604"
    },
    "name": "Tang Dynasty Restaurant",
    "phone": "+61262326997",
    "photos": [
        "https://s3-media4.fl.yelpcdn.com/bphoto/nFkTbaYLDb3Kgeo_OVKwrQ/o.jpg",
        "https://s3-media1.fl.yelpcdn.com/bphoto/BJuKjLfhXku4sSNnIVNIqg/o.jpg",
        "https://s3-media1.fl.yelpcdn.com/bphoto/79HXZ0FM1DdXj3D2pF4cKQ/o.jpg"
    ],
    "price": "$$",
    "rating": 4.0,
    "review_count": 2,
    "term": "restaurants",
    "url": "https://www.yelp.com/biz/tang-dynasty-restaurant-kingston?adjust_creative=92p07_JjKyriZTQxAXRiKQ&utm_campaign=yelp_api_v3&utm_medium=api_v3_business_lookup&utm_source=92p07_JjKyriZTQxAXRiKQ",
    "uuid": "11199"
}