{
    "categories": [
        {
            "alias": "thai",
            "title": "Thai"
        }
    ],
    "coordinates": {
        "latitude": -35.315361,
        "longitude": 149.140625
    },
    "id": "thai-chiang-rai-kingston",
    "image_url": "",
    "is_claimed": false,
    "is_closed": false,
    "location": {
        "address1": "62 Giles St",
        "address2": "",
        "address3": "",
        "city": "Kingston",
        "country": "AU",
        "state": "ACT",
        "zip_code": "2604"
    },
    "name": "Thai Chiang Rai",
    "phone": "",
    "photos": [],
    "rating": 3.5,
    "review_count": 3,
    "term": "restaurants",
    "url": "https://www.yelp.com/biz/thai-chiang-rai-kingston?adjust_creative=92p07_JjKyriZTQxAXRiKQ&utm_campaign=yelp_api_v3&utm_medium=api_v3_business_lookup&utm_source=92p07_JjKyriZTQxAXRiKQ",
    "uuid": "11375"
}