{
    "categories": [
        {
            "alias": "modern_australian",
            "title": "Modern Australian"
        }
    ],
    "coordinates": {
        "latitude": -35.3166122,
        "longitude": 149.141098
    },
    "id": "the-kennedy-room-kingston",
    "image_url": "https://s3-media1.fl.yelpcdn.com/bphoto/gPxESGr4ucQwZxhhkR-ybA/o.jpg",
    "is_claimed": false,
    "is_closed": false,
    "location": {
        "address1": "27 Kennedy St",
        "address2": "",
        "address3": "",
        "city": "Kingston",
        "country": "AU",
        "state": "ACT",
        "zip_code": "2604"
    },
    "name": "The Kennedy Room",
    "phone": "",
    "photos": [
        "https://s3-media2.fl.yelpcdn.com/bphoto/gPxESGr4ucQwZxhhkR-ybA/o.jpg",
        "https://s3-media2.fl.yelpcdn.com/bphoto/tqN4CKofpV6AdphWG1E6nw/o.jpg"
    ],
    "rating": 3.0,
    "review_count": 1,
    "term": "restaurants",
    "url": "https://www.yelp.com/biz/the-kennedy-room-kingston?adjust_creative=92p07_JjKyriZTQxAXRiKQ&utm_campaign=yelp_api_v3&utm_medium=api_v3_business_lookup&utm_source=92p07_JjKyriZTQxAXRiKQ",
    "uuid": "11690"
}