{
    "categories": [
        {
            "alias": "transport",
            "title": "Transportation"
        }
    ],
    "coordinates": {
        "latitude": -35.4299393,
        "longitude": 149.0926971
    },
    "id": "d-and-n-ballard-tilt-tray-hire-isabella-plains",
    "image_url": "",
    "is_claimed": false,
    "is_closed": false,
    "location": {
        "address1": "4 Tahrone Pl",
        "address2": null,
        "address3": null,
        "city": "Isabella Plains",
        "country": "AU",
        "state": "ACT",
        "zip_code": "2905"
    },
    "name": "D & N Ballard Tilt Tray Hire",
    "phone": "+61418481174",
    "photos": [],
    "rating": 0.0,
    "review_count": 0,
    "term": "hotels",
    "url": "https://www.yelp.com/biz/d-and-n-ballard-tilt-tray-hire-isabella-plains?adjust_creative=92p07_JjKyriZTQxAXRiKQ&utm_campaign=yelp_api_v3&utm_medium=api_v3_business_lookup&utm_source=92p07_JjKyriZTQxAXRiKQ",
    "uuid": "3076"
}