{
    "categories": [
        {
            "alias": "bedbreakfast",
            "title": "Bed & Breakfast"
        },
        {
            "alias": "hotels",
            "title": "Hotels"
        }
    ],
    "coordinates": {
        "latitude": -35.3943481,
        "longitude": 149.0481873
    },
    "id": "edwil-house-b-and-b-kambah",
    "image_url": "",
    "is_claimed": false,
    "is_closed": false,
    "location": {
        "address1": "6 Rudder Pl",
        "address2": null,
        "address3": null,
        "city": "Kambah",
        "country": "AU",
        "state": "ACT",
        "zip_code": "2902"
    },
    "name": "Edwil House B & B",
    "phone": "+61262314001",
    "photos": [],
    "rating": 0.0,
    "review_count": 0,
    "term": "hotels",
    "url": "https://www.yelp.com/biz/edwil-house-b-and-b-kambah?adjust_creative=92p07_JjKyriZTQxAXRiKQ&utm_campaign=yelp_api_v3&utm_medium=api_v3_business_lookup&utm_source=92p07_JjKyriZTQxAXRiKQ",
    "uuid": "3587"
}