{
    "categories": [
        {
            "alias": "tours",
            "title": "Tours"
        }
    ],
    "coordinates": {
        "latitude": -35.38079,
        "longitude": 149.05231
    },
    "id": "rogers-coaches-kambah",
    "image_url": "https://s3-media2.fl.yelpcdn.com/bphoto/azPfcfmwgSiw3Uh8ul2fug/o.jpg",
    "is_claimed": false,
    "is_closed": false,
    "location": {
        "address1": "",
        "address2": null,
        "address3": null,
        "city": "Kambah",
        "country": "AU",
        "state": "ACT",
        "zip_code": "2902"
    },
    "name": "Rogers Coaches",
    "phone": "+61262962507",
    "photos": [
        "https://s3-media3.fl.yelpcdn.com/bphoto/azPfcfmwgSiw3Uh8ul2fug/o.jpg"
    ],
    "rating": 0.0,
    "review_count": 0,
    "term": "hotels",
    "url": "https://www.yelp.com/biz/rogers-coaches-kambah?adjust_creative=92p07_JjKyriZTQxAXRiKQ&utm_campaign=yelp_api_v3&utm_medium=api_v3_business_lookup&utm_source=92p07_JjKyriZTQxAXRiKQ",
    "uuid": "9706"
}