{
    "categories": [
        {
            "alias": "cafes",
            "title": "Cafes"
        }
    ],
    "coordinates": {
        "latitude": -35.3525789905808,
        "longitude": 149.076016878088
    },
    "id": "a-bite-to-eat-a-drink-as-well-chifley",
    "image_url": "https://s3-media3.fl.yelpcdn.com/bphoto/mgZz-v1O0pHv_V6h9KbLsA/o.jpg",
    "is_claimed": false,
    "is_closed": false,
    "location": {
        "address1": "Chifley Pl",
        "address2": "",
        "address3": null,
        "city": "Chifley",
        "country": "AU",
        "state": "ACT",
        "zip_code": "2606"
    },
    "name": "A Bite To Eat A Drink As Well",
    "phone": "+61262603703",
    "photos": [
        "https://s3-media1.fl.yelpcdn.com/bphoto/mgZz-v1O0pHv_V6h9KbLsA/o.jpg",
        "https://s3-media2.fl.yelpcdn.com/bphoto/zhkbXALK9gZN1gQMkggqEA/o.jpg",
        "https://s3-media2.fl.yelpcdn.com/bphoto/YFneuEeT5c7nT28T8-TipA/o.jpg"
    ],
    "price": "$$",
    "rating": 4.0,
    "review_count": 1,
    "term": "restaurants",
    "url": "https://www.yelp.com/biz/a-bite-to-eat-a-drink-as-well-chifley?adjust_creative=92p07_JjKyriZTQxAXRiKQ&utm_campaign=yelp_api_v3&utm_medium=api_v3_business_lookup&utm_source=92p07_JjKyriZTQxAXRiKQ",
    "uuid": "128"
}