{
    "categories": [
        {
            "alias": "travelservices",
            "title": "Travel Services"
        }
    ],
    "coordinates": {
        "latitude": -35.1841812,
        "longitude": 149.0991669
    },
    "id": "canberra-walk-in-aviary-nicholls",
    "image_url": "",
    "is_claimed": false,
    "is_closed": false,
    "location": {
        "address1": "Unit 13, Federation Square OÔÇÖHanlon Pl",
        "address2": null,
        "address3": null,
        "city": "Nicholls",
        "country": "AU",
        "state": "ACT",
        "zip_code": "2913"
    },
    "name": "Canberra Walk in Aviary",
    "phone": "+61262577231",
    "photos": [],
    "rating": 0.0,
    "review_count": 0,
    "term": "hotels",
    "url": "https://www.yelp.com/biz/canberra-walk-in-aviary-nicholls?adjust_creative=92p07_JjKyriZTQxAXRiKQ&utm_campaign=yelp_api_v3&utm_medium=api_v3_business_lookup&utm_source=92p07_JjKyriZTQxAXRiKQ",
    "uuid": "2077"
}