{
    "categories": [
        {
            "alias": "travelservices",
            "title": "Travel Services"
        }
    ],
    "coordinates": {
        "latitude": -35.192009,
        "longitude": 149.087265
    },
    "id": "cockington-green-gardens-nicholls",
    "image_url": "https://s3-media3.fl.yelpcdn.com/bphoto/axSIOf5Km3i74p0EJVo1hw/o.jpg",
    "is_claimed": false,
    "is_closed": false,
    "location": {
        "address1": "11 Gold Creek Rd",
        "address2": null,
        "address3": null,
        "city": "Nicholls",
        "country": "AU",
        "state": "ACT",
        "zip_code": "2913"
    },
    "name": "Cockington Green Gardens",
    "phone": "+61262570291",
    "photos": [
        "https://s3-media3.fl.yelpcdn.com/bphoto/axSIOf5Km3i74p0EJVo1hw/o.jpg",
        "https://s3-media2.fl.yelpcdn.com/bphoto/EVGwT2RETJ_EQLMuKcLq5w/o.jpg",
        "https://s3-media1.fl.yelpcdn.com/bphoto/AT9uRl8XQuRU22bJqHwBFg/o.jpg"
    ],
    "rating": 5.0,
    "review_count": 1,
    "term": "hotels",
    "url": "https://www.yelp.com/biz/cockington-green-gardens-nicholls?adjust_creative=92p07_JjKyriZTQxAXRiKQ&utm_campaign=yelp_api_v3&utm_medium=api_v3_business_lookup&utm_source=92p07_JjKyriZTQxAXRiKQ",
    "uuid": "2690"
}