{
    "categories": [
        {
            "alias": "hotels",
            "title": "Hotels"
        }
    ],
    "coordinates": {
        "latitude": -35.1909294,
        "longitude": 149.0841522
    },
    "id": "gold-creek-tourist-resort-nicholls",
    "image_url": "",
    "is_claimed": false,
    "is_closed": false,
    "location": {
        "address1": "O'Hanlon Pl",
        "address2": null,
        "address3": null,
        "city": "Nicholls",
        "country": "AU",
        "state": "ACT",
        "zip_code": "2913"
    },
    "name": "Gold Creek Tourist Resort",
    "phone": "+61262413000",
    "photos": [],
    "rating": 0.0,
    "review_count": 0,
    "term": "hotels",
    "url": "https://www.yelp.com/biz/gold-creek-tourist-resort-nicholls?adjust_creative=92p07_JjKyriZTQxAXRiKQ&utm_campaign=yelp_api_v3&utm_medium=api_v3_business_lookup&utm_source=92p07_JjKyriZTQxAXRiKQ",
    "uuid": "4521"
}