{
    "categories": [
        {
            "alias": "travelservices",
            "title": "Travel Services"
        }
    ],
    "coordinates": {
        "latitude": -35.1880112,
        "longitude": 149.0783997
    },
    "id": "national-dinosaur-museum-nicholls",
    "image_url": "https://s3-media3.fl.yelpcdn.com/bphoto/fT8LttXsdo3514s7KMHXjQ/o.jpg",
    "is_claimed": false,
    "is_closed": false,
    "location": {
        "address1": "Barton Hwy",
        "address2": null,
        "address3": null,
        "city": "Nicholls",
        "country": "AU",
        "state": "ACT",
        "zip_code": "2913"
    },
    "name": "National Dinosaur Museum",
    "phone": "+61262302655",
    "photos": [
        "https://s3-media1.fl.yelpcdn.com/bphoto/fT8LttXsdo3514s7KMHXjQ/o.jpg",
        "https://s3-media2.fl.yelpcdn.com/bphoto/CnfqFHljW5sMYOssvo4eaw/o.jpg",
        "https://s3-media3.fl.yelpcdn.com/bphoto/19XrUtv48YyAsTcbfTw1mQ/o.jpg"
    ],
    "rating": 3.0,
    "review_count": 1,
    "term": "hotels",
    "url": "https://www.yelp.com/biz/national-dinosaur-museum-nicholls?adjust_creative=92p07_JjKyriZTQxAXRiKQ&utm_campaign=yelp_api_v3&utm_medium=api_v3_business_lookup&utm_source=92p07_JjKyriZTQxAXRiKQ",
    "uuid": "7935"
}