{
    "categories": [
        {
            "alias": "airlines",
            "title": "Airlines"
        }
    ],
    "coordinates": {
        "latitude": -35.3052746017686,
        "longitude": 149.193368532278
    },
    "hours": [
        {
            "hours_type": "REGULAR",
            "is_open_now": false,
            "open": [
                {
                    "day": 0,
                    "end": "1730",
                    "is_overnight": false,
                    "start": "0830"
                },
                {
                    "day": 1,
                    "end": "1730",
                    "is_overnight": false,
                    "start": "0830"
                },
                {
                    "day": 2,
                    "end": "1730",
                    "is_overnight": false,
                    "start": "0830"
                },
                {
                    "day": 3,
                    "end": "1730",
                    "is_overnight": false,
                    "start": "0830"
                },
                {
                    "day": 4,
                    "end": "1730",
                    "is_overnight": false,
                    "start": "0830"
                }
            ]
        }
    ],
    "id": "singapore-airlines-brindabella-business-park",
    "image_url": "",
    "is_claimed": false,
    "is_closed": false,
    "location": {
        "address1": "2 Brindabella Circuit",
        "address2": "",
        "address3": null,
        "city": "Brindabella Business Park",
        "country": "AU",
        "state": "ACT",
        "zip_code": "2609"
    },
    "name": "Singapore Airlines",
    "phone": "+61262752222",
    "photos": [],
    "rating": 0.0,
    "review_count": 0,
    "term": "hotels",
    "url": "https://www.yelp.com/biz/singapore-airlines-brindabella-business-park?adjust_creative=92p07_JjKyriZTQxAXRiKQ&utm_campaign=yelp_api_v3&utm_medium=api_v3_business_lookup&utm_source=92p07_JjKyriZTQxAXRiKQ",
    "uuid": "10415"
}