{
    "categories": [
        {
            "alias": "hotels",
            "title": "Hotels"
        }
    ],
    "coordinates": {
        "latitude": -35.3180885,
        "longitude": 149.1367645
    },
    "id": "canberra-city-motor-inn-manuka",
    "image_url": "",
    "is_claimed": false,
    "is_closed": false,
    "location": {
        "address1": "107 Canberra Ave",
        "address2": null,
        "address3": null,
        "city": "Manuka",
        "country": "AU",
        "state": "ACT",
        "zip_code": "2603"
    },
    "name": "Canberra City Motor Inn",
    "phone": "+61262952711",
    "photos": [],
    "rating": 0.0,
    "review_count": 0,
    "term": "hotels",
    "url": "https://www.yelp.com/biz/canberra-city-motor-inn-manuka?adjust_creative=92p07_JjKyriZTQxAXRiKQ&utm_campaign=yelp_api_v3&utm_medium=api_v3_business_lookup&utm_source=92p07_JjKyriZTQxAXRiKQ",
    "uuid": "2063"
}