{
    "categories": [
        {
            "alias": "travelservices",
            "title": "Travel Services"
        }
    ],
    "coordinates": {
        "latitude": -35.3147392,
        "longitude": 149.1415405
    },
    "id": "accommodate-canberra-kingston",
    "image_url": "",
    "is_claimed": false,
    "is_closed": false,
    "location": {
        "address1": "The Griffin Corner Of Giles & Jardine Sts",
        "address2": null,
        "address3": null,
        "city": "Kingston",
        "country": "AU",
        "state": "ACT",
        "zip_code": "2604"
    },
    "name": "Accommodate Canberra",
    "phone": "+61262959430",
    "photos": [],
    "rating": 0.0,
    "review_count": 0,
    "term": "hotels",
    "url": "https://www.yelp.com/biz/accommodate-canberra-kingston?adjust_creative=92p07_JjKyriZTQxAXRiKQ&utm_campaign=yelp_api_v3&utm_medium=api_v3_business_lookup&utm_source=92p07_JjKyriZTQxAXRiKQ",
    "uuid": "177"
}