{
    "categories": [
        {
            "alias": "hotels",
            "title": "Hotels"
        }
    ],
    "coordinates": {
        "latitude": -35.33508,
        "longitude": 149.1488
    },
    "id": "diplomat-hotel-kingston",
    "image_url": "https://s3-media2.fl.yelpcdn.com/bphoto/PDYqw8s_0IPv0ws2moZMeg/o.jpg",
    "is_claimed": false,
    "is_closed": false,
    "location": {
        "address1": "",
        "address2": null,
        "address3": null,
        "city": "Kingston",
        "country": "AU",
        "state": "ACT",
        "zip_code": "2604"
    },
    "name": "Diplomat Hotel",
    "phone": "+61262952277",
    "photos": [
        "https://s3-media4.fl.yelpcdn.com/bphoto/PDYqw8s_0IPv0ws2moZMeg/o.jpg",
        "https://s3-media1.fl.yelpcdn.com/bphoto/UKhm1PXuinQ6jRAlZi2Ckg/o.jpg",
        "https://s3-media1.fl.yelpcdn.com/bphoto/tRwzumzykwHaBm2-g4Dvjw/o.jpg"
    ],
    "rating": 0.0,
    "review_count": 0,
    "term": "hotels",
    "url": "https://www.yelp.com/biz/diplomat-hotel-kingston?adjust_creative=92p07_JjKyriZTQxAXRiKQ&utm_campaign=yelp_api_v3&utm_medium=api_v3_business_lookup&utm_source=92p07_JjKyriZTQxAXRiKQ",
    "uuid": "3295"
}