{
    "categories": [
        {
            "alias": "travelservices",
            "title": "Travel Services"
        }
    ],
    "coordinates": {
        "latitude": -35.3161316,
        "longitude": 149.142334
    },
    "id": "flight-centre-kingston-kingston-2",
    "image_url": "",
    "is_claimed": false,
    "is_closed": false,
    "location": {
        "address1": "Shop 28A, Cusack Centre Corner Of Eyre & Jardine Sts",
        "address2": null,
        "address3": null,
        "city": "Kingston",
        "country": "AU",
        "state": "ACT",
        "zip_code": "2604"
    },
    "name": "Flight Centre Kingston",
    "phone": "+1300755332",
    "photos": [],
    "rating": 0.0,
    "review_count": 0,
    "term": "hotels",
    "url": "https://www.yelp.com/biz/flight-centre-kingston-kingston-2?adjust_creative=92p07_JjKyriZTQxAXRiKQ&utm_campaign=yelp_api_v3&utm_medium=api_v3_business_lookup&utm_source=92p07_JjKyriZTQxAXRiKQ",
    "uuid": "4094"
}