{
    "categories": [
        {
            "alias": "hotels",
            "title": "Hotels"
        }
    ],
    "coordinates": {
        "latitude": -35.317791,
        "longitude": 149.1411285
    },
    "id": "kingston-terrace-serviced-apartments-kingston",
    "image_url": "",
    "is_claimed": false,
    "is_closed": false,
    "location": {
        "address1": "16 Eyre St",
        "address2": null,
        "address3": null,
        "city": "Kingston",
        "country": "AU",
        "state": "ACT",
        "zip_code": "2604"
    },
    "name": "Kingston Terrace Serviced Apartments",
    "phone": "+61262399411",
    "photos": [],
    "rating": 0.0,
    "review_count": 0,
    "term": "hotels",
    "url": "https://www.yelp.com/biz/kingston-terrace-serviced-apartments-kingston?adjust_creative=92p07_JjKyriZTQxAXRiKQ&utm_campaign=yelp_api_v3&utm_medium=api_v3_business_lookup&utm_source=92p07_JjKyriZTQxAXRiKQ",
    "uuid": "6170"
}