{
    "categories": [
        {
            "alias": "hotels",
            "title": "Hotels"
        }
    ],
    "coordinates": {
        "latitude": -35.3151627,
        "longitude": 149.1404114
    },
    "id": "kingston-court-serviced-apartments-kingston",
    "image_url": "",
    "is_claimed": false,
    "is_closed": false,
    "location": {
        "address1": "4 Tench St",
        "address2": null,
        "address3": null,
        "city": "Kingston",
        "country": "AU",
        "state": "ACT",
        "zip_code": "2604"
    },
    "name": "Kingston Court Serviced Apartments",
    "phone": "+61262952244",
    "photos": [],
    "rating": 0.0,
    "review_count": 0,
    "term": "hotels",
    "url": "https://www.yelp.com/biz/kingston-court-serviced-apartments-kingston?adjust_creative=92p07_JjKyriZTQxAXRiKQ&utm_campaign=yelp_api_v3&utm_medium=api_v3_business_lookup&utm_source=92p07_JjKyriZTQxAXRiKQ",
    "uuid": "6167"
}