{
    "categories": [
        {
            "alias": "bistros",
            "title": "Bistros"
        },
        {
            "alias": "pubs",
            "title": "Pubs"
        }
    ],
    "coordinates": {
        "latitude": -35.2759286729603,
        "longitude": 149.142897926255
    },
    "id": "ainslie-bar-and-bistro-mercure-braddon",
    "image_url": "https://s3-media4.fl.yelpcdn.com/bphoto/q-aLJbvCWlJc3M-wUkyLcg/o.jpg",
    "is_claimed": false,
    "is_closed": false,
    "location": {
        "address1": "Cnr Ainslie & Limestone Ave",
        "address2": "",
        "address3": "",
        "city": "Braddon",
        "country": "AU",
        "state": "ACT",
        "zip_code": "2612"
    },
    "name": "Ainslie Bar and Bistro - Mercure",
    "phone": "",
    "photos": [
        "https://s3-media1.fl.yelpcdn.com/bphoto/q-aLJbvCWlJc3M-wUkyLcg/o.jpg",
        "https://s3-media2.fl.yelpcdn.com/bphoto/v9YEOyMZ76yu2yeBkJzEhA/o.jpg",
        "https://s3-media1.fl.yelpcdn.com/bphoto/44P0t3dqzpM5Ai7psgvVFQ/o.jpg"
    ],
    "rating": 0.0,
    "review_count": 0,
    "term": "restaurants",
    "url": "https://www.yelp.com/biz/ainslie-bar-and-bistro-mercure-braddon?adjust_creative=92p07_JjKyriZTQxAXRiKQ&utm_campaign=yelp_api_v3&utm_medium=api_v3_business_lookup&utm_source=92p07_JjKyriZTQxAXRiKQ",
    "uuid": "265"
}