{
    "categories": [
        {
            "alias": "cafes",
            "title": "Cafes"
        },
        {
            "alias": "bakeries",
            "title": "Bakeries"
        }
    ],
    "coordinates": {
        "latitude": -35.2743995835631,
        "longitude": 149.130828264166
    },
    "id": "autolyse-braddon",
    "image_url": "https://s3-media4.fl.yelpcdn.com/bphoto/QeLK-5GmBGezgqJkKRooGA/o.jpg",
    "is_claimed": false,
    "is_closed": false,
    "location": {
        "address1": "5/21 Lonsdale St",
        "address2": "",
        "address3": "",
        "city": "Braddon",
        "country": "AU",
        "state": "ACT",
        "zip_code": "2612"
    },
    "name": "Autolyse",
    "phone": "+61262628819",
    "photos": [
        "https://s3-media1.fl.yelpcdn.com/bphoto/QeLK-5GmBGezgqJkKRooGA/o.jpg",
        "https://s3-media2.fl.yelpcdn.com/bphoto/yWW25kRz1romHQK_Y57xPA/o.jpg",
        "https://s3-media4.fl.yelpcdn.com/bphoto/FwC1X3UyT3xKSMeQNx9ijg/o.jpg"
    ],
    "price": "$$",
    "rating": 3.0,
    "review_count": 7,
    "term": "restaurants",
    "url": "https://www.yelp.com/biz/autolyse-braddon?adjust_creative=92p07_JjKyriZTQxAXRiKQ&utm_campaign=yelp_api_v3&utm_medium=api_v3_business_lookup&utm_source=92p07_JjKyriZTQxAXRiKQ",
    "uuid": "784"
}