{
    "categories": [
        {
            "alias": "cafes",
            "title": "Cafes"
        }
    ],
    "coordinates": {
        "latitude": -35.2717285,
        "longitude": 149.133255
    },
    "hours": [
        {
            "hours_type": "REGULAR",
            "is_open_now": false,
            "open": [
                {
                    "day": 0,
                    "end": "1400",
                    "is_overnight": false,
                    "start": "0700"
                },
                {
                    "day": 1,
                    "end": "1400",
                    "is_overnight": false,
                    "start": "0700"
                },
                {
                    "day": 2,
                    "end": "1400",
                    "is_overnight": false,
                    "start": "0700"
                },
                {
                    "day": 3,
                    "end": "1700",
                    "is_overnight": false,
                    "start": "0700"
                },
                {
                    "day": 4,
                    "end": "1700",
                    "is_overnight": false,
                    "start": "0700"
                },
                {
                    "day": 5,
                    "end": "1700",
                    "is_overnight": false,
                    "start": "0700"
                },
                {
                    "day": 6,
                    "end": "1400",
                    "is_overnight": false,
                    "start": "0700"
                }
            ]
        }
    ],
    "id": "barrio-collective-coffee-braddon",
    "image_url": "https://s3-media4.fl.yelpcdn.com/bphoto/U5A0mNe_1lhAVQbtnrcY3w/o.jpg",
    "is_claimed": false,
    "is_closed": false,
    "location": {
        "address1": "59/30 Lonsdale St",
        "address2": "",
        "address3": "",
        "city": "Braddon",
        "country": "AU",
        "state": "ACT",
        "zip_code": "2612"
    },
    "name": "Barrio Collective Coffee",
    "phone": "",
    "photos": [
        "https://s3-media1.fl.yelpcdn.com/bphoto/U5A0mNe_1lhAVQbtnrcY3w/o.jpg",
        "https://s3-media4.fl.yelpcdn.com/bphoto/M6yBez9P4SruQxCVMjozRw/o.jpg"
    ],
    "rating": 3.0,
    "review_count": 1,
    "term": "restaurants",
    "url": "https://www.yelp.com/biz/barrio-collective-coffee-braddon?adjust_creative=92p07_JjKyriZTQxAXRiKQ&utm_campaign=yelp_api_v3&utm_medium=api_v3_business_lookup&utm_source=92p07_JjKyriZTQxAXRiKQ",
    "uuid": "1014"
}