{
    "categories": [
        {
            "alias": "indpak",
            "title": "Indian"
        }
    ],
    "coordinates": {
        "latitude": -35.2738495,
        "longitude": 149.1309967
    },
    "hours": [
        {
            "hours_type": "REGULAR",
            "is_open_now": false,
            "open": [
                {
                    "day": 0,
                    "end": "2130",
                    "is_overnight": false,
                    "start": "1730"
                },
                {
                    "day": 1,
                    "end": "2130",
                    "is_overnight": false,
                    "start": "1730"
                },
                {
                    "day": 2,
                    "end": "2130",
                    "is_overnight": false,
                    "start": "1730"
                },
                {
                    "day": 3,
                    "end": "2130",
                    "is_overnight": false,
                    "start": "1730"
                },
                {
                    "day": 4,
                    "end": "2130",
                    "is_overnight": false,
                    "start": "1730"
                },
                {
                    "day": 5,
                    "end": "2130",
                    "is_overnight": false,
                    "start": "1730"
                },
                {
                    "day": 6,
                    "end": "2130",
                    "is_overnight": false,
                    "start": "1730"
                }
            ]
        }
    ],
    "id": "bollywood-dimensions-indian-cuisine-braddon",
    "image_url": "https://s3-media1.fl.yelpcdn.com/bphoto/_AX4CujS9G6CZzgyIz8Bvw/o.jpg",
    "is_claimed": false,
    "is_closed": false,
    "location": {
        "address1": "33 Mort St",
        "address2": null,
        "address3": null,
        "city": "Braddon",
        "country": "AU",
        "state": "ACT",
        "zip_code": "2612"
    },
    "name": "Bollywood Dimensions Indian Cuisine",
    "phone": "+61262577773",
    "photos": [
        "https://s3-media1.fl.yelpcdn.com/bphoto/_AX4CujS9G6CZzgyIz8Bvw/o.jpg",
        "https://s3-media1.fl.yelpcdn.com/bphoto/OJ8n3qN-RsCKqgJIQVnPjQ/o.jpg",
        "https://s3-media2.fl.yelpcdn.com/bphoto/DTQ6IJb__71fcxZhclViow/o.jpg"
    ],
    "rating": 4.5,
    "review_count": 2,
    "term": "restaurants",
    "url": "https://www.yelp.com/biz/bollywood-dimensions-indian-cuisine-braddon?adjust_creative=92p07_JjKyriZTQxAXRiKQ&utm_campaign=yelp_api_v3&utm_medium=api_v3_business_lookup&utm_source=92p07_JjKyriZTQxAXRiKQ",
    "uuid": "1512"
}