{
    "categories": [
        {
            "alias": "burgers",
            "title": "Burgers"
        }
    ],
    "coordinates": {
        "latitude": -35.2742797790667,
        "longitude": 149.131177844718
    },
    "hours": [
        {
            "hours_type": "REGULAR",
            "is_open_now": false,
            "open": [
                {
                    "day": 0,
                    "end": "1500",
                    "is_overnight": false,
                    "start": "1100"
                },
                {
                    "day": 0,
                    "end": "2100",
                    "is_overnight": false,
                    "start": "1700"
                },
                {
                    "day": 1,
                    "end": "1500",
                    "is_overnight": false,
                    "start": "1100"
                },
                {
                    "day": 1,
                    "end": "2100",
                    "is_overnight": false,
                    "start": "1700"
                },
                {
                    "day": 2,
                    "end": "1500",
                    "is_overnight": false,
                    "start": "1100"
                },
                {
                    "day": 2,
                    "end": "2100",
                    "is_overnight": false,
                    "start": "1700"
                },
                {
                    "day": 3,
                    "end": "1500",
                    "is_overnight": false,
                    "start": "1100"
                },
                {
                    "day": 3,
                    "end": "2100",
                    "is_overnight": false,
                    "start": "1700"
                },
                {
                    "day": 4,
                    "end": "1500",
                    "is_overnight": false,
                    "start": "1100"
                },
                {
                    "day": 4,
                    "end": "2100",
                    "is_overnight": false,
                    "start": "1700"
                },
                {
                    "day": 5,
                    "end": "1500",
                    "is_overnight": false,
                    "start": "1100"
                },
                {
                    "day": 5,
                    "end": "2100",
                    "is_overnight": false,
                    "start": "1700"
                }
            ]
        }
    ],
    "id": "burger-hero-braddon",
    "image_url": "https://s3-media3.fl.yelpcdn.com/bphoto/ZfkAvMmLF08LNuD-de251g/o.jpg",
    "is_claimed": false,
    "is_closed": false,
    "location": {
        "address1": "31 Mort St",
        "address2": "",
        "address3": "",
        "city": "Braddon",
        "country": "AU",
        "state": "ACT",
        "zip_code": "2612"
    },
    "name": "Burger Hero",
    "phone": "+61262575015",
    "photos": [
        "https://s3-media3.fl.yelpcdn.com/bphoto/ZfkAvMmLF08LNuD-de251g/o.jpg"
    ],
    "rating": 0.0,
    "review_count": 0,
    "term": "restaurants",
    "url": "https://www.yelp.com/biz/burger-hero-braddon?adjust_creative=92p07_JjKyriZTQxAXRiKQ&utm_campaign=yelp_api_v3&utm_medium=api_v3_business_lookup&utm_source=92p07_JjKyriZTQxAXRiKQ",
    "uuid": "1844"
}