{
    "categories": [
        {
            "alias": "cafes",
            "title": "Cafes"
        }
    ],
    "coordinates": {
        "latitude": -35.2745814171724,
        "longitude": 149.131294124679
    },
    "hours": [
        {
            "hours_type": "REGULAR",
            "is_open_now": false,
            "open": [
                {
                    "day": 0,
                    "end": "1400",
                    "is_overnight": false,
                    "start": "0700"
                },
                {
                    "day": 1,
                    "end": "1400",
                    "is_overnight": false,
                    "start": "0700"
                },
                {
                    "day": 2,
                    "end": "1400",
                    "is_overnight": false,
                    "start": "0700"
                },
                {
                    "day": 3,
                    "end": "1400",
                    "is_overnight": false,
                    "start": "0700"
                },
                {
                    "day": 4,
                    "end": "1400",
                    "is_overnight": false,
                    "start": "0700"
                }
            ]
        }
    ],
    "id": "cafe-on-28-braddon",
    "image_url": "https://s3-media1.fl.yelpcdn.com/bphoto/Q-pRMZNRVy-wwMLqCmOODw/o.jpg",
    "is_claimed": false,
    "is_closed": false,
    "location": {
        "address1": "28 Mort St",
        "address2": "",
        "address3": "",
        "city": "Braddon",
        "country": "AU",
        "state": "ACT",
        "zip_code": "2612"
    },
    "name": "Cafe On 28",
    "phone": "",
    "photos": [
        "https://s3-media4.fl.yelpcdn.com/bphoto/Q-pRMZNRVy-wwMLqCmOODw/o.jpg"
    ],
    "rating": 5.0,
    "review_count": 1,
    "term": "restaurants",
    "url": "https://www.yelp.com/biz/cafe-on-28-braddon?adjust_creative=92p07_JjKyriZTQxAXRiKQ&utm_campaign=yelp_api_v3&utm_medium=api_v3_business_lookup&utm_source=92p07_JjKyriZTQxAXRiKQ",
    "uuid": "1968"
}