{
    "categories": [
        {
            "alias": "italian",
            "title": "Italian"
        }
    ],
    "coordinates": {
        "latitude": -35.276001,
        "longitude": 149.1323547
    },
    "id": "chez-frederic-braddon",
    "image_url": "https://s3-media3.fl.yelpcdn.com/bphoto/gjKeKkILlGRkuMNcETscQw/o.jpg",
    "is_claimed": false,
    "is_closed": false,
    "location": {
        "address1": "4U/14 lonsdale St",
        "address2": "",
        "address3": "",
        "city": "Braddon",
        "country": "AU",
        "state": "ACT",
        "zip_code": "2612"
    },
    "name": "Chez Frederic",
    "phone": "+61262480044",
    "photos": [
        "https://s3-media4.fl.yelpcdn.com/bphoto/gjKeKkILlGRkuMNcETscQw/o.jpg",
        "https://s3-media2.fl.yelpcdn.com/bphoto/UxpXSwpa9t6CCku_rWSq3w/o.jpg",
        "https://s3-media4.fl.yelpcdn.com/bphoto/xe_XWaLNU8C5Hlxfyaf8qw/o.jpg"
    ],
    "rating": 3.5,
    "review_count": 4,
    "term": "restaurants",
    "url": "https://www.yelp.com/biz/chez-frederic-braddon?adjust_creative=92p07_JjKyriZTQxAXRiKQ&utm_campaign=yelp_api_v3&utm_medium=api_v3_business_lookup&utm_source=92p07_JjKyriZTQxAXRiKQ",
    "uuid": "2361"
}