{
    "categories": [
        {
            "alias": "pizza",
            "title": "Pizza"
        }
    ],
    "coordinates": {
        "latitude": -35.2739105,
        "longitude": 149.1329041
    },
    "hours": [
        {
            "hours_type": "REGULAR",
            "is_open_now": false,
            "open": [
                {
                    "day": 0,
                    "end": "1500",
                    "is_overnight": false,
                    "start": "1130"
                },
                {
                    "day": 0,
                    "end": "0000",
                    "is_overnight": false,
                    "start": "1730"
                },
                {
                    "day": 1,
                    "end": "1500",
                    "is_overnight": false,
                    "start": "1130"
                },
                {
                    "day": 1,
                    "end": "0000",
                    "is_overnight": false,
                    "start": "1730"
                },
                {
                    "day": 2,
                    "end": "1500",
                    "is_overnight": false,
                    "start": "1130"
                },
                {
                    "day": 2,
                    "end": "0000",
                    "is_overnight": false,
                    "start": "1730"
                },
                {
                    "day": 3,
                    "end": "1500",
                    "is_overnight": false,
                    "start": "1130"
                },
                {
                    "day": 3,
                    "end": "0000",
                    "is_overnight": false,
                    "start": "1730"
                },
                {
                    "day": 4,
                    "end": "1500",
                    "is_overnight": false,
                    "start": "1130"
                },
                {
                    "day": 4,
                    "end": "0000",
                    "is_overnight": false,
                    "start": "1730"
                },
                {
                    "day": 5,
                    "end": "1500",
                    "is_overnight": false,
                    "start": "1130"
                },
                {
                    "day": 5,
                    "end": "0000",
                    "is_overnight": false,
                    "start": "1730"
                },
                {
                    "day": 6,
                    "end": "1500",
                    "is_overnight": false,
                    "start": "1130"
                },
                {
                    "day": 6,
                    "end": "0000",
                    "is_overnight": false,
                    "start": "1730"
                }
            ]
        }
    ],
    "id": "10-custom-pizzeria-braddon",
    "image_url": "https://s3-media2.fl.yelpcdn.com/bphoto/2TqNOBATRkHgBVSwnpJQ0g/o.jpg",
    "is_claimed": false,
    "is_closed": false,
    "location": {
        "address1": "16 Lonsdale St",
        "address2": "",
        "address3": "",
        "city": "Braddon",
        "country": "AU",
        "state": "ACT",
        "zip_code": "2612"
    },
    "name": "10' Custom Pizzeria",
    "phone": "+61262471010",
    "photos": [
        "https://s3-media4.fl.yelpcdn.com/bphoto/2TqNOBATRkHgBVSwnpJQ0g/o.jpg",
        "https://s3-media4.fl.yelpcdn.com/bphoto/rlhn8dwjWahZZLR-SCiryw/o.jpg",
        "https://s3-media2.fl.yelpcdn.com/bphoto/sG4Ey_FdUdE2n5L5aawlfQ/o.jpg"
    ],
    "price": "$$",
    "rating": 4.5,
    "review_count": 3,
    "term": "restaurants",
    "url": "https://www.yelp.com/biz/10-custom-pizzeria-braddon?adjust_creative=92p07_JjKyriZTQxAXRiKQ&utm_campaign=yelp_api_v3&utm_medium=api_v3_business_lookup&utm_source=92p07_JjKyriZTQxAXRiKQ",
    "uuid": "4"
}