{
    "categories": [
        {
            "alias": "pizza",
            "title": "Pizza"
        }
    ],
    "coordinates": {
        "latitude": -35.2720675188566,
        "longitude": 149.133245944977
    },
    "id": "debacle-braddon",
    "image_url": "https://s3-media3.fl.yelpcdn.com/bphoto/v-_mu-UFXD-CNaqN3B9w2A/o.jpg",
    "is_claimed": false,
    "is_closed": false,
    "location": {
        "address1": "30 Lonsdale St",
        "address2": "",
        "address3": "",
        "city": "Braddon",
        "country": "AU",
        "state": "ACT",
        "zip_code": "2612"
    },
    "name": "Debacle",
    "phone": "+61262471314",
    "photos": [
        "https://s3-media2.fl.yelpcdn.com/bphoto/v-_mu-UFXD-CNaqN3B9w2A/o.jpg"
    ],
    "price": "$$",
    "rating": 3.0,
    "review_count": 4,
    "term": "restaurants",
    "url": "https://www.yelp.com/biz/debacle-braddon?adjust_creative=92p07_JjKyriZTQxAXRiKQ&utm_campaign=yelp_api_v3&utm_medium=api_v3_business_lookup&utm_source=92p07_JjKyriZTQxAXRiKQ",
    "uuid": "3177"
}