{
    "categories": [
        {
            "alias": "australian",
            "title": "Australian"
        }
    ],
    "coordinates": {
        "latitude": -35.2737503,
        "longitude": 149.1359558
    },
    "id": "delissio-brasserie-braddon",
    "image_url": "https://s3-media4.fl.yelpcdn.com/bphoto/h-LC189KFwKNVgbDd1T29Q/o.jpg",
    "is_claimed": false,
    "is_closed": false,
    "location": {
        "address1": "Elouera St",
        "address2": null,
        "address3": null,
        "city": "Braddon",
        "country": "AU",
        "state": "ACT",
        "zip_code": "2612"
    },
    "name": "Delissio Brasserie",
    "phone": "+61262575733",
    "photos": [
        "https://s3-media2.fl.yelpcdn.com/bphoto/h-LC189KFwKNVgbDd1T29Q/o.jpg"
    ],
    "rating": 1.0,
    "review_count": 1,
    "term": "restaurants",
    "url": "https://www.yelp.com/biz/delissio-brasserie-braddon?adjust_creative=92p07_JjKyriZTQxAXRiKQ&utm_campaign=yelp_api_v3&utm_medium=api_v3_business_lookup&utm_source=92p07_JjKyriZTQxAXRiKQ",
    "uuid": "3208"
}