{
    "categories": [
        {
            "alias": "coffee",
            "title": "Coffee & Tea"
        },
        {
            "alias": "juicebars",
            "title": "Juice Bars & Smoothies"
        },
        {
            "alias": "breakfast_brunch",
            "title": "Breakfast & Brunch"
        }
    ],
    "coordinates": {
        "latitude": -35.2735322127434,
        "longitude": 149.132975377142
    },
    "hours": [
        {
            "hours_type": "REGULAR",
            "is_open_now": false,
            "open": [
                {
                    "day": 0,
                    "end": "1600",
                    "is_overnight": false,
                    "start": "0600"
                },
                {
                    "day": 1,
                    "end": "1600",
                    "is_overnight": false,
                    "start": "0600"
                },
                {
                    "day": 2,
                    "end": "1600",
                    "is_overnight": false,
                    "start": "0600"
                },
                {
                    "day": 3,
                    "end": "1600",
                    "is_overnight": false,
                    "start": "0600"
                },
                {
                    "day": 4,
                    "end": "1600",
                    "is_overnight": false,
                    "start": "0600"
                },
                {
                    "day": 5,
                    "end": "1600",
                    "is_overnight": false,
                    "start": "0600"
                },
                {
                    "day": 6,
                    "end": "1600",
                    "is_overnight": false,
                    "start": "0700"
                }
            ]
        }
    ],
    "id": "eighty-twenty-food-braddon",
    "image_url": "https://s3-media4.fl.yelpcdn.com/bphoto/XpcGpQ2_JzbV3pmpBF69_Q/o.jpg",
    "is_claimed": false,
    "is_closed": false,
    "location": {
        "address1": "18 Lonsdale St",
        "address2": "",
        "address3": "",
        "city": "Braddon",
        "country": "AU",
        "state": "ACT",
        "zip_code": "2612"
    },
    "name": "Eighty/twenty Food",
    "phone": "+6162472866",
    "photos": [
        "https://s3-media3.fl.yelpcdn.com/bphoto/XpcGpQ2_JzbV3pmpBF69_Q/o.jpg",
        "https://s3-media1.fl.yelpcdn.com/bphoto/hMittXRw-LasriCiFnBrGw/o.jpg",
        "https://s3-media1.fl.yelpcdn.com/bphoto/264P5n6ao42hoGBsxnvOcw/o.jpg"
    ],
    "price": "$$",
    "rating": 4.5,
    "review_count": 3,
    "term": "restaurants",
    "url": "https://www.yelp.com/biz/eighty-twenty-food-braddon?adjust_creative=92p07_JjKyriZTQxAXRiKQ&utm_campaign=yelp_api_v3&utm_medium=api_v3_business_lookup&utm_source=92p07_JjKyriZTQxAXRiKQ",
    "uuid": "3598"
}