{
    "categories": [
        {
            "alias": "australian",
            "title": "Australian"
        }
    ],
    "coordinates": {
        "latitude": -35.2728386,
        "longitude": 149.1330414
    },
    "id": "eighty-six-restaurant-braddon",
    "image_url": "https://s3-media3.fl.yelpcdn.com/bphoto/a5cTgt8ev4srI7ZMyUobAg/o.jpg",
    "is_claimed": false,
    "is_closed": false,
    "location": {
        "address1": "Unit 147",
        "address2": "22 Lonsdale St",
        "address3": "",
        "city": "Braddon",
        "country": "AU",
        "state": "ACT",
        "zip_code": "2612"
    },
    "name": "Eighty-Six Restaurant",
    "phone": "+61261618686",
    "photos": [
        "https://s3-media3.fl.yelpcdn.com/bphoto/a5cTgt8ev4srI7ZMyUobAg/o.jpg",
        "https://s3-media4.fl.yelpcdn.com/bphoto/ZJGmzcpOI434oHZJUpGlmA/o.jpg",
        "https://s3-media1.fl.yelpcdn.com/bphoto/is2nzOjA6vayc9s9p-TC-Q/o.jpg"
    ],
    "price": "$$$",
    "rating": 4.5,
    "review_count": 11,
    "term": "restaurants",
    "url": "https://www.yelp.com/biz/eighty-six-restaurant-braddon?adjust_creative=92p07_JjKyriZTQxAXRiKQ&utm_campaign=yelp_api_v3&utm_medium=api_v3_business_lookup&utm_source=92p07_JjKyriZTQxAXRiKQ",
    "uuid": "3597"
}