{
    "categories": [
        {
            "alias": "australian",
            "title": "Australian"
        }
    ],
    "coordinates": {
        "latitude": -35.2728058054908,
        "longitude": 149.132608224563
    },
    "hours": [
        {
            "hours_type": "REGULAR",
            "is_open_now": false,
            "open": [
                {
                    "day": 0,
                    "end": "1500",
                    "is_overnight": false,
                    "start": "0800"
                },
                {
                    "day": 1,
                    "end": "2200",
                    "is_overnight": false,
                    "start": "0800"
                },
                {
                    "day": 2,
                    "end": "2200",
                    "is_overnight": false,
                    "start": "0800"
                },
                {
                    "day": 3,
                    "end": "1400",
                    "is_overnight": false,
                    "start": "0800"
                },
                {
                    "day": 3,
                    "end": "2300",
                    "is_overnight": false,
                    "start": "1800"
                },
                {
                    "day": 4,
                    "end": "1400",
                    "is_overnight": false,
                    "start": "0800"
                },
                {
                    "day": 4,
                    "end": "2300",
                    "is_overnight": false,
                    "start": "1800"
                },
                {
                    "day": 5,
                    "end": "1400",
                    "is_overnight": false,
                    "start": "0800"
                },
                {
                    "day": 5,
                    "end": "2300",
                    "is_overnight": false,
                    "start": "1800"
                },
                {
                    "day": 6,
                    "end": "1430",
                    "is_overnight": false,
                    "start": "0800"
                }
            ]
        }
    ],
    "id": "elk-and-pea-braddon",
    "image_url": "https://s3-media4.fl.yelpcdn.com/bphoto/cRU81Hsb_Ia_ZHCPb8u5Kw/o.jpg",
    "is_claimed": true,
    "is_closed": false,
    "location": {
        "address1": "21 Lonsdale St",
        "address2": "",
        "address3": "",
        "city": "Braddon",
        "country": "AU",
        "state": "ACT",
        "zip_code": "2612"
    },
    "name": "Elk & Pea",
    "phone": "+61261620222",
    "photos": [
        "https://s3-media4.fl.yelpcdn.com/bphoto/cRU81Hsb_Ia_ZHCPb8u5Kw/o.jpg",
        "https://s3-media2.fl.yelpcdn.com/bphoto/vNF7_tYguMaRIMLRKk1acQ/o.jpg",
        "https://s3-media1.fl.yelpcdn.com/bphoto/iUpYi3L-rVb3JGdSUwWUSw/o.jpg"
    ],
    "price": "$$",
    "rating": 4.0,
    "review_count": 16,
    "term": "restaurants",
    "url": "https://www.yelp.com/biz/elk-and-pea-braddon?adjust_creative=92p07_JjKyriZTQxAXRiKQ&utm_campaign=yelp_api_v3&utm_medium=api_v3_business_lookup&utm_source=92p07_JjKyriZTQxAXRiKQ",
    "uuid": "3677"
}