{
    "categories": [
        {
            "alias": "cafes",
            "title": "Cafes"
        }
    ],
    "coordinates": {
        "latitude": -35.307665,
        "longitude": 149.097486
    },
    "hours": [
        {
            "hours_type": "REGULAR",
            "is_open_now": false,
            "open": [
                {
                    "day": 0,
                    "end": "1500",
                    "is_overnight": false,
                    "start": "0700"
                },
                {
                    "day": 1,
                    "end": "1500",
                    "is_overnight": false,
                    "start": "0700"
                },
                {
                    "day": 2,
                    "end": "1500",
                    "is_overnight": false,
                    "start": "0700"
                },
                {
                    "day": 3,
                    "end": "1500",
                    "is_overnight": false,
                    "start": "0700"
                },
                {
                    "day": 4,
                    "end": "1500",
                    "is_overnight": false,
                    "start": "0700"
                },
                {
                    "day": 5,
                    "end": "1400",
                    "is_overnight": false,
                    "start": "0800"
                },
                {
                    "day": 6,
                    "end": "1400",
                    "is_overnight": false,
                    "start": "0800"
                }
            ]
        }
    ],
    "id": "farmers-daughter-braddon",
    "image_url": "",
    "is_claimed": false,
    "is_closed": false,
    "location": {
        "address1": "27 Bentham St",
        "address2": "",
        "address3": "",
        "city": "Braddon",
        "country": "AU",
        "state": "ACT",
        "zip_code": "2612"
    },
    "name": "Farmers Daughter",
    "phone": "+61262812233",
    "photos": [],
    "rating": 4.0,
    "review_count": 1,
    "term": "restaurants",
    "url": "https://www.yelp.com/biz/farmers-daughter-braddon?adjust_creative=92p07_JjKyriZTQxAXRiKQ&utm_campaign=yelp_api_v3&utm_medium=api_v3_business_lookup&utm_source=92p07_JjKyriZTQxAXRiKQ",
    "uuid": "3919"
}