{
    "categories": [
        {
            "alias": "argentine",
            "title": "Argentine"
        },
        {
            "alias": "steak",
            "title": "Steakhouses"
        }
    ],
    "coordinates": {
        "latitude": -35.275219,
        "longitude": 149.1322327
    },
    "id": "hopscotch-braddon",
    "image_url": "https://s3-media4.fl.yelpcdn.com/bphoto/KM5F2p0hzDYbI-XNDGOoIw/o.jpg",
    "is_claimed": false,
    "is_closed": false,
    "location": {
        "address1": "5 Lonsdale St",
        "address2": "",
        "address3": "",
        "city": "Braddon",
        "country": "AU",
        "state": "ACT",
        "zip_code": "2612"
    },
    "name": "Hopscotch",
    "phone": "",
    "photos": [
        "https://s3-media1.fl.yelpcdn.com/bphoto/KM5F2p0hzDYbI-XNDGOoIw/o.jpg",
        "https://s3-media1.fl.yelpcdn.com/bphoto/czv4KPNfOod3ZEymcm15_Q/o.jpg",
        "https://s3-media2.fl.yelpcdn.com/bphoto/EMCVlF0eHpiLpUOwQTZCNw/o.jpg"
    ],
    "price": "$$",
    "rating": 4.0,
    "review_count": 5,
    "term": "restaurants",
    "url": "https://www.yelp.com/biz/hopscotch-braddon?adjust_creative=92p07_JjKyriZTQxAXRiKQ&utm_campaign=yelp_api_v3&utm_medium=api_v3_business_lookup&utm_source=92p07_JjKyriZTQxAXRiKQ",
    "uuid": "5284"
}