{
    "categories": [
        {
            "alias": "cafes",
            "title": "Cafes"
        },
        {
            "alias": "coffee",
            "title": "Coffee & Tea"
        }
    ],
    "coordinates": {
        "latitude": -35.2754898,
        "longitude": 149.1322021
    },
    "hours": [
        {
            "hours_type": "REGULAR",
            "is_open_now": false,
            "open": [
                {
                    "day": 0,
                    "end": "1700",
                    "is_overnight": false,
                    "start": "0600"
                },
                {
                    "day": 1,
                    "end": "1700",
                    "is_overnight": false,
                    "start": "0600"
                },
                {
                    "day": 2,
                    "end": "1700",
                    "is_overnight": false,
                    "start": "0600"
                },
                {
                    "day": 3,
                    "end": "1700",
                    "is_overnight": false,
                    "start": "0600"
                },
                {
                    "day": 4,
                    "end": "1700",
                    "is_overnight": false,
                    "start": "0600"
                },
                {
                    "day": 5,
                    "end": "1500",
                    "is_overnight": false,
                    "start": "0630"
                }
            ]
        }
    ],
    "id": "lonsdale-street-roasters-braddon",
    "image_url": "https://s3-media3.fl.yelpcdn.com/bphoto/-5J5QOdy1xNvwPdvXmJLxw/o.jpg",
    "is_claimed": true,
    "is_closed": false,
    "location": {
        "address1": "3/7 Lonsdale St",
        "address2": null,
        "address3": null,
        "city": "Braddon",
        "country": "AU",
        "state": "ACT",
        "zip_code": "2612"
    },
    "name": "Lonsdale Street Roasters",
    "phone": "+61261560975",
    "photos": [
        "https://s3-media3.fl.yelpcdn.com/bphoto/-5J5QOdy1xNvwPdvXmJLxw/o.jpg",
        "https://s3-media3.fl.yelpcdn.com/bphoto/Tp8RF_Lt6j1iTlL36Dv7yw/o.jpg",
        "https://s3-media3.fl.yelpcdn.com/bphoto/tNREZ1KLY5EvUOcig8H6Mg/o.jpg"
    ],
    "price": "$",
    "rating": 4.0,
    "review_count": 16,
    "term": "restaurants",
    "url": "https://www.yelp.com/biz/lonsdale-street-roasters-braddon?adjust_creative=92p07_JjKyriZTQxAXRiKQ&utm_campaign=yelp_api_v3&utm_medium=api_v3_business_lookup&utm_source=92p07_JjKyriZTQxAXRiKQ",
    "uuid": "6846"
}