{
    "categories": [
        {
            "alias": "coffee",
            "title": "Coffee & Tea"
        },
        {
            "alias": "breakfast_brunch",
            "title": "Breakfast & Brunch"
        }
    ],
    "coordinates": {
        "latitude": -35.2724991,
        "longitude": 149.1326752
    },
    "hours": [
        {
            "hours_type": "REGULAR",
            "is_open_now": false,
            "open": [
                {
                    "day": 0,
                    "end": "1500",
                    "is_overnight": false,
                    "start": "0700"
                },
                {
                    "day": 1,
                    "end": "1500",
                    "is_overnight": false,
                    "start": "0700"
                },
                {
                    "day": 2,
                    "end": "1500",
                    "is_overnight": false,
                    "start": "0700"
                },
                {
                    "day": 3,
                    "end": "1500",
                    "is_overnight": false,
                    "start": "0700"
                },
                {
                    "day": 4,
                    "end": "1500",
                    "is_overnight": false,
                    "start": "0700"
                },
                {
                    "day": 5,
                    "end": "1600",
                    "is_overnight": false,
                    "start": "0800"
                },
                {
                    "day": 6,
                    "end": "1600",
                    "is_overnight": false,
                    "start": "0800"
                }
            ]
        }
    ],
    "id": "lonsdale-street-roasters-eatery-braddon",
    "image_url": "https://s3-media4.fl.yelpcdn.com/bphoto/pC8loBfjd6f1nP041iFXmw/o.jpg",
    "is_claimed": false,
    "is_closed": false,
    "location": {
        "address1": "23 Lonsdale Street",
        "address2": "",
        "address3": "",
        "city": "Braddon",
        "country": "AU",
        "state": "ACT",
        "zip_code": "2612"
    },
    "name": "Lonsdale Street Roasters Eatery",
    "phone": "",
    "photos": [
        "https://s3-media3.fl.yelpcdn.com/bphoto/pC8loBfjd6f1nP041iFXmw/o.jpg",
        "https://s3-media1.fl.yelpcdn.com/bphoto/2lVmg6iHa85EURExqCZaYg/o.jpg",
        "https://s3-media1.fl.yelpcdn.com/bphoto/PqkCqYbF8cZynnuxq6Mb5g/o.jpg"
    ],
    "price": "$$",
    "rating": 3.5,
    "review_count": 7,
    "term": "restaurants",
    "url": "https://www.yelp.com/biz/lonsdale-street-roasters-eatery-braddon?adjust_creative=92p07_JjKyriZTQxAXRiKQ&utm_campaign=yelp_api_v3&utm_medium=api_v3_business_lookup&utm_source=92p07_JjKyriZTQxAXRiKQ",
    "uuid": "6847"
}