{
    "categories": [
        {
            "alias": "australian",
            "title": "Australian"
        }
    ],
    "coordinates": {
        "latitude": -35.2727267389713,
        "longitude": 149.132958909037
    },
    "id": "mood-food-and-co-braddon",
    "image_url": "https://s3-media1.fl.yelpcdn.com/bphoto/Fsdr1mGTuhQdfAZYChFQWw/o.jpg",
    "is_claimed": false,
    "is_closed": false,
    "location": {
        "address1": "Unit 132",
        "address2": "132 Lonsdale St",
        "address3": "",
        "city": "Braddon",
        "country": "AU",
        "state": "ACT",
        "zip_code": "2612"
    },
    "name": "Mood Food & Co",
    "phone": "+61262578990",
    "photos": [
        "https://s3-media2.fl.yelpcdn.com/bphoto/Fsdr1mGTuhQdfAZYChFQWw/o.jpg",
        "https://s3-media3.fl.yelpcdn.com/bphoto/voqRpxlYnRinePa2-G03zg/o.jpg",
        "https://s3-media3.fl.yelpcdn.com/bphoto/T4B2CZO2Eo_SEroawAmv-w/o.jpg"
    ],
    "price": "$$",
    "rating": 3.0,
    "review_count": 5,
    "term": "restaurants",
    "url": "https://www.yelp.com/biz/mood-food-and-co-braddon?adjust_creative=92p07_JjKyriZTQxAXRiKQ&utm_campaign=yelp_api_v3&utm_medium=api_v3_business_lookup&utm_source=92p07_JjKyriZTQxAXRiKQ",
    "uuid": "7681"
}