{
    "categories": [
        {
            "alias": "cafes",
            "title": "Cafes"
        },
        {
            "alias": "sandwiches",
            "title": "Sandwiches"
        }
    ],
    "coordinates": {
        "latitude": -35.2729492,
        "longitude": 149.1317139
    },
    "hours": [
        {
            "hours_type": "REGULAR",
            "is_open_now": false,
            "open": [
                {
                    "day": 0,
                    "end": "2100",
                    "is_overnight": false,
                    "start": "0830"
                },
                {
                    "day": 1,
                    "end": "2100",
                    "is_overnight": false,
                    "start": "0830"
                },
                {
                    "day": 2,
                    "end": "2100",
                    "is_overnight": false,
                    "start": "0830"
                },
                {
                    "day": 3,
                    "end": "2100",
                    "is_overnight": false,
                    "start": "0830"
                },
                {
                    "day": 4,
                    "end": "2100",
                    "is_overnight": false,
                    "start": "0830"
                },
                {
                    "day": 5,
                    "end": "2000",
                    "is_overnight": false,
                    "start": "0900"
                },
                {
                    "day": 6,
                    "end": "1600",
                    "is_overnight": false,
                    "start": "1100"
                }
            ]
        }
    ],
    "id": "pita-pit-braddon-braddon",
    "image_url": "https://s3-media4.fl.yelpcdn.com/bphoto/k2WNspTH6Mazkz4dxeIf4g/o.jpg",
    "is_claimed": true,
    "is_closed": false,
    "location": {
        "address1": "Shop 4",
        "address2": "38 Mort St",
        "address3": "",
        "city": "Braddon",
        "country": "AU",
        "state": "ACT",
        "zip_code": "2612"
    },
    "name": "Pita Pit Braddon",
    "phone": "+61262472629",
    "photos": [
        "https://s3-media2.fl.yelpcdn.com/bphoto/k2WNspTH6Mazkz4dxeIf4g/o.jpg",
        "https://s3-media1.fl.yelpcdn.com/bphoto/JDvTt2BtlRj2HBD_r_tgAg/o.jpg",
        "https://s3-media1.fl.yelpcdn.com/bphoto/35CNoG0gBjDr2EscN9QEKg/o.jpg"
    ],
    "rating": 4.0,
    "review_count": 1,
    "term": "restaurants",
    "url": "https://www.yelp.com/biz/pita-pit-braddon-braddon?adjust_creative=92p07_JjKyriZTQxAXRiKQ&utm_campaign=yelp_api_v3&utm_medium=api_v3_business_lookup&utm_source=92p07_JjKyriZTQxAXRiKQ",
    "uuid": "8996"
}