{
    "categories": [
        {
            "alias": "pizza",
            "title": "Pizza"
        }
    ],
    "coordinates": {
        "latitude": -35.2724991,
        "longitude": 149.1326752
    },
    "hours": [
        {
            "hours_type": "REGULAR",
            "is_open_now": false,
            "open": [
                {
                    "day": 1,
                    "end": "2100",
                    "is_overnight": false,
                    "start": "1730"
                },
                {
                    "day": 2,
                    "end": "2100",
                    "is_overnight": false,
                    "start": "1730"
                },
                {
                    "day": 3,
                    "end": "2100",
                    "is_overnight": false,
                    "start": "1730"
                },
                {
                    "day": 4,
                    "end": "2100",
                    "is_overnight": false,
                    "start": "1730"
                },
                {
                    "day": 5,
                    "end": "2100",
                    "is_overnight": false,
                    "start": "1730"
                },
                {
                    "day": 6,
                    "end": "2100",
                    "is_overnight": false,
                    "start": "1730"
                }
            ]
        }
    ],
    "id": "pizza-gusto-braddon",
    "image_url": "https://s3-media2.fl.yelpcdn.com/bphoto/GQiRA_gNDhDZa6dfQdlYoA/o.jpg",
    "is_claimed": false,
    "is_closed": false,
    "location": {
        "address1": "23 Lonsdale St",
        "address2": "",
        "address3": "",
        "city": "Braddon",
        "country": "AU",
        "state": "ACT",
        "zip_code": "2612"
    },
    "name": "Pizza Gusto",
    "phone": "+61262577508",
    "photos": [
        "https://s3-media4.fl.yelpcdn.com/bphoto/GQiRA_gNDhDZa6dfQdlYoA/o.jpg",
        "https://s3-media3.fl.yelpcdn.com/bphoto/7hlYrEomd61B5Te9FxPZ-g/o.jpg",
        "https://s3-media1.fl.yelpcdn.com/bphoto/plVa6HVIFWUbv7XXFSMa8A/o.jpg"
    ],
    "price": "$$",
    "rating": 4.0,
    "review_count": 3,
    "term": "restaurants",
    "url": "https://www.yelp.com/biz/pizza-gusto-braddon?adjust_creative=92p07_JjKyriZTQxAXRiKQ&utm_campaign=yelp_api_v3&utm_medium=api_v3_business_lookup&utm_source=92p07_JjKyriZTQxAXRiKQ",
    "uuid": "9009"
}