{
    "categories": [
        {
            "alias": "bars",
            "title": "Bars"
        },
        {
            "alias": "cafes",
            "title": "Cafes"
        }
    ],
    "coordinates": {
        "latitude": -35.2746760843915,
        "longitude": 149.132334329188
    },
    "hours": [
        {
            "hours_type": "REGULAR",
            "is_open_now": false,
            "open": [
                {
                    "day": 0,
                    "end": "1600",
                    "is_overnight": false,
                    "start": "0630"
                },
                {
                    "day": 1,
                    "end": "1600",
                    "is_overnight": false,
                    "start": "0630"
                },
                {
                    "day": 2,
                    "end": "0000",
                    "is_overnight": false,
                    "start": "0630"
                },
                {
                    "day": 3,
                    "end": "0000",
                    "is_overnight": false,
                    "start": "0630"
                },
                {
                    "day": 4,
                    "end": "0000",
                    "is_overnight": false,
                    "start": "0630"
                },
                {
                    "day": 5,
                    "end": "0000",
                    "is_overnight": false,
                    "start": "0630"
                },
                {
                    "day": 6,
                    "end": "1600",
                    "is_overnight": false,
                    "start": "0630"
                }
            ]
        }
    ],
    "id": "rye-cafe-and-bar-braddon",
    "image_url": "https://s3-media4.fl.yelpcdn.com/bphoto/GirJtH1SVEl6nHpe2Cic3g/o.jpg",
    "is_claimed": false,
    "is_closed": false,
    "location": {
        "address1": "9 Lonsdale St",
        "address2": "",
        "address3": null,
        "city": "Braddon",
        "country": "AU",
        "state": "ACT",
        "zip_code": "2612"
    },
    "name": "RYE Cafe and Bar",
    "phone": "+61437437842",
    "photos": [
        "https://s3-media1.fl.yelpcdn.com/bphoto/GirJtH1SVEl6nHpe2Cic3g/o.jpg"
    ],
    "rating": 0.0,
    "review_count": 0,
    "term": "restaurants",
    "url": "https://www.yelp.com/biz/rye-cafe-and-bar-braddon?adjust_creative=92p07_JjKyriZTQxAXRiKQ&utm_campaign=yelp_api_v3&utm_medium=api_v3_business_lookup&utm_source=92p07_JjKyriZTQxAXRiKQ",
    "uuid": "9882"
}