{
    "categories": [
        {
            "alias": "vegan",
            "title": "Vegan"
        },
        {
            "alias": "bakeries",
            "title": "Bakeries"
        }
    ],
    "coordinates": {
        "latitude": -35.2733279324708,
        "longitude": 149.13317903165
    },
    "hours": [
        {
            "hours_type": "REGULAR",
            "is_open_now": false,
            "open": [
                {
                    "day": 0,
                    "end": "1600",
                    "is_overnight": false,
                    "start": "0730"
                },
                {
                    "day": 1,
                    "end": "1600",
                    "is_overnight": false,
                    "start": "0730"
                },
                {
                    "day": 2,
                    "end": "1600",
                    "is_overnight": false,
                    "start": "0730"
                },
                {
                    "day": 3,
                    "end": "1600",
                    "is_overnight": false,
                    "start": "0730"
                },
                {
                    "day": 4,
                    "end": "1600",
                    "is_overnight": false,
                    "start": "0730"
                },
                {
                    "day": 5,
                    "end": "1600",
                    "is_overnight": false,
                    "start": "0730"
                },
                {
                    "day": 6,
                    "end": "1500",
                    "is_overnight": false,
                    "start": "0830"
                }
            ]
        }
    ],
    "id": "sweet-bones-bakery-cafe-braddon-2",
    "image_url": "https://s3-media4.fl.yelpcdn.com/bphoto/njpOCdcaxJDiuzhQ-oa_EQ/o.jpg",
    "is_claimed": false,
    "is_closed": false,
    "location": {
        "address1": "Shop 8",
        "address2": "18 Lonsdale St",
        "address3": "",
        "city": "Braddon",
        "country": "AU",
        "state": "ACT",
        "zip_code": "2612"
    },
    "name": "Sweet Bones Bakery Cafe",
    "phone": "+61413067890",
    "photos": [
        "https://s3-media4.fl.yelpcdn.com/bphoto/njpOCdcaxJDiuzhQ-oa_EQ/o.jpg",
        "https://s3-media3.fl.yelpcdn.com/bphoto/ukckgU51CDUPcrxVoFgk7g/o.jpg",
        "https://s3-media1.fl.yelpcdn.com/bphoto/UnCuDgqW89Vn5flP_hBrJg/o.jpg"
    ],
    "price": "$$",
    "rating": 4.5,
    "review_count": 5,
    "term": "restaurants",
    "url": "https://www.yelp.com/biz/sweet-bones-bakery-cafe-braddon-2?adjust_creative=92p07_JjKyriZTQxAXRiKQ&utm_campaign=yelp_api_v3&utm_medium=api_v3_business_lookup&utm_source=92p07_JjKyriZTQxAXRiKQ",
    "uuid": "11052"
}