{
    "categories": [
        {
            "alias": "carrental",
            "title": "Car Rental"
        }
    ],
    "coordinates": {
        "latitude": -35.2736092,
        "longitude": 149.1325073
    },
    "id": "avis-car-rentals-braddon",
    "image_url": "",
    "is_claimed": false,
    "is_closed": false,
    "location": {
        "address1": "17 Lonsdale St",
        "address2": null,
        "address3": null,
        "city": "Braddon",
        "country": "AU",
        "state": "ACT",
        "zip_code": "2612"
    },
    "name": "Avis Car Rentals",
    "phone": "+61262193000",
    "photos": [],
    "rating": 0.0,
    "review_count": 0,
    "term": "hotels",
    "url": "https://www.yelp.com/biz/avis-car-rentals-braddon?adjust_creative=92p07_JjKyriZTQxAXRiKQ&utm_campaign=yelp_api_v3&utm_medium=api_v3_business_lookup&utm_source=92p07_JjKyriZTQxAXRiKQ",
    "uuid": "808"
}