{
    "categories": [
        {
            "alias": "carrental",
            "title": "Car Rental"
        }
    ],
    "coordinates": {
        "latitude": -35.2736092,
        "longitude": 149.1325073
    },
    "id": "budget-car-and-truck-rental-canberra-braddon",
    "image_url": "https://s3-media3.fl.yelpcdn.com/bphoto/v-Sd9nZf1v7j3LW2RwoRNA/o.jpg",
    "is_claimed": false,
    "is_closed": false,
    "location": {
        "address1": "17 Lonsdale St",
        "address2": null,
        "address3": null,
        "city": "Braddon",
        "country": "AU",
        "state": "ACT",
        "zip_code": "2612"
    },
    "name": "Budget Car & Truck Rental Canberra",
    "phone": "+61262572200",
    "photos": [
        "https://s3-media4.fl.yelpcdn.com/bphoto/v-Sd9nZf1v7j3LW2RwoRNA/o.jpg"
    ],
    "rating": 0.0,
    "review_count": 0,
    "term": "hotels",
    "url": "https://www.yelp.com/biz/budget-car-and-truck-rental-canberra-braddon?adjust_creative=92p07_JjKyriZTQxAXRiKQ&utm_campaign=yelp_api_v3&utm_medium=api_v3_business_lookup&utm_source=92p07_JjKyriZTQxAXRiKQ",
    "uuid": "1802"
}