{
    "categories": [
        {
            "alias": "transport",
            "title": "Transportation"
        }
    ],
    "coordinates": {
        "latitude": -35.2752304,
        "longitude": 149.1326752
    },
    "id": "bus-industry-confederation-of-braddon",
    "image_url": "",
    "is_claimed": false,
    "is_closed": false,
    "location": {
        "address1": "6 Lonsdale",
        "address2": null,
        "address3": null,
        "city": "Braddon",
        "country": "AU",
        "state": "ACT",
        "zip_code": "2612"
    },
    "name": "Bus Industry Confederation Of",
    "phone": "+61262475990",
    "photos": [],
    "rating": 0.0,
    "review_count": 0,
    "term": "hotels",
    "url": "https://www.yelp.com/biz/bus-industry-confederation-of-braddon?adjust_creative=92p07_JjKyriZTQxAXRiKQ&utm_campaign=yelp_api_v3&utm_medium=api_v3_business_lookup&utm_source=92p07_JjKyriZTQxAXRiKQ",
    "uuid": "1859"
}