{
    "categories": [
        {
            "alias": "venues",
            "title": "Venues & Event Spaces"
        }
    ],
    "coordinates": {
        "latitude": -35.2672501,
        "longitude": 149.1314392
    },
    "id": "canberra-rex-hotel-braddon",
    "image_url": "https://s3-media4.fl.yelpcdn.com/bphoto/B0OPlmyiIXppoSOLo4qRVA/o.jpg",
    "is_claimed": false,
    "is_closed": false,
    "location": {
        "address1": "150 Northbourne Ave",
        "address2": null,
        "address3": null,
        "city": "Braddon",
        "country": "AU",
        "state": "ACT",
        "zip_code": "2612"
    },
    "name": "Canberra Rex Hotel",
    "phone": "+61262485311",
    "photos": [
        "https://s3-media4.fl.yelpcdn.com/bphoto/B0OPlmyiIXppoSOLo4qRVA/o.jpg",
        "https://s3-media4.fl.yelpcdn.com/bphoto/dMF0gqWW4ziEs0Lvk4hpaQ/o.jpg",
        "https://s3-media1.fl.yelpcdn.com/bphoto/xVz8KYyJW0__niV-zxzu6A/o.jpg"
    ],
    "rating": 0.0,
    "review_count": 0,
    "term": "hotels",
    "url": "https://www.yelp.com/biz/canberra-rex-hotel-braddon?adjust_creative=92p07_JjKyriZTQxAXRiKQ&utm_campaign=yelp_api_v3&utm_medium=api_v3_business_lookup&utm_source=92p07_JjKyriZTQxAXRiKQ",
    "uuid": "2072"
}