{
    "categories": [
        {
            "alias": "pubs",
            "title": "Pubs"
        },
        {
            "alias": "australian",
            "title": "Australian"
        }
    ],
    "coordinates": {
        "latitude": -35.2625504,
        "longitude": 149.14505
    },
    "id": "edgars-inn-ainslie",
    "image_url": "https://s3-media2.fl.yelpcdn.com/bphoto/ehHJWnQ8d529gIF-wWJa7A/o.jpg",
    "is_claimed": false,
    "is_closed": false,
    "location": {
        "address1": "1 Edgar St",
        "address2": null,
        "address3": null,
        "city": "Ainslie",
        "country": "AU",
        "state": "ACT",
        "zip_code": "2602"
    },
    "name": "Edgar's Inn",
    "phone": "+61262575488",
    "photos": [
        "https://s3-media3.fl.yelpcdn.com/bphoto/ehHJWnQ8d529gIF-wWJa7A/o.jpg",
        "https://s3-media4.fl.yelpcdn.com/bphoto/yF081Kx9Q_RhV4tOy1VWFA/o.jpg",
        "https://s3-media1.fl.yelpcdn.com/bphoto/1NKUpYm5N0QM7EWNjf1VAA/o.jpg"
    ],
    "price": "$$",
    "rating": 3.0,
    "review_count": 4,
    "term": "restaurants",
    "url": "https://www.yelp.com/biz/edgars-inn-ainslie?adjust_creative=92p07_JjKyriZTQxAXRiKQ&utm_campaign=yelp_api_v3&utm_medium=api_v3_business_lookup&utm_source=92p07_JjKyriZTQxAXRiKQ",
    "uuid": "3574"
}