{
    "categories": [
        {
            "alias": "modern_european",
            "title": "Modern European"
        }
    ],
    "coordinates": {
        "latitude": -35.2620316,
        "longitude": 149.1447754
    },
    "id": "pulp-kitchen-ainslie",
    "image_url": "https://s3-media4.fl.yelpcdn.com/bphoto/-dyBTajfqZMGdDrNFPh44Q/o.jpg",
    "is_claimed": false,
    "is_closed": false,
    "location": {
        "address1": "Wakefield Gardens",
        "address2": "Shop 1",
        "address3": "",
        "city": "Ainslie",
        "country": "AU",
        "state": "ACT",
        "zip_code": "2602"
    },
    "name": "Pulp Kitchen",
    "phone": "+61262574334",
    "photos": [
        "https://s3-media3.fl.yelpcdn.com/bphoto/-dyBTajfqZMGdDrNFPh44Q/o.jpg",
        "https://s3-media1.fl.yelpcdn.com/bphoto/EpEWTTW39Spujc1RIULCjA/o.jpg",
        "https://s3-media2.fl.yelpcdn.com/bphoto/Y2rV72En6qJhcpTnzawqEQ/o.jpg"
    ],
    "price": "$$",
    "rating": 4.5,
    "review_count": 6,
    "term": "restaurants",
    "url": "https://www.yelp.com/biz/pulp-kitchen-ainslie?adjust_creative=92p07_JjKyriZTQxAXRiKQ&utm_campaign=yelp_api_v3&utm_medium=api_v3_business_lookup&utm_source=92p07_JjKyriZTQxAXRiKQ",
    "uuid": "9230"
}