{
    "categories": [
        {
            "alias": "cafes",
            "title": "Cafes"
        },
        {
            "alias": "bakeries",
            "title": "Bakeries"
        },
        {
            "alias": "cakeshop",
            "title": "Patisserie/Cake Shop"
        }
    ],
    "coordinates": {
        "latitude": -35.323969105054,
        "longitude": 149.155614426177
    },
    "hours": [
        {
            "hours_type": "REGULAR",
            "is_open_now": true,
            "open": [
                {
                    "day": 3,
                    "end": "1730",
                    "is_overnight": false,
                    "start": "0700"
                },
                {
                    "day": 4,
                    "end": "1730",
                    "is_overnight": false,
                    "start": "0700"
                },
                {
                    "day": 5,
                    "end": "1730",
                    "is_overnight": false,
                    "start": "0700"
                },
                {
                    "day": 6,
                    "end": "1730",
                    "is_overnight": false,
                    "start": "0700"
                }
            ]
        }
    ],
    "id": "bean-and-grain-fyshwick-fyshwick",
    "image_url": "https://s3-media3.fl.yelpcdn.com/bphoto/FwlGslJ7ehPsNA_IzAbTgg/o.jpg",
    "is_claimed": false,
    "is_closed": false,
    "location": {
        "address1": "Fyshwick Fresh Food Markets",
        "address2": "12 Dalby St",
        "address3": "",
        "city": "Fyshwick",
        "country": "AU",
        "state": "ACT",
        "zip_code": "2609"
    },
    "name": "Bean & Grain - Fyshwick",
    "phone": "+61262956263",
    "photos": [
        "https://s3-media1.fl.yelpcdn.com/bphoto/FwlGslJ7ehPsNA_IzAbTgg/o.jpg",
        "https://s3-media1.fl.yelpcdn.com/bphoto/nT-oYJFSoIjEUx5zk48Waw/o.jpg"
    ],
    "price": "$$",
    "rating": 5.0,
    "review_count": 4,
    "term": "restaurants",
    "url": "https://www.yelp.com/biz/bean-and-grain-fyshwick-fyshwick?adjust_creative=92p07_JjKyriZTQxAXRiKQ&utm_campaign=yelp_api_v3&utm_medium=api_v3_business_lookup&utm_source=92p07_JjKyriZTQxAXRiKQ",
    "uuid": "1095"
}