{
    "categories": [
        {
            "alias": "cafes",
            "title": "Cafes"
        }
    ],
    "coordinates": {
        "latitude": -35.3299102783203,
        "longitude": 149.187194824219
    },
    "hours": [
        {
            "hours_type": "REGULAR",
            "is_open_now": false,
            "open": [
                {
                    "day": 0,
                    "end": "1500",
                    "is_overnight": false,
                    "start": "0700"
                },
                {
                    "day": 1,
                    "end": "1500",
                    "is_overnight": false,
                    "start": "0700"
                },
                {
                    "day": 2,
                    "end": "1500",
                    "is_overnight": false,
                    "start": "0700"
                },
                {
                    "day": 3,
                    "end": "1500",
                    "is_overnight": false,
                    "start": "0700"
                },
                {
                    "day": 4,
                    "end": "1500",
                    "is_overnight": false,
                    "start": "0700"
                }
            ]
        }
    ],
    "id": "box-diner-fyshwick",
    "image_url": "https://s3-media4.fl.yelpcdn.com/bphoto/JlvM4hp8udlP11NzwzSiUQ/o.jpg",
    "is_claimed": false,
    "is_closed": false,
    "location": {
        "address1": "Unit 17",
        "address2": "65 Tennant St",
        "address3": "",
        "city": "Fyshwick",
        "country": "AU",
        "state": "ACT",
        "zip_code": "2609"
    },
    "name": "Box Diner",
    "phone": "",
    "photos": [
        "https://s3-media1.fl.yelpcdn.com/bphoto/JlvM4hp8udlP11NzwzSiUQ/o.jpg"
    ],
    "price": "$$",
    "rating": 3.5,
    "review_count": 2,
    "term": "restaurants",
    "url": "https://www.yelp.com/biz/box-diner-fyshwick?adjust_creative=92p07_JjKyriZTQxAXRiKQ&utm_campaign=yelp_api_v3&utm_medium=api_v3_business_lookup&utm_source=92p07_JjKyriZTQxAXRiKQ",
    "uuid": "1662"
}