{
    "categories": [
        {
            "alias": "cafes",
            "title": "Cafes"
        },
        {
            "alias": "coffee",
            "title": "Coffee & Tea"
        }
    ],
    "coordinates": {
        "latitude": -35.3241261,
        "longitude": 149.1794888
    },
    "hours": [
        {
            "hours_type": "REGULAR",
            "is_open_now": false,
            "open": [
                {
                    "day": 0,
                    "end": "1600",
                    "is_overnight": false,
                    "start": "0700"
                },
                {
                    "day": 1,
                    "end": "1600",
                    "is_overnight": false,
                    "start": "0700"
                },
                {
                    "day": 2,
                    "end": "1600",
                    "is_overnight": false,
                    "start": "0700"
                },
                {
                    "day": 3,
                    "end": "1600",
                    "is_overnight": false,
                    "start": "0700"
                },
                {
                    "day": 4,
                    "end": "1600",
                    "is_overnight": false,
                    "start": "0700"
                },
                {
                    "day": 5,
                    "end": "1500",
                    "is_overnight": false,
                    "start": "0800"
                },
                {
                    "day": 6,
                    "end": "1500",
                    "is_overnight": false,
                    "start": "0800"
                }
            ]
        }
    ],
    "id": "ona-coffee-fyshwick",
    "image_url": "https://s3-media2.fl.yelpcdn.com/bphoto/DWO_cDGHCHG-TBbJtv_Czg/o.jpg",
    "is_claimed": false,
    "is_closed": false,
    "location": {
        "address1": "68 Wollongong St",
        "address2": "",
        "address3": "",
        "city": "Fyshwick",
        "country": "AU",
        "state": "ACT",
        "zip_code": "2609"
    },
    "name": "ONA Coffee",
    "phone": "+61261623320",
    "photos": [
        "https://s3-media2.fl.yelpcdn.com/bphoto/DWO_cDGHCHG-TBbJtv_Czg/o.jpg",
        "https://s3-media2.fl.yelpcdn.com/bphoto/fjSg8M7dLv_xH7lvDoYFbg/o.jpg",
        "https://s3-media4.fl.yelpcdn.com/bphoto/V2b949F60gZFBBs8Jqat4w/o.jpg"
    ],
    "price": "$$",
    "rating": 4.5,
    "review_count": 2,
    "term": "restaurants",
    "url": "https://www.yelp.com/biz/ona-coffee-fyshwick?adjust_creative=92p07_JjKyriZTQxAXRiKQ&utm_campaign=yelp_api_v3&utm_medium=api_v3_business_lookup&utm_source=92p07_JjKyriZTQxAXRiKQ",
    "uuid": "8377"
}