{
    "categories": [
        {
            "alias": "hotels",
            "title": "Hotels"
        }
    ],
    "coordinates": {
        "latitude": -35.3362694,
        "longitude": 149.1572418
    },
    "id": "canberra-educational-tours-accommodation-centre-narrabundah",
    "image_url": "",
    "is_claimed": false,
    "is_closed": false,
    "location": {
        "address1": "103 Goyder St",
        "address2": null,
        "address3": null,
        "city": "Narrabundah",
        "country": "AU",
        "state": "ACT",
        "zip_code": "2604"
    },
    "name": "Canberra Educational Tours Accommodation Centre",
    "phone": "+61262952944",
    "photos": [],
    "rating": 0.0,
    "review_count": 0,
    "term": "hotels",
    "url": "https://www.yelp.com/biz/canberra-educational-tours-accommodation-centre-narrabundah?adjust_creative=92p07_JjKyriZTQxAXRiKQ&utm_campaign=yelp_api_v3&utm_medium=api_v3_business_lookup&utm_source=92p07_JjKyriZTQxAXRiKQ",
    "uuid": "2065"
}