{
    "categories": [
        {
            "alias": "venues",
            "title": "Venues & Event Spaces"
        }
    ],
    "coordinates": {
        "latitude": -35.3400955,
        "longitude": 149.152298
    },
    "id": "garden-city-hotel-narrabundah",
    "image_url": "",
    "is_claimed": false,
    "is_closed": false,
    "location": {
        "address1": "55 Jerrabomberra Ave",
        "address2": null,
        "address3": null,
        "city": "Narrabundah",
        "country": "AU",
        "state": "ACT",
        "zip_code": "2604"
    },
    "name": "Garden City Hotel",
    "phone": "+61262953322",
    "photos": [],
    "rating": 0.0,
    "review_count": 0,
    "term": "hotels",
    "url": "https://www.yelp.com/biz/garden-city-hotel-narrabundah?adjust_creative=92p07_JjKyriZTQxAXRiKQ&utm_campaign=yelp_api_v3&utm_medium=api_v3_business_lookup&utm_source=92p07_JjKyriZTQxAXRiKQ",
    "uuid": "4381"
}