{
    "categories": [
        {
            "alias": "venues",
            "title": "Venues & Event Spaces"
        }
    ],
    "coordinates": {
        "latitude": -35.3386612,
        "longitude": 149.1483154
    },
    "id": "hotel-heritage-narrabundah",
    "image_url": "https://s3-media4.fl.yelpcdn.com/bphoto/-pAtStnkJyRI1_z9l_bjDQ/o.jpg",
    "is_claimed": false,
    "is_closed": false,
    "location": {
        "address1": "203 Goyder St",
        "address2": null,
        "address3": null,
        "city": "Narrabundah",
        "country": "AU",
        "state": "ACT",
        "zip_code": "2604"
    },
    "name": "Hotel Heritage",
    "phone": "+611800026346",
    "photos": [
        "https://s3-media3.fl.yelpcdn.com/bphoto/-pAtStnkJyRI1_z9l_bjDQ/o.jpg"
    ],
    "rating": 0.0,
    "review_count": 0,
    "term": "hotels",
    "url": "https://www.yelp.com/biz/hotel-heritage-narrabundah?adjust_creative=92p07_JjKyriZTQxAXRiKQ&utm_campaign=yelp_api_v3&utm_medium=api_v3_business_lookup&utm_source=92p07_JjKyriZTQxAXRiKQ",
    "uuid": "5347"
}