{
    "categories": [
        {
            "alias": "tours",
            "title": "Tours"
        }
    ],
    "coordinates": {
        "latitude": -35.33508,
        "longitude": 149.1488
    },
    "id": "paxevanos-rob-narrabundah",
    "image_url": "",
    "is_claimed": false,
    "is_closed": false,
    "location": {
        "address1": "",
        "address2": null,
        "address3": null,
        "city": "Narrabundah",
        "country": "AU",
        "state": "ACT",
        "zip_code": "2604"
    },
    "name": "Paxevanos Rob",
    "phone": "+61262397047",
    "photos": [],
    "rating": 0.0,
    "review_count": 0,
    "term": "hotels",
    "url": "https://www.yelp.com/biz/paxevanos-rob-narrabundah?adjust_creative=92p07_JjKyriZTQxAXRiKQ&utm_campaign=yelp_api_v3&utm_medium=api_v3_business_lookup&utm_source=92p07_JjKyriZTQxAXRiKQ",
    "uuid": "8732"
}