{
    "categories": [
        {
            "alias": "transport",
            "title": "Transportation"
        }
    ],
    "coordinates": {
        "latitude": -35.3323212,
        "longitude": 149.1672974
    },
    "id": "adagold-aviation-canberra-airport-2",
    "image_url": "",
    "is_claimed": false,
    "is_closed": false,
    "location": {
        "address1": "",
        "address2": null,
        "address3": null,
        "city": "Canberra Airport",
        "country": "AU",
        "state": "ACT",
        "zip_code": "2609"
    },
    "name": "Adagold Aviation",
    "phone": "+611800767747",
    "photos": [],
    "rating": 0.0,
    "review_count": 0,
    "term": "hotels",
    "url": "https://www.yelp.com/biz/adagold-aviation-canberra-airport-2?adjust_creative=92p07_JjKyriZTQxAXRiKQ&utm_campaign=yelp_api_v3&utm_medium=api_v3_business_lookup&utm_source=92p07_JjKyriZTQxAXRiKQ",
    "uuid": "200"
}