{
    "categories": [
        {
            "alias": "carrental",
            "title": "Car Rental"
        }
    ],
    "coordinates": {
        "latitude": -35.3366814,
        "longitude": 149.1742249
    },
    "id": "budget-car-and-truck-rental-canberra-airport-canberra-airport",
    "image_url": "https://s3-media3.fl.yelpcdn.com/bphoto/NXvlFQWXF1aATDvH7lAksg/o.jpg",
    "is_claimed": false,
    "is_closed": false,
    "location": {
        "address1": "Canberra Airport Terminal",
        "address2": null,
        "address3": null,
        "city": "Canberra Airport",
        "country": "AU",
        "state": "ACT",
        "zip_code": "2609"
    },
    "name": "Budget Car & Truck Rental Canberra Airport",
    "phone": "+61262193040",
    "photos": [
        "https://s3-media1.fl.yelpcdn.com/bphoto/NXvlFQWXF1aATDvH7lAksg/o.jpg"
    ],
    "rating": 0.0,
    "review_count": 0,
    "term": "hotels",
    "url": "https://www.yelp.com/biz/budget-car-and-truck-rental-canberra-airport-canberra-airport?adjust_creative=92p07_JjKyriZTQxAXRiKQ&utm_campaign=yelp_api_v3&utm_medium=api_v3_business_lookup&utm_source=92p07_JjKyriZTQxAXRiKQ",
    "uuid": "1801"
}