{
    "categories": [
        {
            "alias": "transport",
            "title": "Transportation"
        }
    ],
    "coordinates": {
        "latitude": -35.3323212,
        "longitude": 149.1672974
    },
    "id": "corporate-air-canberra-airport",
    "image_url": "https://s3-media1.fl.yelpcdn.com/bphoto/_hK4h7LNNCKOBFrhYePgpw/o.jpg",
    "is_claimed": false,
    "is_closed": false,
    "location": {
        "address1": "",
        "address2": null,
        "address3": null,
        "city": "Canberra Airport",
        "country": "AU",
        "state": "ACT",
        "zip_code": "2609"
    },
    "name": "Corporate Air",
    "phone": "+61262497044",
    "photos": [
        "https://s3-media3.fl.yelpcdn.com/bphoto/_hK4h7LNNCKOBFrhYePgpw/o.jpg",
        "https://s3-media3.fl.yelpcdn.com/bphoto/6mqH3Adm-9LDVkqZpBdTMA/o.jpg",
        "https://s3-media1.fl.yelpcdn.com/bphoto/PbaFurf7Apwdgaq_3in6gg/o.jpg"
    ],
    "rating": 4.0,
    "review_count": 1,
    "term": "hotels",
    "url": "https://www.yelp.com/biz/corporate-air-canberra-airport?adjust_creative=92p07_JjKyriZTQxAXRiKQ&utm_campaign=yelp_api_v3&utm_medium=api_v3_business_lookup&utm_source=92p07_JjKyriZTQxAXRiKQ",
    "uuid": "2853"
}