{
    "categories": [
        {
            "alias": "carrental",
            "title": "Car Rental"
        }
    ],
    "coordinates": {
        "latitude": -35.3323212,
        "longitude": 149.1672974
    },
    "id": "europcar-car-and-truck-rental-canberra-airport",
    "image_url": "https://s3-media4.fl.yelpcdn.com/bphoto/YaY03sAkdrWD1xpN134byw/o.jpg",
    "is_claimed": false,
    "is_closed": false,
    "location": {
        "address1": "All Terminals, Terminal Building",
        "address2": null,
        "address3": null,
        "city": "Canberra Airport",
        "country": "AU",
        "state": "ACT",
        "zip_code": "2609"
    },
    "name": "Europcar Car & Truck Rental",
    "phone": "+61262130300",
    "photos": [
        "https://s3-media1.fl.yelpcdn.com/bphoto/YaY03sAkdrWD1xpN134byw/o.jpg"
    ],
    "rating": 0.0,
    "review_count": 0,
    "term": "hotels",
    "url": "https://www.yelp.com/biz/europcar-car-and-truck-rental-canberra-airport?adjust_creative=92p07_JjKyriZTQxAXRiKQ&utm_campaign=yelp_api_v3&utm_medium=api_v3_business_lookup&utm_source=92p07_JjKyriZTQxAXRiKQ",
    "uuid": "3818"
}