{
    "categories": [
        {
            "alias": "coffee",
            "title": "Coffee & Tea"
        },
        {
            "alias": "breakfast_brunch",
            "title": "Breakfast & Brunch"
        },
        {
            "alias": "pizza",
            "title": "Pizza"
        }
    ],
    "coordinates": {
        "latitude": -35.26408,
        "longitude": 149.122406
    },
    "id": "39-steps-o-connor",
    "image_url": "https://s3-media4.fl.yelpcdn.com/bphoto/VCtqXoAQMgugdGax5YOU-Q/o.jpg",
    "is_claimed": false,
    "is_closed": false,
    "location": {
        "address1": "5 Sargood St",
        "address2": "",
        "address3": "",
        "city": "O'connor",
        "country": "AU",
        "state": "ACT",
        "zip_code": "2602"
    },
    "name": "39 Steps",
    "phone": "+61262579191",
    "photos": [
        "https://s3-media1.fl.yelpcdn.com/bphoto/VCtqXoAQMgugdGax5YOU-Q/o.jpg"
    ],
    "price": "$$$",
    "rating": 0.0,
    "review_count": 0,
    "term": "restaurants",
    "url": "https://www.yelp.com/biz/39-steps-o-connor?adjust_creative=92p07_JjKyriZTQxAXRiKQ&utm_campaign=yelp_api_v3&utm_medium=api_v3_business_lookup&utm_source=92p07_JjKyriZTQxAXRiKQ",
    "uuid": "70"
}