{
    "categories": [
        {
            "alias": "pubs",
            "title": "Pubs"
        },
        {
            "alias": "pubfood",
            "title": "Pub Food"
        },
        {
            "alias": "gastropubs",
            "title": "Gastropubs"
        }
    ],
    "coordinates": {
        "latitude": -35.2643402293422,
        "longitude": 149.122125606918
    },
    "id": "the-duxton-o-connor",
    "image_url": "https://s3-media4.fl.yelpcdn.com/bphoto/ttjg6-pIA3SNizkB2e_AKw/o.jpg",
    "is_claimed": false,
    "is_closed": false,
    "location": {
        "address1": "Mcpherson St",
        "address2": "",
        "address3": "",
        "city": "O'Connor",
        "country": "AU",
        "state": "ACT",
        "zip_code": "2602"
    },
    "name": "The Duxton",
    "phone": "+6161620799",
    "photos": [
        "https://s3-media3.fl.yelpcdn.com/bphoto/ttjg6-pIA3SNizkB2e_AKw/o.jpg",
        "https://s3-media2.fl.yelpcdn.com/bphoto/FvTo0Bc0CCoUJLoC-xBQkA/o.jpg",
        "https://s3-media2.fl.yelpcdn.com/bphoto/B47f5mwfP_l2tb_b1L_jHw/o.jpg"
    ],
    "price": "$$",
    "rating": 5.0,
    "review_count": 1,
    "term": "restaurants",
    "url": "https://www.yelp.com/biz/the-duxton-o-connor?adjust_creative=92p07_JjKyriZTQxAXRiKQ&utm_campaign=yelp_api_v3&utm_medium=api_v3_business_lookup&utm_source=92p07_JjKyriZTQxAXRiKQ",
    "uuid": "11533"
}