{
    "categories": [
        {
            "alias": "travelservices",
            "title": "Travel Services"
        },
        {
            "alias": "swimmingpools",
            "title": "Swimming Pools"
        }
    ],
    "coordinates": {
        "latitude": -35.2515984,
        "longitude": 149.0692749
    },
    "id": "big-splash-waterpark-macquarie",
    "image_url": "https://s3-media2.fl.yelpcdn.com/bphoto/gdPqNFC1Hh0C6CxOwnZHVA/o.jpg",
    "is_claimed": false,
    "is_closed": false,
    "location": {
        "address1": "1 Catchpole St",
        "address2": null,
        "address3": null,
        "city": "Macquarie",
        "country": "AU",
        "state": "ACT",
        "zip_code": "2614"
    },
    "name": "Big Splash Waterpark",
    "phone": "+61262511144",
    "photos": [
        "https://s3-media2.fl.yelpcdn.com/bphoto/gdPqNFC1Hh0C6CxOwnZHVA/o.jpg"
    ],
    "rating": 5.0,
    "review_count": 1,
    "term": "hotels",
    "url": "https://www.yelp.com/biz/big-splash-waterpark-macquarie?adjust_creative=92p07_JjKyriZTQxAXRiKQ&utm_campaign=yelp_api_v3&utm_medium=api_v3_business_lookup&utm_source=92p07_JjKyriZTQxAXRiKQ",
    "uuid": "1291"
}