{
    "categories": [
        {
            "alias": "travelservices",
            "title": "Travel Services"
        }
    ],
    "coordinates": {
        "latitude": -35.2548599,
        "longitude": 149.0677643
    },
    "id": "himalayan-affair-international-macquarie",
    "image_url": "",
    "is_claimed": false,
    "is_closed": false,
    "location": {
        "address1": "6 Collits Pl",
        "address2": null,
        "address3": null,
        "city": "Macquarie",
        "country": "AU",
        "state": "ACT",
        "zip_code": "2614"
    },
    "name": "Himalayan Affair International",
    "phone": "+61262510757",
    "photos": [],
    "rating": 0.0,
    "review_count": 0,
    "term": "hotels",
    "url": "https://www.yelp.com/biz/himalayan-affair-international-macquarie?adjust_creative=92p07_JjKyriZTQxAXRiKQ&utm_campaign=yelp_api_v3&utm_medium=api_v3_business_lookup&utm_source=92p07_JjKyriZTQxAXRiKQ",
    "uuid": "5117"
}