{
    "categories": [
        {
            "alias": "lebanese",
            "title": "Lebanese"
        }
    ],
    "coordinates": {
        "latitude": -35.2782288,
        "longitude": 149.1327972
    },
    "id": "ali-baba-lebanese-restaurant-canberra",
    "image_url": "https://s3-media2.fl.yelpcdn.com/bphoto/l3aKagW48UBB-NKjzyAPgw/o.jpg",
    "is_claimed": false,
    "is_closed": false,
    "location": {
        "address1": "Bunda St & Garema Pl",
        "address2": "",
        "address3": "",
        "city": "Canberra",
        "country": "AU",
        "state": "ACT",
        "zip_code": "2601"
    },
    "name": "Ali Baba Lebanese Restaurant",
    "phone": "+61262572538",
    "photos": [
        "https://s3-media4.fl.yelpcdn.com/bphoto/l3aKagW48UBB-NKjzyAPgw/o.jpg"
    ],
    "rating": 4.0,
    "review_count": 2,
    "term": "restaurants",
    "url": "https://www.yelp.com/biz/ali-baba-lebanese-restaurant-canberra?adjust_creative=92p07_JjKyriZTQxAXRiKQ&utm_campaign=yelp_api_v3&utm_medium=api_v3_business_lookup&utm_source=92p07_JjKyriZTQxAXRiKQ",
    "uuid": "340"
}