{
    "categories": [
        {
            "alias": "cafes",
            "title": "Cafes"
        }
    ],
    "coordinates": {
        "latitude": -35.2788928782046,
        "longitude": 149.123829832541
    },
    "hours": [
        {
            "hours_type": "REGULAR",
            "is_open_now": false,
            "open": [
                {
                    "day": 0,
                    "end": "1800",
                    "is_overnight": false,
                    "start": "0800"
                },
                {
                    "day": 1,
                    "end": "1800",
                    "is_overnight": false,
                    "start": "0800"
                },
                {
                    "day": 2,
                    "end": "1800",
                    "is_overnight": false,
                    "start": "0800"
                },
                {
                    "day": 3,
                    "end": "1800",
                    "is_overnight": false,
                    "start": "0800"
                },
                {
                    "day": 4,
                    "end": "1800",
                    "is_overnight": false,
                    "start": "0800"
                }
            ]
        }
    ],
    "id": "as-you-like-it-canberra",
    "image_url": "https://s3-media4.fl.yelpcdn.com/bphoto/HawNHpz-nYPPKLqcjW6kEQ/o.jpg",
    "is_claimed": false,
    "is_closed": false,
    "location": {
        "address1": "Childers St",
        "address2": "",
        "address3": "",
        "city": "Canberra",
        "country": "AU",
        "state": "ACT",
        "zip_code": "2601"
    },
    "name": "As You Like It",
    "phone": "+61262628085",
    "photos": [
        "https://s3-media4.fl.yelpcdn.com/bphoto/HawNHpz-nYPPKLqcjW6kEQ/o.jpg"
    ],
    "rating": 5.0,
    "review_count": 1,
    "term": "restaurants",
    "url": "https://www.yelp.com/biz/as-you-like-it-canberra?adjust_creative=92p07_JjKyriZTQxAXRiKQ&utm_campaign=yelp_api_v3&utm_medium=api_v3_business_lookup&utm_source=92p07_JjKyriZTQxAXRiKQ",
    "uuid": "669"
}