{
    "categories": [
        {
            "alias": "italian",
            "title": "Italian"
        }
    ],
    "coordinates": {
        "latitude": -35.3195309346052,
        "longitude": 149.132416395244
    },
    "id": "bellucis-italian-canberra",
    "image_url": "https://s3-media2.fl.yelpcdn.com/bphoto/KnaITRHlan5hggd5hCP5XQ/o.jpg",
    "is_claimed": false,
    "is_closed": false,
    "location": {
        "address1": "Franklin St",
        "address2": "",
        "address3": "",
        "city": "Canberra",
        "country": "AU",
        "state": "ACT",
        "zip_code": "2603"
    },
    "name": "Belluci's Italian",
    "phone": "+61262397424",
    "photos": [
        "https://s3-media1.fl.yelpcdn.com/bphoto/KnaITRHlan5hggd5hCP5XQ/o.jpg"
    ],
    "rating": 0.0,
    "review_count": 0,
    "term": "restaurants",
    "url": "https://www.yelp.com/biz/bellucis-italian-canberra?adjust_creative=92p07_JjKyriZTQxAXRiKQ&utm_campaign=yelp_api_v3&utm_medium=api_v3_business_lookup&utm_source=92p07_JjKyriZTQxAXRiKQ",
    "uuid": "1166"
}