{
    "categories": [
        {
            "alias": "caribbean",
            "title": "Caribbean"
        },
        {
            "alias": "spanish",
            "title": "Spanish"
        },
        {
            "alias": "cocktailbars",
            "title": "Cocktail Bars"
        }
    ],
    "coordinates": {
        "latitude": -35.3129532090513,
        "longitude": 149.14669752731
    },
    "hours": [
        {
            "hours_type": "REGULAR",
            "is_open_now": true,
            "open": [
                {
                    "day": 1,
                    "end": "0000",
                    "is_overnight": false,
                    "start": "1200"
                },
                {
                    "day": 2,
                    "end": "0000",
                    "is_overnight": false,
                    "start": "1200"
                },
                {
                    "day": 3,
                    "end": "0000",
                    "is_overnight": false,
                    "start": "1200"
                },
                {
                    "day": 4,
                    "end": "0000",
                    "is_overnight": false,
                    "start": "1200"
                },
                {
                    "day": 5,
                    "end": "0000",
                    "is_overnight": false,
                    "start": "1200"
                },
                {
                    "day": 6,
                    "end": "0000",
                    "is_overnight": false,
                    "start": "1200"
                }
            ]
        }
    ],
    "id": "betti-bravos-canberra",
    "image_url": "",
    "is_claimed": false,
    "is_closed": false,
    "location": {
        "address1": "6/2 Trevillian Quay",
        "address2": "Kingston foreshore",
        "address3": null,
        "city": "Canberra",
        "country": "AU",
        "state": "ACT",
        "zip_code": "2606"
    },
    "name": "Betti Bravos",
    "phone": "+61262957000",
    "photos": [],
    "rating": 5.0,
    "review_count": 1,
    "term": "restaurants",
    "url": "https://www.yelp.com/biz/betti-bravos-canberra?adjust_creative=92p07_JjKyriZTQxAXRiKQ&utm_campaign=yelp_api_v3&utm_medium=api_v3_business_lookup&utm_source=92p07_JjKyriZTQxAXRiKQ",
    "uuid": "1238"
}