{
    "categories": [
        {
            "alias": "cafes",
            "title": "Cafes"
        }
    ],
    "coordinates": {
        "latitude": -35.2778435,
        "longitude": 149.1320496
    },
    "id": "cafe-garema-canberra",
    "image_url": "https://s3-media4.fl.yelpcdn.com/bphoto/DKV8cBTl0C0o-JLI1k84tg/o.jpg",
    "is_claimed": false,
    "is_closed": false,
    "location": {
        "address1": "60 Bunda St",
        "address2": "",
        "address3": "",
        "city": "Canberra",
        "country": "AU",
        "state": "ACT",
        "zip_code": "2601"
    },
    "name": "Cafe Garema",
    "phone": "",
    "photos": [
        "https://s3-media1.fl.yelpcdn.com/bphoto/DKV8cBTl0C0o-JLI1k84tg/o.jpg",
        "https://s3-media4.fl.yelpcdn.com/bphoto/hy1LYpgdML4JH8MGDCnECA/o.jpg",
        "https://s3-media1.fl.yelpcdn.com/bphoto/R94DON-U0H19JHVDs0Noag/o.jpg"
    ],
    "price": "$$",
    "rating": 4.5,
    "review_count": 4,
    "term": "restaurants",
    "url": "https://www.yelp.com/biz/cafe-garema-canberra?adjust_creative=92p07_JjKyriZTQxAXRiKQ&utm_campaign=yelp_api_v3&utm_medium=api_v3_business_lookup&utm_source=92p07_JjKyriZTQxAXRiKQ",
    "uuid": "1948"
}