{
    "categories": [
        {
            "alias": "indpak",
            "title": "Indian"
        },
        {
            "alias": "pizza",
            "title": "Pizza"
        }
    ],
    "coordinates": {
        "latitude": -35.2334605834502,
        "longitude": 149.040315652761
    },
    "hours": [
        {
            "hours_type": "REGULAR",
            "is_open_now": false,
            "open": [
                {
                    "day": 1,
                    "end": "2130",
                    "is_overnight": false,
                    "start": "1700"
                },
                {
                    "day": 2,
                    "end": "2130",
                    "is_overnight": false,
                    "start": "1700"
                },
                {
                    "day": 3,
                    "end": "2130",
                    "is_overnight": false,
                    "start": "1700"
                },
                {
                    "day": 4,
                    "end": "2130",
                    "is_overnight": false,
                    "start": "1700"
                },
                {
                    "day": 5,
                    "end": "2130",
                    "is_overnight": false,
                    "start": "1700"
                },
                {
                    "day": 6,
                    "end": "2130",
                    "is_overnight": false,
                    "start": "1700"
                }
            ]
        }
    ],
    "id": "cafe-tandoor-canberra-3",
    "image_url": "https://s3-media4.fl.yelpcdn.com/bphoto/0CIpAzjQDW0oPGYg5LEHqQ/o.jpg",
    "is_claimed": true,
    "is_closed": false,
    "location": {
        "address1": "Shop 5",
        "address2": "9 Scullin Pl",
        "address3": "",
        "city": "Canberra",
        "country": "AU",
        "state": "ACT",
        "zip_code": "2601"
    },
    "name": "Cafe Tandoor",
    "phone": "+61261621334",
    "photos": [
        "https://s3-media2.fl.yelpcdn.com/bphoto/0CIpAzjQDW0oPGYg5LEHqQ/o.jpg",
        "https://s3-media2.fl.yelpcdn.com/bphoto/KxkJtv90fOhSKz87aGDjHw/o.jpg",
        "https://s3-media1.fl.yelpcdn.com/bphoto/QdPgtjkVXIyT_CeSflQBjw/o.jpg"
    ],
    "price": "$$",
    "rating": 0.0,
    "review_count": 0,
    "term": "restaurants",
    "url": "https://www.yelp.com/biz/cafe-tandoor-canberra-3?adjust_creative=92p07_JjKyriZTQxAXRiKQ&utm_campaign=yelp_api_v3&utm_medium=api_v3_business_lookup&utm_source=92p07_JjKyriZTQxAXRiKQ",
    "uuid": "1985"
}