{
    "categories": [
        {
            "alias": "cafes",
            "title": "Cafes"
        }
    ],
    "coordinates": {
        "latitude": -35.2775803,
        "longitude": 149.1304169
    },
    "id": "cafe-cibalia-canberra",
    "image_url": "",
    "is_claimed": false,
    "is_closed": false,
    "location": {
        "address1": "7 Mort St",
        "address2": null,
        "address3": null,
        "city": "Canberra",
        "country": "AU",
        "state": "ACT",
        "zip_code": "2600"
    },
    "name": "Cafe Cibalia",
    "phone": "+61262570658",
    "photos": [],
    "rating": 0.0,
    "review_count": 0,
    "term": "restaurants",
    "url": "https://www.yelp.com/biz/cafe-cibalia-canberra?adjust_creative=92p07_JjKyriZTQxAXRiKQ&utm_campaign=yelp_api_v3&utm_medium=api_v3_business_lookup&utm_source=92p07_JjKyriZTQxAXRiKQ",
    "uuid": "1932"
}