{
    "categories": [
        {
            "alias": "japanese",
            "title": "Japanese"
        }
    ],
    "coordinates": {
        "latitude": -35.27173,
        "longitude": 149.13326
    },
    "hours": [
        {
            "hours_type": "REGULAR",
            "is_open_now": true,
            "open": [
                {
                    "day": 1,
                    "end": "2230",
                    "is_overnight": false,
                    "start": "1130"
                },
                {
                    "day": 2,
                    "end": "2230",
                    "is_overnight": false,
                    "start": "1130"
                },
                {
                    "day": 3,
                    "end": "2230",
                    "is_overnight": false,
                    "start": "1130"
                },
                {
                    "day": 4,
                    "end": "2230",
                    "is_overnight": false,
                    "start": "1130"
                },
                {
                    "day": 5,
                    "end": "2230",
                    "is_overnight": false,
                    "start": "1130"
                },
                {
                    "day": 6,
                    "end": "2230",
                    "is_overnight": false,
                    "start": "1130"
                }
            ]
        }
    ],
    "id": "chaki-chaki-japanese-restaurant-and-bar-canberra",
    "image_url": "https://s3-media1.fl.yelpcdn.com/bphoto/eVf-iAUuetMlo1KTb3rsvA/o.jpg",
    "is_claimed": false,
    "is_closed": false,
    "location": {
        "address1": "72/30 Lonsdale St. Braddon",
        "address2": null,
        "address3": "",
        "city": "Canberra",
        "country": "AU",
        "state": "ACT",
        "zip_code": "2612"
    },
    "name": "Chaki Chaki Japanese Restaurant & Bar",
    "phone": "+61262300332",
    "photos": [
        "https://s3-media2.fl.yelpcdn.com/bphoto/eVf-iAUuetMlo1KTb3rsvA/o.jpg"
    ],
    "rating": 3.0,
    "review_count": 1,
    "term": "restaurants",
    "url": "https://www.yelp.com/biz/chaki-chaki-japanese-restaurant-and-bar-canberra?adjust_creative=92p07_JjKyriZTQxAXRiKQ&utm_campaign=yelp_api_v3&utm_medium=api_v3_business_lookup&utm_source=92p07_JjKyriZTQxAXRiKQ",
    "uuid": "2267"
}