{
    "categories": [
        {
            "alias": "chinese",
            "title": "Chinese"
        }
    ],
    "coordinates": {
        "latitude": -35.3415413,
        "longitude": 149.0519562
    },
    "id": "china-town-restaurant-canberra",
    "image_url": "https://s3-media2.fl.yelpcdn.com/bphoto/naGyOGTYW7b8V3H3c_QYHw/o.jpg",
    "is_claimed": false,
    "is_closed": false,
    "location": {
        "address1": "15 Trennery St",
        "address2": "",
        "address3": "",
        "city": "Canberra",
        "country": "AU",
        "state": "ACT",
        "zip_code": "2611"
    },
    "name": "China Town Restaurant",
    "phone": "+61262888380",
    "photos": [
        "https://s3-media2.fl.yelpcdn.com/bphoto/naGyOGTYW7b8V3H3c_QYHw/o.jpg",
        "https://s3-media3.fl.yelpcdn.com/bphoto/jiHGWX1d8Uxg3cona1C9-Q/o.jpg",
        "https://s3-media1.fl.yelpcdn.com/bphoto/mQj0a6CC5iNe8amUuEv2Ag/o.jpg"
    ],
    "rating": 5.0,
    "review_count": 2,
    "term": "restaurants",
    "url": "https://www.yelp.com/biz/china-town-restaurant-canberra?adjust_creative=92p07_JjKyriZTQxAXRiKQ&utm_campaign=yelp_api_v3&utm_medium=api_v3_business_lookup&utm_source=92p07_JjKyriZTQxAXRiKQ",
    "uuid": "2431"
}