{
    "categories": [
        {
            "alias": "noodles",
            "title": "Noodles"
        }
    ],
    "coordinates": {
        "latitude": -35.2791481,
        "longitude": 149.1295166
    },
    "id": "civic-asian-noodle-house-canberra",
    "image_url": "https://s3-media1.fl.yelpcdn.com/bphoto/eF0zgP7fjDyutwyIUndeqA/o.jpg",
    "is_claimed": false,
    "is_closed": false,
    "location": {
        "address1": "34 Northbourne Ave",
        "address2": null,
        "address3": null,
        "city": "Canberra",
        "country": "AU",
        "state": "ACT",
        "zip_code": "2600"
    },
    "name": "Civic Asian Noodle House",
    "phone": "+61262475145",
    "photos": [
        "https://s3-media2.fl.yelpcdn.com/bphoto/eF0zgP7fjDyutwyIUndeqA/o.jpg",
        "https://s3-media4.fl.yelpcdn.com/bphoto/eBsNtTvKvQZUwjVI3VOxlw/o.jpg"
    ],
    "rating": 2.5,
    "review_count": 5,
    "term": "restaurants",
    "url": "https://www.yelp.com/biz/civic-asian-noodle-house-canberra?adjust_creative=92p07_JjKyriZTQxAXRiKQ&utm_campaign=yelp_api_v3&utm_medium=api_v3_business_lookup&utm_source=92p07_JjKyriZTQxAXRiKQ",
    "uuid": "2611"
}