{
    "categories": [
        {
            "alias": "indpak",
            "title": "Indian"
        }
    ],
    "coordinates": {
        "latitude": -35.2790068045394,
        "longitude": 149.127777506456
    },
    "id": "copper-chimney-canberra",
    "image_url": "https://s3-media3.fl.yelpcdn.com/bphoto/FPuTq_RDXgjXIRpzBsAlJg/o.jpg",
    "is_claimed": false,
    "is_closed": false,
    "location": {
        "address1": "24 West Row",
        "address2": "",
        "address3": "",
        "city": "Canberra",
        "country": "AU",
        "state": "ACT",
        "zip_code": "2601"
    },
    "name": "Copper Chimney",
    "phone": "+61261621845",
    "photos": [
        "https://s3-media4.fl.yelpcdn.com/bphoto/FPuTq_RDXgjXIRpzBsAlJg/o.jpg"
    ],
    "rating": 4.5,
    "review_count": 3,
    "term": "restaurants",
    "url": "https://www.yelp.com/biz/copper-chimney-canberra?adjust_creative=92p07_JjKyriZTQxAXRiKQ&utm_campaign=yelp_api_v3&utm_medium=api_v3_business_lookup&utm_source=92p07_JjKyriZTQxAXRiKQ",
    "uuid": "2826"
}