{
    "categories": [
        {
            "alias": "desserts",
            "title": "Desserts"
        },
        {
            "alias": "cafes",
            "title": "Cafes"
        }
    ],
    "coordinates": {
        "latitude": -35.27688,
        "longitude": 149.12551
    },
    "hours": [
        {
            "hours_type": "REGULAR",
            "is_open_now": false,
            "open": [
                {
                    "day": 0,
                    "end": "2100",
                    "is_overnight": false,
                    "start": "0800"
                },
                {
                    "day": 1,
                    "end": "2100",
                    "is_overnight": false,
                    "start": "0800"
                },
                {
                    "day": 2,
                    "end": "2100",
                    "is_overnight": false,
                    "start": "0800"
                },
                {
                    "day": 3,
                    "end": "2100",
                    "is_overnight": false,
                    "start": "0800"
                },
                {
                    "day": 4,
                    "end": "2100",
                    "is_overnight": false,
                    "start": "0800"
                },
                {
                    "day": 5,
                    "end": "2200",
                    "is_overnight": false,
                    "start": "1730"
                }
            ]
        }
    ],
    "id": "dessert-castle-canberra",
    "image_url": "",
    "is_claimed": false,
    "is_closed": false,
    "location": {
        "address1": "35 Childers St",
        "address2": "",
        "address3": null,
        "city": "Canberra",
        "country": "AU",
        "state": "ACT",
        "zip_code": "2601"
    },
    "name": "Dessert Castle",
    "phone": "+61262306631",
    "photos": [],
    "rating": 0.0,
    "review_count": 0,
    "term": "restaurants",
    "url": "https://www.yelp.com/biz/dessert-castle-canberra?adjust_creative=92p07_JjKyriZTQxAXRiKQ&utm_campaign=yelp_api_v3&utm_medium=api_v3_business_lookup&utm_source=92p07_JjKyriZTQxAXRiKQ",
    "uuid": "3233"
}