{
    "categories": [
        {
            "alias": "restaurants",
            "title": "Restaurants"
        }
    ],
    "coordinates": {
        "latitude": -35.2814407,
        "longitude": 149.1328125
    },
    "hours": [
        {
            "hours_type": "REGULAR",
            "is_open_now": false,
            "open": [
                {
                    "day": 0,
                    "end": "2200",
                    "is_overnight": false,
                    "start": "1730"
                },
                {
                    "day": 1,
                    "end": "2200",
                    "is_overnight": false,
                    "start": "1730"
                },
                {
                    "day": 2,
                    "end": "2200",
                    "is_overnight": false,
                    "start": "1730"
                },
                {
                    "day": 3,
                    "end": "0000",
                    "is_overnight": false,
                    "start": "1730"
                },
                {
                    "day": 4,
                    "end": "0100",
                    "is_overnight": true,
                    "start": "1730"
                },
                {
                    "day": 5,
                    "end": "0100",
                    "is_overnight": true,
                    "start": "1730"
                }
            ]
        }
    ],
    "id": "digress-pty-ltd-canberra",
    "image_url": "",
    "is_claimed": false,
    "is_closed": false,
    "location": {
        "address1": "11 Akuna St",
        "address2": null,
        "address3": null,
        "city": "Canberra",
        "country": "AU",
        "state": "ACT",
        "zip_code": "2601"
    },
    "name": "Digress Pty Ltd",
    "phone": "+61262486183",
    "photos": [],
    "rating": 0.0,
    "review_count": 0,
    "term": "restaurants",
    "url": "https://www.yelp.com/biz/digress-pty-ltd-canberra?adjust_creative=92p07_JjKyriZTQxAXRiKQ&utm_campaign=yelp_api_v3&utm_medium=api_v3_business_lookup&utm_source=92p07_JjKyriZTQxAXRiKQ",
    "uuid": "3275"
}