{
    "categories": [
        {
            "alias": "pizza",
            "title": "Pizza"
        },
        {
            "alias": "cafes",
            "title": "Cafes"
        },
        {
            "alias": "italian",
            "title": "Italian"
        }
    ],
    "coordinates": {
        "latitude": -35.2785994496258,
        "longitude": 149.13262333721
    },
    "id": "dolce-and-salato-canberra",
    "image_url": "",
    "is_claimed": false,
    "is_closed": false,
    "location": {
        "address1": "108 Bunda St",
        "address2": "",
        "address3": "",
        "city": "Canberra",
        "country": "AU",
        "state": "ACT",
        "zip_code": "2601"
    },
    "name": "Dolce & Salato",
    "phone": "+61262488660",
    "photos": [],
    "rating": 3.0,
    "review_count": 1,
    "term": "restaurants",
    "url": "https://www.yelp.com/biz/dolce-and-salato-canberra?adjust_creative=92p07_JjKyriZTQxAXRiKQ&utm_campaign=yelp_api_v3&utm_medium=api_v3_business_lookup&utm_source=92p07_JjKyriZTQxAXRiKQ",
    "uuid": "3352"
}