{
    "categories": [
        {
            "alias": "coffee",
            "title": "Coffee & Tea"
        },
        {
            "alias": "breakfast_brunch",
            "title": "Breakfast & Brunch"
        }
    ],
    "coordinates": {
        "latitude": -35.3140725192774,
        "longitude": 149.189311197364
    },
    "id": "fat-goanna-canberra",
    "image_url": "https://s3-media1.fl.yelpcdn.com/bphoto/6n1RK9Y-rTrevMWO78lbmg/o.jpg",
    "is_claimed": false,
    "is_closed": false,
    "location": {
        "address1": "Shop 1",
        "address2": "23 Brindabella Circuit",
        "address3": "",
        "city": "Canberra",
        "country": "AU",
        "state": "ACT",
        "zip_code": "2609"
    },
    "name": "Fat Goanna",
    "phone": "+6162479111",
    "photos": [
        "https://s3-media2.fl.yelpcdn.com/bphoto/6n1RK9Y-rTrevMWO78lbmg/o.jpg"
    ],
    "price": "$$",
    "rating": 0.0,
    "review_count": 0,
    "term": "restaurants",
    "url": "https://www.yelp.com/biz/fat-goanna-canberra?adjust_creative=92p07_JjKyriZTQxAXRiKQ&utm_campaign=yelp_api_v3&utm_medium=api_v3_business_lookup&utm_source=92p07_JjKyriZTQxAXRiKQ",
    "uuid": "3935"
}