{
    "categories": [
        {
            "alias": "restaurants",
            "title": "Restaurants"
        }
    ],
    "coordinates": {
        "latitude": -35.2779083,
        "longitude": 149.1321716
    },
    "id": "flavours-of-india-canberra",
    "image_url": "https://s3-media1.fl.yelpcdn.com/bphoto/hjxCTTeCYoA_aTneFLf0FA/o.jpg",
    "is_claimed": false,
    "is_closed": false,
    "location": {
        "address1": "70 Bunda St",
        "address2": null,
        "address3": null,
        "city": "Canberra",
        "country": "AU",
        "state": "ACT",
        "zip_code": "2600"
    },
    "name": "Flavours of India",
    "phone": "+61262573690",
    "photos": [
        "https://s3-media2.fl.yelpcdn.com/bphoto/hjxCTTeCYoA_aTneFLf0FA/o.jpg",
        "https://s3-media3.fl.yelpcdn.com/bphoto/FGpCK53vNpJCPj59_pawJA/o.jpg",
        "https://s3-media2.fl.yelpcdn.com/bphoto/wgaX6N3gsC4aa4_iLynysQ/o.jpg"
    ],
    "rating": 0.0,
    "review_count": 0,
    "term": "restaurants",
    "url": "https://www.yelp.com/biz/flavours-of-india-canberra?adjust_creative=92p07_JjKyriZTQxAXRiKQ&utm_campaign=yelp_api_v3&utm_medium=api_v3_business_lookup&utm_source=92p07_JjKyriZTQxAXRiKQ",
    "uuid": "4059"
}