{
    "categories": [
        {
            "alias": "modern_australian",
            "title": "Modern Australian"
        },
        {
            "alias": "breakfast_brunch",
            "title": "Breakfast & Brunch"
        }
    ],
    "coordinates": {
        "latitude": -35.31388,
        "longitude": 149.18337
    },
    "hours": [
        {
            "hours_type": "REGULAR",
            "is_open_now": false,
            "open": [
                {
                    "day": 3,
                    "end": "2100",
                    "is_overnight": false,
                    "start": "1800"
                },
                {
                    "day": 4,
                    "end": "1430",
                    "is_overnight": false,
                    "start": "1200"
                },
                {
                    "day": 4,
                    "end": "2100",
                    "is_overnight": false,
                    "start": "1800"
                },
                {
                    "day": 5,
                    "end": "1430",
                    "is_overnight": false,
                    "start": "1200"
                },
                {
                    "day": 5,
                    "end": "2100",
                    "is_overnight": false,
                    "start": "1800"
                },
                {
                    "day": 6,
                    "end": "1100",
                    "is_overnight": false,
                    "start": "0800"
                },
                {
                    "day": 6,
                    "end": "1430",
                    "is_overnight": false,
                    "start": "1200"
                },
                {
                    "day": 6,
                    "end": "2100",
                    "is_overnight": false,
                    "start": "1800"
                }
            ]
        }
    ],
    "id": "garden-pavilions-canberra",
    "image_url": "",
    "is_claimed": false,
    "is_closed": false,
    "location": {
        "address1": "Pialligo Estate",
        "address2": "18 Kallaroo Rd",
        "address3": "",
        "city": "Canberra",
        "country": "AU",
        "state": "ACT",
        "zip_code": "2609"
    },
    "name": "Garden Pavilions",
    "phone": "+61262476060",
    "photos": [],
    "rating": 0.0,
    "review_count": 0,
    "term": "restaurants",
    "url": "https://www.yelp.com/biz/garden-pavilions-canberra?adjust_creative=92p07_JjKyriZTQxAXRiKQ&utm_campaign=yelp_api_v3&utm_medium=api_v3_business_lookup&utm_source=92p07_JjKyriZTQxAXRiKQ",
    "uuid": "4389"
}