{
    "categories": [
        {
            "alias": "indpak",
            "title": "Indian"
        }
    ],
    "coordinates": {
        "latitude": -35.1850916335438,
        "longitude": 149.135280269309
    },
    "hours": [
        {
            "hours_type": "REGULAR",
            "is_open_now": false,
            "open": [
                {
                    "day": 0,
                    "end": "2200",
                    "is_overnight": false,
                    "start": "1700"
                },
                {
                    "day": 1,
                    "end": "2200",
                    "is_overnight": false,
                    "start": "1700"
                },
                {
                    "day": 2,
                    "end": "1400",
                    "is_overnight": false,
                    "start": "1200"
                },
                {
                    "day": 2,
                    "end": "2200",
                    "is_overnight": false,
                    "start": "1700"
                },
                {
                    "day": 3,
                    "end": "1400",
                    "is_overnight": false,
                    "start": "1200"
                },
                {
                    "day": 3,
                    "end": "2200",
                    "is_overnight": false,
                    "start": "1700"
                },
                {
                    "day": 4,
                    "end": "1400",
                    "is_overnight": false,
                    "start": "1200"
                },
                {
                    "day": 4,
                    "end": "2200",
                    "is_overnight": false,
                    "start": "1700"
                },
                {
                    "day": 5,
                    "end": "1400",
                    "is_overnight": false,
                    "start": "1200"
                },
                {
                    "day": 5,
                    "end": "2200",
                    "is_overnight": false,
                    "start": "1700"
                },
                {
                    "day": 6,
                    "end": "1400",
                    "is_overnight": false,
                    "start": "1200"
                },
                {
                    "day": 6,
                    "end": "2200",
                    "is_overnight": false,
                    "start": "1700"
                }
            ]
        }
    ],
    "id": "garnish-of-india-canberra",
    "image_url": "https://s3-media2.fl.yelpcdn.com/bphoto/CYn7fwsGMI0iS-7GSeYXTg/o.jpg",
    "is_claimed": false,
    "is_closed": false,
    "location": {
        "address1": "Shop 108",
        "address2": "84 Gungahlin Pl",
        "address3": "",
        "city": "Canberra",
        "country": "AU",
        "state": "ACT",
        "zip_code": "2912"
    },
    "name": "Garnish Of India",
    "phone": "+61262555527",
    "photos": [
        "https://s3-media2.fl.yelpcdn.com/bphoto/CYn7fwsGMI0iS-7GSeYXTg/o.jpg"
    ],
    "price": "$$",
    "rating": 5.0,
    "review_count": 2,
    "term": "restaurants",
    "url": "https://www.yelp.com/biz/garnish-of-india-canberra?adjust_creative=92p07_JjKyriZTQxAXRiKQ&utm_campaign=yelp_api_v3&utm_medium=api_v3_business_lookup&utm_source=92p07_JjKyriZTQxAXRiKQ",
    "uuid": "4396"
}