{
    "categories": [
        {
            "alias": "cafes",
            "title": "Cafes"
        }
    ],
    "coordinates": {
        "latitude": -35.2821617,
        "longitude": 149.1340637
    },
    "id": "glasshouse-cafe-canberra",
    "image_url": "",
    "is_claimed": false,
    "is_closed": false,
    "location": {
        "address1": "10 Binara St",
        "address2": null,
        "address3": null,
        "city": "Canberra",
        "country": "AU",
        "state": "ACT",
        "zip_code": "2600"
    },
    "name": "Glasshouse Cafe",
    "phone": "+61261621155",
    "photos": [],
    "rating": 3.0,
    "review_count": 1,
    "term": "restaurants",
    "url": "https://www.yelp.com/biz/glasshouse-cafe-canberra?adjust_creative=92p07_JjKyriZTQxAXRiKQ&utm_campaign=yelp_api_v3&utm_medium=api_v3_business_lookup&utm_source=92p07_JjKyriZTQxAXRiKQ",
    "uuid": "4490"
}