{
    "categories": [
        {
            "alias": "turkish",
            "title": "Turkish"
        },
        {
            "alias": "breakfast_brunch",
            "title": "Breakfast & Brunch"
        },
        {
            "alias": "coffee",
            "title": "Coffee & Tea"
        }
    ],
    "coordinates": {
        "latitude": -35.2798519085097,
        "longitude": 149.126809984446
    },
    "hours": [
        {
            "hours_type": "REGULAR",
            "is_open_now": false,
            "open": [
                {
                    "day": 0,
                    "end": "1700",
                    "is_overnight": false,
                    "start": "0700"
                },
                {
                    "day": 1,
                    "end": "1700",
                    "is_overnight": false,
                    "start": "0700"
                },
                {
                    "day": 2,
                    "end": "1700",
                    "is_overnight": false,
                    "start": "0700"
                },
                {
                    "day": 3,
                    "end": "1700",
                    "is_overnight": false,
                    "start": "0700"
                },
                {
                    "day": 4,
                    "end": "1700",
                    "is_overnight": false,
                    "start": "0700"
                },
                {
                    "day": 5,
                    "end": "1500",
                    "is_overnight": false,
                    "start": "0900"
                },
                {
                    "day": 6,
                    "end": "1500",
                    "is_overnight": false,
                    "start": "0900"
                }
            ]
        }
    ],
    "id": "gozleme-cafe-canberra",
    "image_url": "https://s3-media3.fl.yelpcdn.com/bphoto/QOQAr4lPCb15MhtonlpZnQ/o.jpg",
    "is_claimed": false,
    "is_closed": false,
    "location": {
        "address1": "31 London Circuit",
        "address2": "",
        "address3": "",
        "city": "Canberra",
        "country": "AU",
        "state": "ACT",
        "zip_code": "2600"
    },
    "name": "Gozleme Cafe",
    "phone": "+61262485202",
    "photos": [
        "https://s3-media3.fl.yelpcdn.com/bphoto/QOQAr4lPCb15MhtonlpZnQ/o.jpg",
        "https://s3-media1.fl.yelpcdn.com/bphoto/EvRn49bH828ojBl-pl08cw/o.jpg",
        "https://s3-media2.fl.yelpcdn.com/bphoto/J7MvKG12Vm6YWew-qRmbGQ/o.jpg"
    ],
    "rating": 4.5,
    "review_count": 2,
    "term": "restaurants",
    "url": "https://www.yelp.com/biz/gozleme-cafe-canberra?adjust_creative=92p07_JjKyriZTQxAXRiKQ&utm_campaign=yelp_api_v3&utm_medium=api_v3_business_lookup&utm_source=92p07_JjKyriZTQxAXRiKQ",
    "uuid": "4602"
}