{
    "categories": [
        {
            "alias": "burgers",
            "title": "Burgers"
        }
    ],
    "coordinates": {
        "latitude": -35.2781682458933,
        "longitude": 149.132965651185
    },
    "id": "grilld-canberra",
    "image_url": "https://s3-media3.fl.yelpcdn.com/bphoto/FTOu0gQf-xMMY3VJwcZrBw/o.jpg",
    "is_claimed": false,
    "is_closed": false,
    "location": {
        "address1": "Canberra Ctr",
        "address2": "Scotts Crossing",
        "address3": "",
        "city": "Canberra",
        "country": "AU",
        "state": "ACT",
        "zip_code": "2601"
    },
    "name": "Grill'd",
    "phone": "",
    "photos": [
        "https://s3-media2.fl.yelpcdn.com/bphoto/FTOu0gQf-xMMY3VJwcZrBw/o.jpg",
        "https://s3-media2.fl.yelpcdn.com/bphoto/DVB-3VGYTp5ln1djRqcmCA/o.jpg",
        "https://s3-media3.fl.yelpcdn.com/bphoto/pZscZj6WJk1XnVF71lbHHg/o.jpg"
    ],
    "price": "$$",
    "rating": 5.0,
    "review_count": 3,
    "term": "restaurants",
    "url": "https://www.yelp.com/biz/grilld-canberra?adjust_creative=92p07_JjKyriZTQxAXRiKQ&utm_campaign=yelp_api_v3&utm_medium=api_v3_business_lookup&utm_source=92p07_JjKyriZTQxAXRiKQ",
    "uuid": "4729"
}