{
    "categories": [
        {
            "alias": "pizza",
            "title": "Pizza"
        },
        {
            "alias": "pubfood",
            "title": "Pub Food"
        },
        {
            "alias": "tabletopgames",
            "title": "Tabletop Games"
        }
    ],
    "coordinates": {
        "latitude": -35.279525,
        "longitude": 149.130814
    },
    "hours": [
        {
            "hours_type": "REGULAR",
            "is_open_now": true,
            "open": [
                {
                    "day": 0,
                    "end": "0000",
                    "is_overnight": false,
                    "start": "1200"
                },
                {
                    "day": 1,
                    "end": "0000",
                    "is_overnight": false,
                    "start": "1200"
                },
                {
                    "day": 2,
                    "end": "0000",
                    "is_overnight": false,
                    "start": "1200"
                },
                {
                    "day": 3,
                    "end": "0000",
                    "is_overnight": false,
                    "start": "1200"
                },
                {
                    "day": 4,
                    "end": "0000",
                    "is_overnight": false,
                    "start": "1200"
                },
                {
                    "day": 5,
                    "end": "0000",
                    "is_overnight": false,
                    "start": "1200"
                },
                {
                    "day": 6,
                    "end": "0000",
                    "is_overnight": false,
                    "start": "1200"
                }
            ]
        }
    ],
    "id": "guild-canberra",
    "image_url": "https://s3-media1.fl.yelpcdn.com/bphoto/T05yO7pg_Ok1eV78dxn48g/o.jpg",
    "is_claimed": false,
    "is_closed": false,
    "location": {
        "address1": "LG, Bailey's Arcade",
        "address2": "150 London Circuit",
        "address3": "",
        "city": "Canberra",
        "country": "AU",
        "state": "ACT",
        "zip_code": "2601"
    },
    "name": "Guild",
    "phone": "+61262572727",
    "photos": [
        "https://s3-media1.fl.yelpcdn.com/bphoto/T05yO7pg_Ok1eV78dxn48g/o.jpg",
        "https://s3-media2.fl.yelpcdn.com/bphoto/gePV_i5P8QxAfUNWHY6uGg/o.jpg"
    ],
    "price": "$$",
    "rating": 4.0,
    "review_count": 2,
    "term": "restaurants",
    "url": "https://www.yelp.com/biz/guild-canberra?adjust_creative=92p07_JjKyriZTQxAXRiKQ&utm_campaign=yelp_api_v3&utm_medium=api_v3_business_lookup&utm_source=92p07_JjKyriZTQxAXRiKQ",
    "uuid": "4767"
}