{
    "categories": [
        {
            "alias": "mexican",
            "title": "Mexican"
        }
    ],
    "coordinates": {
        "latitude": -35.2774017129594,
        "longitude": 149.130370616913
    },
    "hours": [
        {
            "hours_type": "REGULAR",
            "is_open_now": true,
            "open": [
                {
                    "day": 0,
                    "end": "2200",
                    "is_overnight": false,
                    "start": "1100"
                },
                {
                    "day": 1,
                    "end": "2200",
                    "is_overnight": false,
                    "start": "1100"
                },
                {
                    "day": 2,
                    "end": "2200",
                    "is_overnight": false,
                    "start": "1100"
                },
                {
                    "day": 3,
                    "end": "2200",
                    "is_overnight": false,
                    "start": "1100"
                },
                {
                    "day": 4,
                    "end": "2300",
                    "is_overnight": false,
                    "start": "1100"
                },
                {
                    "day": 5,
                    "end": "2300",
                    "is_overnight": false,
                    "start": "1100"
                },
                {
                    "day": 6,
                    "end": "2200",
                    "is_overnight": false,
                    "start": "1100"
                }
            ]
        }
    ],
    "id": "guzman-y-gomez-canberra",
    "image_url": "https://s3-media4.fl.yelpcdn.com/bphoto/K7R7QWseXKmRE5NXk0kb5A/o.jpg",
    "is_claimed": false,
    "is_closed": false,
    "location": {
        "address1": "Canberra Centre Shopping Centre",
        "address2": "132 Bunda St",
        "address3": "",
        "city": "Canberra",
        "country": "AU",
        "state": "ACT",
        "zip_code": "2601"
    },
    "name": "Guzman Y Gomez",
    "phone": "+6191910906",
    "photos": [
        "https://s3-media1.fl.yelpcdn.com/bphoto/K7R7QWseXKmRE5NXk0kb5A/o.jpg",
        "https://s3-media4.fl.yelpcdn.com/bphoto/gfyfWyN6wiwGnLxJcifc8A/o.jpg",
        "https://s3-media1.fl.yelpcdn.com/bphoto/eEqAFDY3cvt7XHZw6fkbXA/o.jpg"
    ],
    "price": "$",
    "rating": 4.0,
    "review_count": 7,
    "term": "restaurants",
    "url": "https://www.yelp.com/biz/guzman-y-gomez-canberra?adjust_creative=92p07_JjKyriZTQxAXRiKQ&utm_campaign=yelp_api_v3&utm_medium=api_v3_business_lookup&utm_source=92p07_JjKyriZTQxAXRiKQ",
    "uuid": "4796"
}