{
    "categories": [
        {
            "alias": "sushi",
            "title": "Sushi Bars"
        }
    ],
    "coordinates": {
        "latitude": -35.27962,
        "longitude": 149.13334
    },
    "hours": [
        {
            "hours_type": "REGULAR",
            "is_open_now": true,
            "open": [
                {
                    "day": 0,
                    "end": "2100",
                    "is_overnight": false,
                    "start": "1000"
                },
                {
                    "day": 1,
                    "end": "2100",
                    "is_overnight": false,
                    "start": "1000"
                },
                {
                    "day": 2,
                    "end": "2100",
                    "is_overnight": false,
                    "start": "1000"
                },
                {
                    "day": 3,
                    "end": "2100",
                    "is_overnight": false,
                    "start": "1000"
                },
                {
                    "day": 4,
                    "end": "2100",
                    "is_overnight": false,
                    "start": "1000"
                },
                {
                    "day": 5,
                    "end": "2100",
                    "is_overnight": false,
                    "start": "1000"
                },
                {
                    "day": 6,
                    "end": "2100",
                    "is_overnight": false,
                    "start": "1000"
                }
            ]
        }
    ],
    "id": "hero-sushi-canberra-centre-train-canberra",
    "image_url": "https://s3-media1.fl.yelpcdn.com/bphoto/n5fQolGpNFQpXJGQndGP9w/o.jpg",
    "is_claimed": false,
    "is_closed": false,
    "location": {
        "address1": "Shop Fg 13",
        "address2": "148 Bunda St",
        "address3": null,
        "city": "Canberra",
        "country": "AU",
        "state": "ACT",
        "zip_code": "2601"
    },
    "name": "Hero Sushi Canberra Centre Train",
    "phone": "",
    "photos": [
        "https://s3-media2.fl.yelpcdn.com/bphoto/n5fQolGpNFQpXJGQndGP9w/o.jpg",
        "https://s3-media3.fl.yelpcdn.com/bphoto/1X1q0WShYLF43DpXCWvgPA/o.jpg",
        "https://s3-media4.fl.yelpcdn.com/bphoto/6TkDjbWVAK6pkP5zAZSjiw/o.jpg"
    ],
    "rating": 1.0,
    "review_count": 1,
    "term": "restaurants",
    "url": "https://www.yelp.com/biz/hero-sushi-canberra-centre-train-canberra?adjust_creative=92p07_JjKyriZTQxAXRiKQ&utm_campaign=yelp_api_v3&utm_medium=api_v3_business_lookup&utm_source=92p07_JjKyriZTQxAXRiKQ",
    "uuid": "5034"
}