{
    "categories": [
        {
            "alias": "coffee",
            "title": "Coffee & Tea"
        },
        {
            "alias": "italian",
            "title": "Italian"
        }
    ],
    "coordinates": {
        "latitude": -35.27265,
        "longitude": 149.1331
    },
    "hours": [
        {
            "hours_type": "REGULAR",
            "is_open_now": false,
            "open": [
                {
                    "day": 1,
                    "end": "1700",
                    "is_overnight": false,
                    "start": "0800"
                },
                {
                    "day": 2,
                    "end": "1700",
                    "is_overnight": false,
                    "start": "0800"
                },
                {
                    "day": 3,
                    "end": "1700",
                    "is_overnight": false,
                    "start": "0800"
                },
                {
                    "day": 4,
                    "end": "1700",
                    "is_overnight": false,
                    "start": "0800"
                },
                {
                    "day": 5,
                    "end": "1700",
                    "is_overnight": false,
                    "start": "0800"
                }
            ]
        }
    ],
    "id": "imperioso-canberra",
    "image_url": "https://s3-media4.fl.yelpcdn.com/bphoto/aKxM1hM_I2m_5miDLwO8hQ/o.jpg",
    "is_claimed": false,
    "is_closed": false,
    "location": {
        "address1": "134/24 Lonsdale St",
        "address2": null,
        "address3": "",
        "city": "Canberra",
        "country": "AU",
        "state": "ACT",
        "zip_code": "2612"
    },
    "name": "Imperioso",
    "phone": "+61261520705",
    "photos": [
        "https://s3-media3.fl.yelpcdn.com/bphoto/aKxM1hM_I2m_5miDLwO8hQ/o.jpg",
        "https://s3-media1.fl.yelpcdn.com/bphoto/UEDnvqrjLrZZ4WeCvb86JA/o.jpg",
        "https://s3-media2.fl.yelpcdn.com/bphoto/WI_PArFvXwSc8YbRMt7DzA/o.jpg"
    ],
    "rating": 0.0,
    "review_count": 0,
    "term": "restaurants",
    "url": "https://www.yelp.com/biz/imperioso-canberra?adjust_creative=92p07_JjKyriZTQxAXRiKQ&utm_campaign=yelp_api_v3&utm_medium=api_v3_business_lookup&utm_source=92p07_JjKyriZTQxAXRiKQ",
    "uuid": "5613"
}