{
    "categories": [
        {
            "alias": "indpak",
            "title": "Indian"
        }
    ],
    "coordinates": {
        "latitude": -35.2814407,
        "longitude": 149.1328125
    },
    "hours": [
        {
            "hours_type": "REGULAR",
            "is_open_now": false,
            "open": [
                {
                    "day": 0,
                    "end": "2200",
                    "is_overnight": false,
                    "start": "1730"
                },
                {
                    "day": 1,
                    "end": "2200",
                    "is_overnight": false,
                    "start": "1730"
                },
                {
                    "day": 2,
                    "end": "2200",
                    "is_overnight": false,
                    "start": "1730"
                },
                {
                    "day": 3,
                    "end": "2200",
                    "is_overnight": false,
                    "start": "1730"
                },
                {
                    "day": 4,
                    "end": "2200",
                    "is_overnight": false,
                    "start": "1730"
                },
                {
                    "day": 5,
                    "end": "2200",
                    "is_overnight": false,
                    "start": "1730"
                }
            ]
        }
    ],
    "id": "indian-affair-in-the-city-canberra",
    "image_url": "https://s3-media2.fl.yelpcdn.com/bphoto/JsPU7ZuraR6Lu8Ukviz2EA/o.jpg",
    "is_claimed": false,
    "is_closed": false,
    "location": {
        "address1": "11 Akuna St",
        "address2": "",
        "address3": "",
        "city": "Canberra",
        "country": "AU",
        "state": "ACT",
        "zip_code": "2601"
    },
    "name": "Indian Affair in the City",
    "phone": "+61262486183",
    "photos": [
        "https://s3-media1.fl.yelpcdn.com/bphoto/JsPU7ZuraR6Lu8Ukviz2EA/o.jpg",
        "https://s3-media1.fl.yelpcdn.com/bphoto/YRJSs3aQ3MvlqvAEqZwZiw/o.jpg",
        "https://s3-media2.fl.yelpcdn.com/bphoto/mxicwc_j4IbGzMjzJgoM5g/o.jpg"
    ],
    "rating": 0.0,
    "review_count": 0,
    "term": "restaurants",
    "url": "https://www.yelp.com/biz/indian-affair-in-the-city-canberra?adjust_creative=92p07_JjKyriZTQxAXRiKQ&utm_campaign=yelp_api_v3&utm_medium=api_v3_business_lookup&utm_source=92p07_JjKyriZTQxAXRiKQ",
    "uuid": "5631"
}