{
    "categories": [
        {
            "alias": "cafes",
            "title": "Cafes"
        },
        {
            "alias": "cupcakes",
            "title": "Cupcakes"
        }
    ],
    "coordinates": {
        "latitude": -35.2802638119171,
        "longitude": 149.132262268121
    },
    "hours": [
        {
            "hours_type": "REGULAR",
            "is_open_now": false,
            "open": [
                {
                    "day": 0,
                    "end": "1630",
                    "is_overnight": false,
                    "start": "0900"
                },
                {
                    "day": 1,
                    "end": "1630",
                    "is_overnight": false,
                    "start": "0900"
                },
                {
                    "day": 2,
                    "end": "1630",
                    "is_overnight": false,
                    "start": "0900"
                },
                {
                    "day": 3,
                    "end": "1630",
                    "is_overnight": false,
                    "start": "0900"
                },
                {
                    "day": 4,
                    "end": "1630",
                    "is_overnight": false,
                    "start": "0900"
                },
                {
                    "day": 5,
                    "end": "1530",
                    "is_overnight": false,
                    "start": "0930"
                }
            ]
        }
    ],
    "id": "jazz-apple-cafe-canberra",
    "image_url": "https://s3-media3.fl.yelpcdn.com/bphoto/o4JGdIzKrk9-GxeAXYcSbg/o.jpg",
    "is_claimed": false,
    "is_closed": false,
    "location": {
        "address1": "222 City Wlk",
        "address2": null,
        "address3": null,
        "city": "Canberra",
        "country": "AU",
        "state": "ACT",
        "zip_code": "2601"
    },
    "name": "Jazz Apple Cafe",
    "phone": "+61262470342",
    "photos": [
        "https://s3-media1.fl.yelpcdn.com/bphoto/o4JGdIzKrk9-GxeAXYcSbg/o.jpg",
        "https://s3-media4.fl.yelpcdn.com/bphoto/3pO1cDnXG9FMGgDq4BUFRA/o.jpg",
        "https://s3-media1.fl.yelpcdn.com/bphoto/m4UdmBJe7iBRK8JqS7VJtA/o.jpg"
    ],
    "rating": 3.5,
    "review_count": 2,
    "term": "restaurants",
    "url": "https://www.yelp.com/biz/jazz-apple-cafe-canberra?adjust_creative=92p07_JjKyriZTQxAXRiKQ&utm_campaign=yelp_api_v3&utm_medium=api_v3_business_lookup&utm_source=92p07_JjKyriZTQxAXRiKQ",
    "uuid": "5835"
}