{
    "categories": [
        {
            "alias": "vietnamese",
            "title": "Vietnamese"
        }
    ],
    "coordinates": {
        "latitude": -35.2810260711215,
        "longitude": 149.131890758872
    },
    "id": "little-saigon-canberra",
    "image_url": "",
    "is_claimed": false,
    "is_closed": false,
    "location": {
        "address1": "Ainslie Pl",
        "address2": "",
        "address3": "",
        "city": "Canberra",
        "country": "AU",
        "state": "ACT",
        "zip_code": "2601"
    },
    "name": "Little Saigon",
    "phone": "",
    "photos": [],
    "rating": 3.5,
    "review_count": 2,
    "term": "restaurants",
    "url": "https://www.yelp.com/biz/little-saigon-canberra?adjust_creative=92p07_JjKyriZTQxAXRiKQ&utm_campaign=yelp_api_v3&utm_medium=api_v3_business_lookup&utm_source=92p07_JjKyriZTQxAXRiKQ",
    "uuid": "6728"
}