{
    "categories": [
        {
            "alias": "cafes",
            "title": "Cafes"
        }
    ],
    "coordinates": {
        "latitude": -35.2787357540014,
        "longitude": 149.128523245454
    },
    "hours": [
        {
            "hours_type": "REGULAR",
            "is_open_now": false,
            "open": [
                {
                    "day": 0,
                    "end": "1630",
                    "is_overnight": false,
                    "start": "0630"
                },
                {
                    "day": 1,
                    "end": "1630",
                    "is_overnight": false,
                    "start": "0630"
                },
                {
                    "day": 2,
                    "end": "1630",
                    "is_overnight": false,
                    "start": "0630"
                },
                {
                    "day": 3,
                    "end": "1630",
                    "is_overnight": false,
                    "start": "0630"
                },
                {
                    "day": 4,
                    "end": "1630",
                    "is_overnight": false,
                    "start": "0630"
                }
            ]
        }
    ],
    "id": "loading-zone-canberra",
    "image_url": "https://s3-media3.fl.yelpcdn.com/bphoto/N5Ylp6hpUC5FZuUv1ns3_g/o.jpg",
    "is_claimed": false,
    "is_closed": false,
    "location": {
        "address1": "22 Odger's Lane",
        "address2": "",
        "address3": "",
        "city": "Canberra",
        "country": "AU",
        "state": "ACT",
        "zip_code": "2601"
    },
    "name": "Loading Zone",
    "phone": "",
    "photos": [
        "https://s3-media3.fl.yelpcdn.com/bphoto/N5Ylp6hpUC5FZuUv1ns3_g/o.jpg",
        "https://s3-media3.fl.yelpcdn.com/bphoto/4Q6569d0LxSz-qUT909-HA/o.jpg",
        "https://s3-media3.fl.yelpcdn.com/bphoto/azxBgx6blgf1gHDvyLDTWA/o.jpg"
    ],
    "price": "$$",
    "rating": 5.0,
    "review_count": 2,
    "term": "restaurants",
    "url": "https://www.yelp.com/biz/loading-zone-canberra?adjust_creative=92p07_JjKyriZTQxAXRiKQ&utm_campaign=yelp_api_v3&utm_medium=api_v3_business_lookup&utm_source=92p07_JjKyriZTQxAXRiKQ",
    "uuid": "6771"
}