{
    "categories": [
        {
            "alias": "venues",
            "title": "Venues & Event Spaces"
        },
        {
            "alias": "restaurants",
            "title": "Restaurants"
        },
        {
            "alias": "hotels",
            "title": "Hotels"
        }
    ],
    "coordinates": {
        "latitude": -35.2714386,
        "longitude": 149.1307678
    },
    "id": "marque-hotel-canberra-canberra",
    "image_url": "",
    "is_claimed": false,
    "is_closed": false,
    "location": {
        "address1": "102 Northbourne Ave",
        "address2": null,
        "address3": null,
        "city": "Canberra",
        "country": "AU",
        "state": "ACT",
        "zip_code": "0230"
    },
    "name": "Marque Hotel Canberra",
    "phone": "+61262491411",
    "photos": [],
    "rating": 0.0,
    "review_count": 0,
    "term": "restaurants",
    "url": "https://www.yelp.com/biz/marque-hotel-canberra-canberra?adjust_creative=92p07_JjKyriZTQxAXRiKQ&utm_campaign=yelp_api_v3&utm_medium=api_v3_business_lookup&utm_source=92p07_JjKyriZTQxAXRiKQ",
    "uuid": "7246"
}