{
    "categories": [
        {
            "alias": "sushi",
            "title": "Sushi Bars"
        }
    ],
    "coordinates": {
        "latitude": -35.32045,
        "longitude": 149.13344
    },
    "hours": [
        {
            "hours_type": "REGULAR",
            "is_open_now": false,
            "open": [
                {
                    "day": 0,
                    "end": "2100",
                    "is_overnight": false,
                    "start": "0900"
                },
                {
                    "day": 1,
                    "end": "2100",
                    "is_overnight": false,
                    "start": "0900"
                },
                {
                    "day": 2,
                    "end": "2100",
                    "is_overnight": false,
                    "start": "0900"
                },
                {
                    "day": 3,
                    "end": "2100",
                    "is_overnight": false,
                    "start": "0900"
                },
                {
                    "day": 4,
                    "end": "2100",
                    "is_overnight": false,
                    "start": "0900"
                },
                {
                    "day": 5,
                    "end": "1930",
                    "is_overnight": false,
                    "start": "0930"
                }
            ]
        }
    ],
    "id": "mees-sushi-canberra",
    "image_url": "https://s3-media3.fl.yelpcdn.com/bphoto/uEjbhmNduZxz3tbYA1tHsA/o.jpg",
    "is_claimed": false,
    "is_closed": false,
    "location": {
        "address1": "7 Flinders Way",
        "address2": "",
        "address3": null,
        "city": "Canberra",
        "country": "AU",
        "state": "ACT",
        "zip_code": "2603"
    },
    "name": "Mee's Sushi",
    "phone": "+61262957442",
    "photos": [
        "https://s3-media4.fl.yelpcdn.com/bphoto/uEjbhmNduZxz3tbYA1tHsA/o.jpg",
        "https://s3-media2.fl.yelpcdn.com/bphoto/YDBIG5hyMxoyiBOhYtc_fg/o.jpg",
        "https://s3-media2.fl.yelpcdn.com/bphoto/0G46QyzBy9c5CxTXq4c2NQ/o.jpg"
    ],
    "rating": 4.0,
    "review_count": 1,
    "term": "restaurants",
    "url": "https://www.yelp.com/biz/mees-sushi-canberra?adjust_creative=92p07_JjKyriZTQxAXRiKQ&utm_campaign=yelp_api_v3&utm_medium=api_v3_business_lookup&utm_source=92p07_JjKyriZTQxAXRiKQ",
    "uuid": "7389"
}