{
    "categories": [
        {
            "alias": "portuguese",
            "title": "Portuguese"
        }
    ],
    "coordinates": {
        "latitude": -35.27808,
        "longitude": 149.1324158
    },
    "id": "nandos-canberra",
    "image_url": "https://s3-media3.fl.yelpcdn.com/bphoto/apO5okIyXf0ZZBsBLbPqpA/o.jpg",
    "is_claimed": false,
    "is_closed": false,
    "location": {
        "address1": "88-96 Bunda St",
        "address2": "",
        "address3": "",
        "city": "Canberra",
        "country": "AU",
        "state": "ACT",
        "zip_code": "2601"
    },
    "name": "Nando's",
    "phone": "",
    "photos": [
        "https://s3-media2.fl.yelpcdn.com/bphoto/apO5okIyXf0ZZBsBLbPqpA/o.jpg",
        "https://s3-media2.fl.yelpcdn.com/bphoto/c-OSi-IygwE8-5nxLo3_Vw/o.jpg"
    ],
    "rating": 4.0,
    "review_count": 1,
    "term": "restaurants",
    "url": "https://www.yelp.com/biz/nandos-canberra?adjust_creative=92p07_JjKyriZTQxAXRiKQ&utm_campaign=yelp_api_v3&utm_medium=api_v3_business_lookup&utm_source=92p07_JjKyriZTQxAXRiKQ",
    "uuid": "7909"
}