{
    "categories": [
        {
            "alias": "indpak",
            "title": "Indian"
        }
    ],
    "coordinates": {
        "latitude": -35.1769905,
        "longitude": 149.1351471
    },
    "hours": [
        {
            "hours_type": "REGULAR",
            "is_open_now": false,
            "open": [
                {
                    "day": 0,
                    "end": "2200",
                    "is_overnight": false,
                    "start": "1730"
                },
                {
                    "day": 1,
                    "end": "2200",
                    "is_overnight": false,
                    "start": "1730"
                },
                {
                    "day": 2,
                    "end": "2200",
                    "is_overnight": false,
                    "start": "1730"
                },
                {
                    "day": 3,
                    "end": "2200",
                    "is_overnight": false,
                    "start": "1730"
                },
                {
                    "day": 4,
                    "end": "2200",
                    "is_overnight": false,
                    "start": "1730"
                },
                {
                    "day": 5,
                    "end": "2200",
                    "is_overnight": false,
                    "start": "1730"
                },
                {
                    "day": 6,
                    "end": "2200",
                    "is_overnight": false,
                    "start": "1730"
                }
            ]
        }
    ],
    "id": "nh8-canberra",
    "image_url": "https://s3-media2.fl.yelpcdn.com/bphoto/f7cHkRh0LjjnUU5H4BeglQ/o.jpg",
    "is_claimed": true,
    "is_closed": false,
    "location": {
        "address1": "55 Nellie Hamilton Ave",
        "address2": "Canberra",
        "address3": "",
        "city": "Canberra",
        "country": "AU",
        "state": "ACT",
        "zip_code": "2912"
    },
    "name": "NH8",
    "phone": "+61261744977",
    "photos": [
        "https://s3-media3.fl.yelpcdn.com/bphoto/f7cHkRh0LjjnUU5H4BeglQ/o.jpg",
        "https://s3-media4.fl.yelpcdn.com/bphoto/_t4FuIgy3ka6oTdl7L5EzA/o.jpg",
        "https://s3-media1.fl.yelpcdn.com/bphoto/gEPiILAYHEfC-ch_rEpShg/o.jpg"
    ],
    "rating": 5.0,
    "review_count": 1,
    "term": "restaurants",
    "url": "https://www.yelp.com/biz/nh8-canberra?adjust_creative=92p07_JjKyriZTQxAXRiKQ&utm_campaign=yelp_api_v3&utm_medium=api_v3_business_lookup&utm_source=92p07_JjKyriZTQxAXRiKQ",
    "uuid": "8060"
}