{
    "categories": [
        {
            "alias": "japanese",
            "title": "Japanese"
        }
    ],
    "coordinates": {
        "latitude": -35.2786293,
        "longitude": 149.1330261
    },
    "id": "oishi-canberra",
    "image_url": "https://s3-media3.fl.yelpcdn.com/bphoto/pv9CY-zX82zVvx3mI_geOA/o.jpg",
    "is_claimed": false,
    "is_closed": false,
    "location": {
        "address1": "G13-G14 Bunda St",
        "address2": "",
        "address3": "",
        "city": "Canberra",
        "country": "AU",
        "state": "ACT",
        "zip_code": "2601"
    },
    "name": "Oishi",
    "phone": "+61261622624",
    "photos": [
        "https://s3-media4.fl.yelpcdn.com/bphoto/pv9CY-zX82zVvx3mI_geOA/o.jpg",
        "https://s3-media1.fl.yelpcdn.com/bphoto/lbGuRSPRp-k5WX_B9Yk1tg/o.jpg",
        "https://s3-media4.fl.yelpcdn.com/bphoto/SH2Qyb9zjVNmMBY6aFtDew/o.jpg"
    ],
    "rating": 4.0,
    "review_count": 3,
    "term": "restaurants",
    "url": "https://www.yelp.com/biz/oishi-canberra?adjust_creative=92p07_JjKyriZTQxAXRiKQ&utm_campaign=yelp_api_v3&utm_medium=api_v3_business_lookup&utm_source=92p07_JjKyriZTQxAXRiKQ",
    "uuid": "8306"
}