{
    "categories": [
        {
            "alias": "coffee",
            "title": "Coffee & Tea"
        },
        {
            "alias": "fondue",
            "title": "Fondue"
        }
    ],
    "coordinates": {
        "latitude": -35.2782211,
        "longitude": 149.132309
    },
    "id": "oliver-brown-belgian-chocolate-cafe-canberra",
    "image_url": "https://s3-media1.fl.yelpcdn.com/bphoto/85e5ZsEbDAvEOQeZODEjCQ/o.jpg",
    "is_claimed": false,
    "is_closed": false,
    "location": {
        "address1": "71 Garema Pl",
        "address2": "",
        "address3": "",
        "city": "Canberra",
        "country": "AU",
        "state": "ACT",
        "zip_code": "2601"
    },
    "name": "Oliver Brown Belgian Chocolate Cafe",
    "phone": "+61297482111",
    "photos": [
        "https://s3-media3.fl.yelpcdn.com/bphoto/85e5ZsEbDAvEOQeZODEjCQ/o.jpg",
        "https://s3-media4.fl.yelpcdn.com/bphoto/4uk8aU6L82_ZiGZY8rcJmw/o.jpg",
        "https://s3-media3.fl.yelpcdn.com/bphoto/RCi4OtIEG52h_5YWNaSgEQ/o.jpg"
    ],
    "price": "$",
    "rating": 3.5,
    "review_count": 7,
    "term": "restaurants",
    "url": "https://www.yelp.com/biz/oliver-brown-belgian-chocolate-cafe-canberra?adjust_creative=92p07_JjKyriZTQxAXRiKQ&utm_campaign=yelp_api_v3&utm_medium=api_v3_business_lookup&utm_source=92p07_JjKyriZTQxAXRiKQ",
    "uuid": "8346"
}