{
    "categories": [
        {
            "alias": "cafes",
            "title": "Cafes"
        }
    ],
    "coordinates": {
        "latitude": -35.3204882513864,
        "longitude": 149.132518861923
    },
    "hours": [
        {
            "hours_type": "REGULAR",
            "is_open_now": false,
            "open": [
                {
                    "day": 0,
                    "end": "1530",
                    "is_overnight": false,
                    "start": "0700"
                },
                {
                    "day": 1,
                    "end": "1530",
                    "is_overnight": false,
                    "start": "0700"
                },
                {
                    "day": 2,
                    "end": "1530",
                    "is_overnight": false,
                    "start": "0700"
                },
                {
                    "day": 3,
                    "end": "1530",
                    "is_overnight": false,
                    "start": "0700"
                },
                {
                    "day": 4,
                    "end": "1530",
                    "is_overnight": false,
                    "start": "0700"
                },
                {
                    "day": 5,
                    "end": "1500",
                    "is_overnight": false,
                    "start": "0800"
                },
                {
                    "day": 6,
                    "end": "1500",
                    "is_overnight": false,
                    "start": "0800"
                }
            ]
        }
    ],
    "id": "ona-coffee-canberra",
    "image_url": "https://s3-media2.fl.yelpcdn.com/bphoto/ZCWr7VVVeI8sVi70kS_zGQ/o.jpg",
    "is_claimed": false,
    "is_closed": false,
    "location": {
        "address1": "Shop 4, The lawns",
        "address2": "Palmerston lane",
        "address3": "",
        "city": "Canberra",
        "country": "AU",
        "state": "ACT",
        "zip_code": "2603"
    },
    "name": "Ona Coffee",
    "phone": "",
    "photos": [
        "https://s3-media4.fl.yelpcdn.com/bphoto/ZCWr7VVVeI8sVi70kS_zGQ/o.jpg",
        "https://s3-media4.fl.yelpcdn.com/bphoto/9p04PT1pA5xm1a7s64VzcA/o.jpg",
        "https://s3-media2.fl.yelpcdn.com/bphoto/MlFrUnHwUewe_I9s8kbazQ/o.jpg"
    ],
    "price": "$$",
    "rating": 4.5,
    "review_count": 6,
    "term": "restaurants",
    "url": "https://www.yelp.com/biz/ona-coffee-canberra?adjust_creative=92p07_JjKyriZTQxAXRiKQ&utm_campaign=yelp_api_v3&utm_medium=api_v3_business_lookup&utm_source=92p07_JjKyriZTQxAXRiKQ",
    "uuid": "8376"
}