{
    "categories": [
        {
            "alias": "hotdogs",
            "title": "Fast Food"
        }
    ],
    "coordinates": {
        "latitude": -35.2784386,
        "longitude": 149.1321411
    },
    "id": "oporto-franchising-canberra",
    "image_url": "",
    "is_claimed": false,
    "is_closed": false,
    "location": {
        "address1": "Garema Pl",
        "address2": null,
        "address3": null,
        "city": "Canberra",
        "country": "AU",
        "state": "ACT",
        "zip_code": "2600"
    },
    "name": "Oporto Franchising",
    "phone": "+61262307171",
    "photos": [],
    "rating": 0.0,
    "review_count": 0,
    "term": "restaurants",
    "url": "https://www.yelp.com/biz/oporto-franchising-canberra?adjust_creative=92p07_JjKyriZTQxAXRiKQ&utm_campaign=yelp_api_v3&utm_medium=api_v3_business_lookup&utm_source=92p07_JjKyriZTQxAXRiKQ",
    "uuid": "8405"
}