{
    "categories": [
        {
            "alias": "irish",
            "title": "Irish"
        },
        {
            "alias": "pubs",
            "title": "Pubs"
        },
        {
            "alias": "pubfood",
            "title": "Pub Food"
        }
    ],
    "coordinates": {
        "latitude": -35.2783703256771,
        "longitude": 149.128348858308
    },
    "id": "p-j-o-reillys-canberra",
    "image_url": "https://s3-media3.fl.yelpcdn.com/bphoto/Y478jXCWQdnm9wtpXjeNDA/o.jpg",
    "is_claimed": false,
    "is_closed": false,
    "location": {
        "address1": "44-60 West Row",
        "address2": "",
        "address3": "",
        "city": "Canberra",
        "country": "AU",
        "state": "ACT",
        "zip_code": "2601"
    },
    "name": "P.J. O'Reilly's",
    "phone": "",
    "photos": [
        "https://s3-media1.fl.yelpcdn.com/bphoto/Y478jXCWQdnm9wtpXjeNDA/o.jpg",
        "https://s3-media1.fl.yelpcdn.com/bphoto/vsExTjD2B0cTAUE6sZK77w/o.jpg"
    ],
    "price": "$$",
    "rating": 4.5,
    "review_count": 4,
    "term": "restaurants",
    "url": "https://www.yelp.com/biz/p-j-o-reillys-canberra?adjust_creative=92p07_JjKyriZTQxAXRiKQ&utm_campaign=yelp_api_v3&utm_medium=api_v3_business_lookup&utm_source=92p07_JjKyriZTQxAXRiKQ",
    "uuid": "8506"
}