{
    "categories": [
        {
            "alias": "cafes",
            "title": "Cafes"
        }
    ],
    "coordinates": {
        "latitude": -35.2828680215215,
        "longitude": 149.133654646575
    },
    "id": "playingfields-canberra",
    "image_url": "https://s3-media2.fl.yelpcdn.com/bphoto/IukPIDK5Au1orAGueyQKcQ/o.jpg",
    "is_claimed": false,
    "is_closed": false,
    "location": {
        "address1": "33 Allara St",
        "address2": "",
        "address3": "",
        "city": "Canberra",
        "country": "AU",
        "state": "ACT",
        "zip_code": "2601"
    },
    "name": "Playingfields",
    "phone": "",
    "photos": [
        "https://s3-media2.fl.yelpcdn.com/bphoto/IukPIDK5Au1orAGueyQKcQ/o.jpg",
        "https://s3-media3.fl.yelpcdn.com/bphoto/bDpYeA8HEkIrW_RRHBpJ-Q/o.jpg",
        "https://s3-media3.fl.yelpcdn.com/bphoto/gj4vBJabRr31Jxd71V_MXQ/o.jpg"
    ],
    "price": "$",
    "rating": 4.5,
    "review_count": 2,
    "term": "restaurants",
    "url": "https://www.yelp.com/biz/playingfields-canberra?adjust_creative=92p07_JjKyriZTQxAXRiKQ&utm_campaign=yelp_api_v3&utm_medium=api_v3_business_lookup&utm_source=92p07_JjKyriZTQxAXRiKQ",
    "uuid": "9058"
}