{
    "categories": [
        {
            "alias": "jazzandblues",
            "title": "Jazz & Blues"
        },
        {
            "alias": "tapasmallplates",
            "title": "Tapas/Small Plates"
        }
    ],
    "coordinates": {
        "latitude": -35.3203011,
        "longitude": 149.1333771
    },
    "hours": [
        {
            "hours_type": "REGULAR",
            "is_open_now": true,
            "open": [
                {
                    "day": 2,
                    "end": "0000",
                    "is_overnight": false,
                    "start": "1600"
                },
                {
                    "day": 3,
                    "end": "0100",
                    "is_overnight": true,
                    "start": "1600"
                },
                {
                    "day": 4,
                    "end": "0200",
                    "is_overnight": true,
                    "start": "1600"
                },
                {
                    "day": 5,
                    "end": "0200",
                    "is_overnight": true,
                    "start": "1600"
                },
                {
                    "day": 6,
                    "end": "0000",
                    "is_overnight": false,
                    "start": "1600"
                }
            ]
        }
    ],
    "id": "polit-bar-canberra",
    "image_url": "https://s3-media1.fl.yelpcdn.com/bphoto/2CsXv1bq32-hEMCn7TOBdA/o.jpg",
    "is_claimed": false,
    "is_closed": false,
    "location": {
        "address1": "Level 1",
        "address2": "8 Franklin St",
        "address3": "",
        "city": "Canberra",
        "country": "AU",
        "state": "ACT",
        "zip_code": "2603"
    },
    "name": "Polit Bar",
    "phone": "+61261622947",
    "photos": [
        "https://s3-media4.fl.yelpcdn.com/bphoto/2CsXv1bq32-hEMCn7TOBdA/o.jpg",
        "https://s3-media3.fl.yelpcdn.com/bphoto/LiLlo8PAeH2aYGfroTGmng/o.jpg",
        "https://s3-media3.fl.yelpcdn.com/bphoto/USLC9ku0diyLKRRUd7298Q/o.jpg"
    ],
    "rating": 5.0,
    "review_count": 1,
    "term": "restaurants",
    "url": "https://www.yelp.com/biz/polit-bar-canberra?adjust_creative=92p07_JjKyriZTQxAXRiKQ&utm_campaign=yelp_api_v3&utm_medium=api_v3_business_lookup&utm_source=92p07_JjKyriZTQxAXRiKQ",
    "uuid": "9094"
}