{
    "categories": [
        {
            "alias": "restaurants",
            "title": "Restaurants"
        }
    ],
    "coordinates": {
        "latitude": -35.276329,
        "longitude": 149.1283569
    },
    "id": "remi-food-and-wine-bar-canberra",
    "image_url": "",
    "is_claimed": false,
    "is_closed": false,
    "location": {
        "address1": "14 Moore St",
        "address2": null,
        "address3": null,
        "city": "Canberra",
        "country": "AU",
        "state": "ACT",
        "zip_code": "2601"
    },
    "name": "Remi Food and Wine Bar",
    "phone": "+61262573777",
    "photos": [],
    "rating": 0.0,
    "review_count": 0,
    "term": "restaurants",
    "url": "https://www.yelp.com/biz/remi-food-and-wine-bar-canberra?adjust_creative=92p07_JjKyriZTQxAXRiKQ&utm_campaign=yelp_api_v3&utm_medium=api_v3_business_lookup&utm_source=92p07_JjKyriZTQxAXRiKQ",
    "uuid": "9497"
}