{
    "categories": [
        {
            "alias": "breakfast_brunch",
            "title": "Breakfast & Brunch"
        },
        {
            "alias": "kebab",
            "title": "Kebab"
        }
    ],
    "coordinates": {
        "latitude": -35.28928,
        "longitude": 149.12644
    },
    "hours": [
        {
            "hours_type": "REGULAR",
            "is_open_now": true,
            "open": [
                {
                    "day": 0,
                    "end": "2030",
                    "is_overnight": false,
                    "start": "0900"
                },
                {
                    "day": 1,
                    "end": "2030",
                    "is_overnight": false,
                    "start": "0900"
                },
                {
                    "day": 2,
                    "end": "2030",
                    "is_overnight": false,
                    "start": "0900"
                },
                {
                    "day": 3,
                    "end": "2030",
                    "is_overnight": false,
                    "start": "0900"
                },
                {
                    "day": 4,
                    "end": "2030",
                    "is_overnight": false,
                    "start": "0900"
                },
                {
                    "day": 5,
                    "end": "2030",
                    "is_overnight": false,
                    "start": "0900"
                },
                {
                    "day": 6,
                    "end": "2030",
                    "is_overnight": false,
                    "start": "0900"
                }
            ]
        }
    ],
    "id": "roasted-bites-canberra",
    "image_url": "https://s3-media3.fl.yelpcdn.com/bphoto/pMmjphTUXHZ7L7wT4vcmmw/o.jpg",
    "is_claimed": true,
    "is_closed": false,
    "location": {
        "address1": "Barrine Dr",
        "address2": "Acton",
        "address3": "",
        "city": "Canberra",
        "country": "AU",
        "state": "ACT",
        "zip_code": "2601"
    },
    "name": "Roasted Bites",
    "phone": "+61449026309",
    "photos": [
        "https://s3-media3.fl.yelpcdn.com/bphoto/pMmjphTUXHZ7L7wT4vcmmw/o.jpg"
    ],
    "rating": 0.0,
    "review_count": 0,
    "term": "restaurants",
    "url": "https://www.yelp.com/biz/roasted-bites-canberra?adjust_creative=92p07_JjKyriZTQxAXRiKQ&utm_campaign=yelp_api_v3&utm_medium=api_v3_business_lookup&utm_source=92p07_JjKyriZTQxAXRiKQ",
    "uuid": "9660"
}