{
    "categories": [
        {
            "alias": "bars",
            "title": "Bars"
        },
        {
            "alias": "australian",
            "title": "Australian"
        }
    ],
    "coordinates": {
        "latitude": -35.3165701,
        "longitude": 149.141027
    },
    "hours": [
        {
            "hours_type": "REGULAR",
            "is_open_now": false,
            "open": [
                {
                    "day": 1,
                    "end": "0000",
                    "is_overnight": false,
                    "start": "0900"
                },
                {
                    "day": 2,
                    "end": "0000",
                    "is_overnight": false,
                    "start": "0900"
                },
                {
                    "day": 3,
                    "end": "0000",
                    "is_overnight": false,
                    "start": "0900"
                },
                {
                    "day": 4,
                    "end": "0000",
                    "is_overnight": false,
                    "start": "0900"
                },
                {
                    "day": 5,
                    "end": "0000",
                    "is_overnight": false,
                    "start": "0900"
                }
            ]
        }
    ],
    "id": "salotto-canberra",
    "image_url": "https://s3-media1.fl.yelpcdn.com/bphoto/ieMxt4Chax_009u9TTvv0g/o.jpg",
    "is_claimed": false,
    "is_closed": false,
    "location": {
        "address1": "25 Kennedy St",
        "address2": null,
        "address3": "",
        "city": "Canberra",
        "country": "AU",
        "state": "ACT",
        "zip_code": "2604"
    },
    "name": "Salotto",
    "phone": "+61262951813",
    "photos": [
        "https://s3-media4.fl.yelpcdn.com/bphoto/ieMxt4Chax_009u9TTvv0g/o.jpg",
        "https://s3-media3.fl.yelpcdn.com/bphoto/2f5gpSq8qB1U_YlaYBw3fA/o.jpg",
        "https://s3-media1.fl.yelpcdn.com/bphoto/UyqFKhTugt9ATNedwlywhQ/o.jpg"
    ],
    "rating": 5.0,
    "review_count": 1,
    "term": "restaurants",
    "url": "https://www.yelp.com/biz/salotto-canberra?adjust_creative=92p07_JjKyriZTQxAXRiKQ&utm_campaign=yelp_api_v3&utm_medium=api_v3_business_lookup&utm_source=92p07_JjKyriZTQxAXRiKQ",
    "uuid": "9962"
}