{
    "categories": [
        {
            "alias": "taiwanese",
            "title": "Taiwanese"
        },
        {
            "alias": "teppanyaki",
            "title": "Teppanyaki"
        }
    ],
    "coordinates": {
        "latitude": -35.2513885,
        "longitude": 149.1360321
    },
    "hours": [
        {
            "hours_type": "REGULAR",
            "is_open_now": false,
            "open": [
                {
                    "day": 0,
                    "end": "1430",
                    "is_overnight": false,
                    "start": "1130"
                },
                {
                    "day": 1,
                    "end": "1430",
                    "is_overnight": false,
                    "start": "1130"
                },
                {
                    "day": 1,
                    "end": "2230",
                    "is_overnight": false,
                    "start": "1730"
                },
                {
                    "day": 2,
                    "end": "1430",
                    "is_overnight": false,
                    "start": "1130"
                },
                {
                    "day": 2,
                    "end": "2230",
                    "is_overnight": false,
                    "start": "1730"
                },
                {
                    "day": 3,
                    "end": "1430",
                    "is_overnight": false,
                    "start": "1130"
                },
                {
                    "day": 3,
                    "end": "2230",
                    "is_overnight": false,
                    "start": "1730"
                },
                {
                    "day": 4,
                    "end": "1430",
                    "is_overnight": false,
                    "start": "1130"
                },
                {
                    "day": 4,
                    "end": "2230",
                    "is_overnight": false,
                    "start": "1730"
                },
                {
                    "day": 5,
                    "end": "2230",
                    "is_overnight": false,
                    "start": "1730"
                },
                {
                    "day": 6,
                    "end": "2230",
                    "is_overnight": false,
                    "start": "1730"
                }
            ]
        }
    ],
    "id": "shin-sen-taiwanese-and-japanese-cuisine-canberra",
    "image_url": "https://s3-media3.fl.yelpcdn.com/bphoto/wr0rK4j7O7WUPHi6Bc-niA/o.jpg",
    "is_claimed": false,
    "is_closed": false,
    "location": {
        "address1": "71/2 Cape St",
        "address2": null,
        "address3": "",
        "city": "Canberra",
        "country": "AU",
        "state": "ACT",
        "zip_code": "2602"
    },
    "name": "Shin Sen Taiwanese & Japanese Cuisine",
    "phone": "+61262627888",
    "photos": [
        "https://s3-media1.fl.yelpcdn.com/bphoto/wr0rK4j7O7WUPHi6Bc-niA/o.jpg"
    ],
    "rating": 0.0,
    "review_count": 0,
    "term": "restaurants",
    "url": "https://www.yelp.com/biz/shin-sen-taiwanese-and-japanese-cuisine-canberra?adjust_creative=92p07_JjKyriZTQxAXRiKQ&utm_campaign=yelp_api_v3&utm_medium=api_v3_business_lookup&utm_source=92p07_JjKyriZTQxAXRiKQ",
    "uuid": "10324"
}