{
    "categories": [
        {
            "alias": "japanese",
            "title": "Japanese"
        }
    ],
    "coordinates": {
        "latitude": -35.2790202,
        "longitude": 149.133249
    },
    "id": "shogun-canberra",
    "image_url": "https://s3-media2.fl.yelpcdn.com/bphoto/8b7BW7dlX2ZdmR7IyP_pLQ/o.jpg",
    "is_claimed": false,
    "is_closed": false,
    "location": {
        "address1": "Bunda St",
        "address2": "1st Floor Garema Ctr",
        "address3": "",
        "city": "Canberra",
        "country": "AU",
        "state": "ACT",
        "zip_code": "2601"
    },
    "name": "Shogun",
    "phone": "+61262488888",
    "photos": [
        "https://s3-media1.fl.yelpcdn.com/bphoto/8b7BW7dlX2ZdmR7IyP_pLQ/o.jpg"
    ],
    "rating": 2.0,
    "review_count": 2,
    "term": "restaurants",
    "url": "https://www.yelp.com/biz/shogun-canberra?adjust_creative=92p07_JjKyriZTQxAXRiKQ&utm_campaign=yelp_api_v3&utm_medium=api_v3_business_lookup&utm_source=92p07_JjKyriZTQxAXRiKQ",
    "uuid": "10337"
}