{
    "categories": [
        {
            "alias": "sushi",
            "title": "Sushi Bars"
        }
    ],
    "coordinates": {
        "latitude": -35.2777676416235,
        "longitude": 149.120781872692
    },
    "hours": [
        {
            "hours_type": "REGULAR",
            "is_open_now": false,
            "open": [
                {
                    "day": 0,
                    "end": "1930",
                    "is_overnight": false,
                    "start": "0900"
                },
                {
                    "day": 1,
                    "end": "1930",
                    "is_overnight": false,
                    "start": "0900"
                },
                {
                    "day": 2,
                    "end": "1930",
                    "is_overnight": false,
                    "start": "0900"
                },
                {
                    "day": 3,
                    "end": "1930",
                    "is_overnight": false,
                    "start": "0900"
                },
                {
                    "day": 4,
                    "end": "1830",
                    "is_overnight": false,
                    "start": "0900"
                }
            ]
        }
    ],
    "id": "sushi-smith-canberra",
    "image_url": "",
    "is_claimed": false,
    "is_closed": false,
    "location": {
        "address1": "Union Court",
        "address2": "Australian National University",
        "address3": null,
        "city": "Canberra",
        "country": "AU",
        "state": "ACT",
        "zip_code": "2603"
    },
    "name": "Sushi Smith",
    "phone": "+61261620197",
    "photos": [],
    "rating": 3.0,
    "review_count": 1,
    "term": "restaurants",
    "url": "https://www.yelp.com/biz/sushi-smith-canberra?adjust_creative=92p07_JjKyriZTQxAXRiKQ&utm_campaign=yelp_api_v3&utm_medium=api_v3_business_lookup&utm_source=92p07_JjKyriZTQxAXRiKQ",
    "uuid": "11021"
}