{
    "categories": [
        {
            "alias": "chinese",
            "title": "Chinese"
        }
    ],
    "coordinates": {
        "latitude": -35.27847,
        "longitude": 149.13268
    },
    "hours": [
        {
            "hours_type": "REGULAR",
            "is_open_now": false,
            "open": [
                {
                    "day": 0,
                    "end": "1430",
                    "is_overnight": false,
                    "start": "1130"
                },
                {
                    "day": 0,
                    "end": "2200",
                    "is_overnight": false,
                    "start": "1730"
                },
                {
                    "day": 1,
                    "end": "1430",
                    "is_overnight": false,
                    "start": "1130"
                },
                {
                    "day": 1,
                    "end": "2200",
                    "is_overnight": false,
                    "start": "1730"
                },
                {
                    "day": 2,
                    "end": "1430",
                    "is_overnight": false,
                    "start": "1130"
                },
                {
                    "day": 2,
                    "end": "2200",
                    "is_overnight": false,
                    "start": "1730"
                },
                {
                    "day": 3,
                    "end": "1430",
                    "is_overnight": false,
                    "start": "1130"
                },
                {
                    "day": 3,
                    "end": "2200",
                    "is_overnight": false,
                    "start": "1730"
                },
                {
                    "day": 4,
                    "end": "1430",
                    "is_overnight": false,
                    "start": "1130"
                },
                {
                    "day": 4,
                    "end": "2200",
                    "is_overnight": false,
                    "start": "1730"
                },
                {
                    "day": 5,
                    "end": "1430",
                    "is_overnight": false,
                    "start": "1130"
                },
                {
                    "day": 5,
                    "end": "2200",
                    "is_overnight": false,
                    "start": "1730"
                },
                {
                    "day": 6,
                    "end": "1430",
                    "is_overnight": false,
                    "start": "1130"
                },
                {
                    "day": 6,
                    "end": "2200",
                    "is_overnight": false,
                    "start": "1730"
                }
            ]
        }
    ],
    "id": "tasting-china-canberra",
    "image_url": "",
    "is_claimed": true,
    "is_closed": false,
    "location": {
        "address1": "108 Bunda St",
        "address2": null,
        "address3": "",
        "city": "Canberra",
        "country": "AU",
        "state": "ACT",
        "zip_code": "2601"
    },
    "name": "Tasting China",
    "phone": "+61251003324",
    "photos": [],
    "rating": 0.0,
    "review_count": 0,
    "term": "restaurants",
    "url": "https://www.yelp.com/biz/tasting-china-canberra?adjust_creative=92p07_JjKyriZTQxAXRiKQ&utm_campaign=yelp_api_v3&utm_medium=api_v3_business_lookup&utm_source=92p07_JjKyriZTQxAXRiKQ",
    "uuid": "11267"
}