{
    "categories": [
        {
            "alias": "cafes",
            "title": "Cafes"
        },
        {
            "alias": "cakeshop",
            "title": "Patisserie/Cake Shop"
        },
        {
            "alias": "bakeries",
            "title": "Bakeries"
        }
    ],
    "coordinates": {
        "latitude": -35.3133173517076,
        "longitude": 149.147064015269
    },
    "hours": [
        {
            "hours_type": "REGULAR",
            "is_open_now": true,
            "open": [
                {
                    "day": 0,
                    "end": "1600",
                    "is_overnight": false,
                    "start": "0630"
                },
                {
                    "day": 1,
                    "end": "1600",
                    "is_overnight": false,
                    "start": "0630"
                },
                {
                    "day": 2,
                    "end": "1600",
                    "is_overnight": false,
                    "start": "0630"
                },
                {
                    "day": 3,
                    "end": "1600",
                    "is_overnight": false,
                    "start": "0630"
                },
                {
                    "day": 4,
                    "end": "1600",
                    "is_overnight": false,
                    "start": "0630"
                },
                {
                    "day": 5,
                    "end": "1700",
                    "is_overnight": false,
                    "start": "0730"
                },
                {
                    "day": 6,
                    "end": "1700",
                    "is_overnight": false,
                    "start": "0730"
                }
            ]
        }
    ],
    "id": "7th-and-bake-patisserie-cafe-canberra",
    "image_url": "",
    "is_claimed": false,
    "is_closed": false,
    "location": {
        "address1": "144/41 Eastlake Pde",
        "address2": "Kingston",
        "address3": null,
        "city": "Canberra",
        "country": "AU",
        "state": "ACT",
        "zip_code": "2604"
    },
    "name": "7th & Bake Patisserie Cafe",
    "phone": "+61261407037",
    "photos": [],
    "rating": 0.0,
    "review_count": 0,
    "term": "restaurants",
    "url": "https://www.yelp.com/biz/7th-and-bake-patisserie-cafe-canberra?adjust_creative=92p07_JjKyriZTQxAXRiKQ&utm_campaign=yelp_api_v3&utm_medium=api_v3_business_lookup&utm_source=92p07_JjKyriZTQxAXRiKQ",
    "uuid": "104"
}