{
    "categories": [
        {
            "alias": "cafes",
            "title": "Cafes"
        },
        {
            "alias": "sandwiches",
            "title": "Sandwiches"
        }
    ],
    "coordinates": {
        "latitude": -35.2783813,
        "longitude": 149.1228638
    },
    "id": "the-gods-cafe-canberra",
    "image_url": "",
    "is_claimed": false,
    "is_closed": false,
    "location": {
        "address1": "Building 16, ANU Arts Centre",
        "address2": "University Ave",
        "address3": "",
        "city": "Canberra",
        "country": "AU",
        "state": "ACT",
        "zip_code": "2601"
    },
    "name": "The Gods Cafe",
    "phone": "+61262485538",
    "photos": [],
    "rating": 3.0,
    "review_count": 1,
    "term": "restaurants",
    "url": "https://www.yelp.com/biz/the-gods-cafe-canberra?adjust_creative=92p07_JjKyriZTQxAXRiKQ&utm_campaign=yelp_api_v3&utm_medium=api_v3_business_lookup&utm_source=92p07_JjKyriZTQxAXRiKQ",
    "uuid": "11641"
}