{
    "categories": [
        {
            "alias": "cafes",
            "title": "Cafes"
        },
        {
            "alias": "modern_australian",
            "title": "Modern Australian"
        }
    ],
    "coordinates": {
        "latitude": -35.3028183,
        "longitude": 149.1292114
    },
    "hours": [
        {
            "hours_type": "REGULAR",
            "is_open_now": false,
            "open": [
                {
                    "day": 0,
                    "end": "1700",
                    "is_overnight": false,
                    "start": "0730"
                },
                {
                    "day": 1,
                    "end": "1700",
                    "is_overnight": false,
                    "start": "0730"
                },
                {
                    "day": 2,
                    "end": "1700",
                    "is_overnight": false,
                    "start": "0730"
                },
                {
                    "day": 3,
                    "end": "1700",
                    "is_overnight": false,
                    "start": "0730"
                },
                {
                    "day": 4,
                    "end": "1600",
                    "is_overnight": false,
                    "start": "0730"
                },
                {
                    "day": 5,
                    "end": "1600",
                    "is_overnight": false,
                    "start": "0900"
                },
                {
                    "day": 6,
                    "end": "1600",
                    "is_overnight": false,
                    "start": "0900"
                }
            ]
        }
    ],
    "id": "bookplate-café-parkes",
    "image_url": "https://s3-media4.fl.yelpcdn.com/bphoto/KUE3D5n7vFWbGVnYuesRJg/o.jpg",
    "is_claimed": true,
    "is_closed": false,
    "location": {
        "address1": "National Library of Australia",
        "address2": "",
        "address3": "",
        "city": "Parkes",
        "country": "AU",
        "state": "ACT",
        "zip_code": "2600"
    },
    "name": "Bookplate Café",
    "phone": "+61262621154",
    "photos": [
        "https://s3-media1.fl.yelpcdn.com/bphoto/KUE3D5n7vFWbGVnYuesRJg/o.jpg",
        "https://s3-media2.fl.yelpcdn.com/bphoto/MaonIRFBMUC525tfcRE0kQ/o.jpg",
        "https://s3-media4.fl.yelpcdn.com/bphoto/mMtX03gMW7eiYd27OxPT_A/o.jpg"
    ],
    "price": "$$",
    "rating": 4.5,
    "review_count": 5,
    "term": "restaurants",
    "url": "https://www.yelp.com/biz/bookplate-caf%C3%A9-parkes?adjust_creative=92p07_JjKyriZTQxAXRiKQ&utm_campaign=yelp_api_v3&utm_medium=api_v3_business_lookup&utm_source=92p07_JjKyriZTQxAXRiKQ",
    "uuid": "1550"
}