{
    "categories": [
        {
            "alias": "cafes",
            "title": "Cafes"
        },
        {
            "alias": "coffee",
            "title": "Coffee & Tea"
        },
        {
            "alias": "gelato",
            "title": "Gelato"
        }
    ],
    "coordinates": {
        "latitude": -35.2980045200051,
        "longitude": 149.135837629114
    },
    "id": "doms-coffee-bar-parkes",
    "image_url": "https://s3-media1.fl.yelpcdn.com/bphoto/Ij5bTS8RQ2HnA0z7FfXQnw/o.jpg",
    "is_claimed": false,
    "is_closed": false,
    "location": {
        "address1": "Parkes Pl",
        "address2": "",
        "address3": "",
        "city": "Parkes",
        "country": "AU",
        "state": "ACT",
        "zip_code": "2600"
    },
    "name": "Dom's Coffee Bar",
    "phone": "+61412192109",
    "photos": [
        "https://s3-media2.fl.yelpcdn.com/bphoto/Ij5bTS8RQ2HnA0z7FfXQnw/o.jpg",
        "https://s3-media3.fl.yelpcdn.com/bphoto/Kn8aKRfqV4ZUswz3-2uOpA/o.jpg",
        "https://s3-media3.fl.yelpcdn.com/bphoto/ylWHKCBtdmt_y0EpIEPiWg/o.jpg"
    ],
    "price": "$$",
    "rating": 3.0,
    "review_count": 2,
    "term": "restaurants",
    "url": "https://www.yelp.com/biz/doms-coffee-bar-parkes?adjust_creative=92p07_JjKyriZTQxAXRiKQ&utm_campaign=yelp_api_v3&utm_medium=api_v3_business_lookup&utm_source=92p07_JjKyriZTQxAXRiKQ",
    "uuid": "3368"
}