{
    "categories": [
        {
            "alias": "australian",
            "title": "Australian"
        }
    ],
    "coordinates": {
        "latitude": -35.3027461028333,
        "longitude": 149.129670895636
    },
    "hours": [
        {
            "hours_type": "REGULAR",
            "is_open_now": false,
            "open": [
                {
                    "day": 0,
                    "end": "1430",
                    "is_overnight": false,
                    "start": "1130"
                },
                {
                    "day": 1,
                    "end": "1430",
                    "is_overnight": false,
                    "start": "1130"
                },
                {
                    "day": 2,
                    "end": "1430",
                    "is_overnight": false,
                    "start": "1130"
                },
                {
                    "day": 3,
                    "end": "1430",
                    "is_overnight": false,
                    "start": "1130"
                },
                {
                    "day": 4,
                    "end": "1430",
                    "is_overnight": false,
                    "start": "1130"
                },
                {
                    "day": 5,
                    "end": "1430",
                    "is_overnight": false,
                    "start": "1130"
                },
                {
                    "day": 6,
                    "end": "1430",
                    "is_overnight": false,
                    "start": "1130"
                }
            ]
        }
    ],
    "id": "hoi-polloi-restaurant-parkes",
    "image_url": "https://s3-media1.fl.yelpcdn.com/bphoto/ZWhb95uMC-GX1lQWSeTCiQ/o.jpg",
    "is_claimed": false,
    "is_closed": false,
    "location": {
        "address1": "Old Parliament House",
        "address2": "18 King George Terrace",
        "address3": "",
        "city": "Parkes",
        "country": "AU",
        "state": "ACT",
        "zip_code": "2600"
    },
    "name": "Hoi Polloi Restaurant",
    "phone": "+611300870433",
    "photos": [
        "https://s3-media4.fl.yelpcdn.com/bphoto/ZWhb95uMC-GX1lQWSeTCiQ/o.jpg",
        "https://s3-media1.fl.yelpcdn.com/bphoto/TJEgxI1n5bmcTR6ZQtITxg/o.jpg"
    ],
    "rating": 0.0,
    "review_count": 0,
    "term": "restaurants",
    "url": "https://www.yelp.com/biz/hoi-polloi-restaurant-parkes?adjust_creative=92p07_JjKyriZTQxAXRiKQ&utm_campaign=yelp_api_v3&utm_medium=api_v3_business_lookup&utm_source=92p07_JjKyriZTQxAXRiKQ",
    "uuid": "5154"
}