{
    "categories": [
        {
            "alias": "cafes",
            "title": "Cafes"
        }
    ],
    "coordinates": {
        "latitude": -35.30218,
        "longitude": 149.13108
    },
    "id": "porkbarrel-parkes",
    "image_url": "https://s3-media3.fl.yelpcdn.com/bphoto/RrbzpVsq9EKK4Xvl8QslEA/o.jpg",
    "is_claimed": false,
    "is_closed": false,
    "location": {
        "address1": "King George Terrace",
        "address2": null,
        "address3": null,
        "city": "Parkes",
        "country": "AU",
        "state": "ACT",
        "zip_code": "2600"
    },
    "name": "Porkbarrel",
    "phone": "+61262731455",
    "photos": [
        "https://s3-media1.fl.yelpcdn.com/bphoto/RrbzpVsq9EKK4Xvl8QslEA/o.jpg",
        "https://s3-media2.fl.yelpcdn.com/bphoto/Msu9CRQnh6TmsFYDCnAqkA/o.jpg",
        "https://s3-media2.fl.yelpcdn.com/bphoto/c8DxrCQgkIFwIFw4mGPOzA/o.jpg"
    ],
    "rating": 4.5,
    "review_count": 2,
    "term": "restaurants",
    "url": "https://www.yelp.com/biz/porkbarrel-parkes?adjust_creative=92p07_JjKyriZTQxAXRiKQ&utm_campaign=yelp_api_v3&utm_medium=api_v3_business_lookup&utm_source=92p07_JjKyriZTQxAXRiKQ",
    "uuid": "9132"
}