{
    "categories": [
        {
            "alias": "restaurants",
            "title": "Restaurants"
        }
    ],
    "coordinates": {
        "latitude": -35.2907104,
        "longitude": 149.1280823
    },
    "id": "the-deck-at-regatta-point-parkes",
    "image_url": "https://s3-media2.fl.yelpcdn.com/bphoto/is3GTu84Z8gpcoZp6AUBPg/o.jpg",
    "is_claimed": false,
    "is_closed": false,
    "location": {
        "address1": "Barrine Drv",
        "address2": null,
        "address3": null,
        "city": "Parkes",
        "country": "AU",
        "state": "ACT",
        "zip_code": "2600"
    },
    "name": "The Deck at Regatta Point",
    "phone": "+61262307234",
    "photos": [
        "https://s3-media3.fl.yelpcdn.com/bphoto/is3GTu84Z8gpcoZp6AUBPg/o.jpg"
    ],
    "rating": 0.0,
    "review_count": 0,
    "term": "restaurants",
    "url": "https://www.yelp.com/biz/the-deck-at-regatta-point-parkes?adjust_creative=92p07_JjKyriZTQxAXRiKQ&utm_campaign=yelp_api_v3&utm_medium=api_v3_business_lookup&utm_source=92p07_JjKyriZTQxAXRiKQ",
    "uuid": "11506"
}