{
    "categories": [
        {
            "alias": "travelservices",
            "title": "Travel Services"
        }
    ],
    "coordinates": {
        "latitude": -35.3178482,
        "longitude": 149.1101074
    },
    "id": "australian-wildlife-deakin",
    "image_url": "",
    "is_claimed": false,
    "is_closed": false,
    "location": {
        "address1": "51 Stonehaven Crs",
        "address2": null,
        "address3": null,
        "city": "Deakin",
        "country": "AU",
        "state": "ACT",
        "zip_code": "2600"
    },
    "name": "Australian Wildlife",
    "phone": "+61262812160",
    "photos": [],
    "rating": 0.0,
    "review_count": 0,
    "term": "hotels",
    "url": "https://www.yelp.com/biz/australian-wildlife-deakin?adjust_creative=92p07_JjKyriZTQxAXRiKQ&utm_campaign=yelp_api_v3&utm_medium=api_v3_business_lookup&utm_source=92p07_JjKyriZTQxAXRiKQ",
    "uuid": "781"
}