{
    "categories": [
        {
            "alias": "travelservices",
            "title": "Travel Services"
        }
    ],
    "coordinates": {
        "latitude": -35.319809,
        "longitude": 149.0940094
    },
    "id": "royal-australian-mint-deakin",
    "image_url": "https://s3-media4.fl.yelpcdn.com/bphoto/AWE_7zzdUSAixXc2B8zr4w/o.jpg",
    "is_claimed": false,
    "is_closed": false,
    "location": {
        "address1": "Denison St",
        "address2": null,
        "address3": null,
        "city": "Deakin",
        "country": "AU",
        "state": "ACT",
        "zip_code": "2600"
    },
    "name": "Royal Australian Mint",
    "phone": "+61262026999",
    "photos": [
        "https://s3-media2.fl.yelpcdn.com/bphoto/AWE_7zzdUSAixXc2B8zr4w/o.jpg",
        "https://s3-media3.fl.yelpcdn.com/bphoto/SNegAhtifbtSAH-Gg6uN-g/o.jpg",
        "https://s3-media3.fl.yelpcdn.com/bphoto/ufayvMCJ0esi2vW4IQQlfw/o.jpg"
    ],
    "rating": 5.0,
    "review_count": 1,
    "term": "hotels",
    "url": "https://www.yelp.com/biz/royal-australian-mint-deakin?adjust_creative=92p07_JjKyriZTQxAXRiKQ&utm_campaign=yelp_api_v3&utm_medium=api_v3_business_lookup&utm_source=92p07_JjKyriZTQxAXRiKQ",
    "uuid": "9797"
}