{
    "categories": [
        {
            "alias": "hotdogs",
            "title": "Fast Food"
        },
        {
            "alias": "coffee",
            "title": "Coffee & Tea"
        }
    ],
    "coordinates": {
        "latitude": -35.3256607,
        "longitude": 149.082962
    },
    "id": "curtin-milk-bar-and-pizza-curtin",
    "image_url": "https://s3-media3.fl.yelpcdn.com/bphoto/ZYGf4Mr4W8rGA1qgtvOUjA/o.jpg",
    "is_claimed": false,
    "is_closed": false,
    "location": {
        "address1": "Curtin Pl",
        "address2": null,
        "address3": null,
        "city": "Curtin",
        "country": "AU",
        "state": "ACT",
        "zip_code": "2605"
    },
    "name": "Curtin Milk Bar & Pizza",
    "phone": "+61262813604",
    "photos": [
        "https://s3-media4.fl.yelpcdn.com/bphoto/ZYGf4Mr4W8rGA1qgtvOUjA/o.jpg"
    ],
    "price": "$$",
    "rating": 4.5,
    "review_count": 2,
    "term": "restaurants",
    "url": "https://www.yelp.com/biz/curtin-milk-bar-and-pizza-curtin?adjust_creative=92p07_JjKyriZTQxAXRiKQ&utm_campaign=yelp_api_v3&utm_medium=api_v3_business_lookup&utm_source=92p07_JjKyriZTQxAXRiKQ",
    "uuid": "3055"
}