{
    "categories": [
        {
            "alias": "hotdog",
            "title": "Hot Dogs"
        },
        {
            "alias": "mexican",
            "title": "Mexican"
        }
    ],
    "coordinates": {
        "latitude": -35.2978287,
        "longitude": 149.1871948
    },
    "hours": [
        {
            "hours_type": "REGULAR",
            "is_open_now": true,
            "open": [
                {
                    "day": 0,
                    "end": "1700",
                    "is_overnight": false,
                    "start": "0800"
                },
                {
                    "day": 1,
                    "end": "1700",
                    "is_overnight": false,
                    "start": "0800"
                },
                {
                    "day": 2,
                    "end": "1700",
                    "is_overnight": false,
                    "start": "0800"
                },
                {
                    "day": 3,
                    "end": "1700",
                    "is_overnight": false,
                    "start": "0800"
                },
                {
                    "day": 4,
                    "end": "1700",
                    "is_overnight": false,
                    "start": "0800"
                },
                {
                    "day": 5,
                    "end": "1700",
                    "is_overnight": false,
                    "start": "0900"
                },
                {
                    "day": 6,
                    "end": "1700",
                    "is_overnight": false,
                    "start": "0900"
                }
            ]
        }
    ],
    "id": "frank-and-beanz-canberra-international-airport",
    "image_url": "https://s3-media4.fl.yelpcdn.com/bphoto/MmX4A4GR5TKceOla8TW0Yg/o.jpg",
    "is_claimed": false,
    "is_closed": false,
    "location": {
        "address1": "26-28 Spitfire Ave",
        "address2": "",
        "address3": "",
        "city": "Canberra International Airport",
        "country": "AU",
        "state": "ACT",
        "zip_code": "2609"
    },
    "name": "Frank And Beanz",
    "phone": "+61470280504",
    "photos": [
        "https://s3-media2.fl.yelpcdn.com/bphoto/MmX4A4GR5TKceOla8TW0Yg/o.jpg",
        "https://s3-media4.fl.yelpcdn.com/bphoto/95hA7jQCdLtGt8zDdgKA9w/o.jpg",
        "https://s3-media1.fl.yelpcdn.com/bphoto/NR9IfKxRhlrZ9HjvAP6vfA/o.jpg"
    ],
    "price": "$",
    "rating": 5.0,
    "review_count": 1,
    "term": "restaurants",
    "url": "https://www.yelp.com/biz/frank-and-beanz-canberra-international-airport?adjust_creative=92p07_JjKyriZTQxAXRiKQ&utm_campaign=yelp_api_v3&utm_medium=api_v3_business_lookup&utm_source=92p07_JjKyriZTQxAXRiKQ",
    "uuid": "4250"
}