{
    "categories": [
        {
            "alias": "travelservices",
            "title": "Travel Services"
        }
    ],
    "coordinates": {
        "latitude": -35.28022,
        "longitude": 149.1101227
    },
    "id": "telstra-tower-acton",
    "image_url": "https://s3-media4.fl.yelpcdn.com/bphoto/3-v8Alkn1fxAvcg3uFM_Vw/o.jpg",
    "is_claimed": false,
    "is_closed": false,
    "location": {
        "address1": "Black Mountain Drv",
        "address2": null,
        "address3": null,
        "city": "Acton",
        "country": "AU",
        "state": "ACT",
        "zip_code": "2601"
    },
    "name": "Telstra Tower",
    "phone": "+61262481911",
    "photos": [
        "https://s3-media1.fl.yelpcdn.com/bphoto/3-v8Alkn1fxAvcg3uFM_Vw/o.jpg",
        "https://s3-media1.fl.yelpcdn.com/bphoto/ft7EXk8UPk-4EfhZtT_7Nw/o.jpg",
        "https://s3-media2.fl.yelpcdn.com/bphoto/hSrIylCCB6CDCBDI6bYeKw/o.jpg"
    ],
    "rating": 2.5,
    "review_count": 3,
    "term": "hotels",
    "url": "https://www.yelp.com/biz/telstra-tower-acton?adjust_creative=92p07_JjKyriZTQxAXRiKQ&utm_campaign=yelp_api_v3&utm_medium=api_v3_business_lookup&utm_source=92p07_JjKyriZTQxAXRiKQ",
    "uuid": "11321"
}