{
    "categories": [
        {
            "alias": "cafes",
            "title": "Cafes"
        }
    ],
    "coordinates": {
        "latitude": -35.2895508,
        "longitude": 149.1540985
    },
    "id": "hello-cafe-campbell",
    "image_url": "https://s3-media4.fl.yelpcdn.com/bphoto/GvPW144YfM5W5Xa7WfzoRA/o.jpg",
    "is_claimed": false,
    "is_closed": false,
    "location": {
        "address1": "Shp1/ 14-20 Blamey Pl",
        "address2": null,
        "address3": null,
        "city": "Campbell",
        "country": "AU",
        "state": "ACT",
        "zip_code": "2612"
    },
    "name": "Hello Cafe",
    "phone": "+61261624356",
    "photos": [
        "https://s3-media4.fl.yelpcdn.com/bphoto/GvPW144YfM5W5Xa7WfzoRA/o.jpg",
        "https://s3-media2.fl.yelpcdn.com/bphoto/VINKTrYrahicyp7mZjpexA/o.jpg"
    ],
    "price": "$$",
    "rating": 0.0,
    "review_count": 0,
    "term": "restaurants",
    "url": "https://www.yelp.com/biz/hello-cafe-campbell?adjust_creative=92p07_JjKyriZTQxAXRiKQ&utm_campaign=yelp_api_v3&utm_medium=api_v3_business_lookup&utm_source=92p07_JjKyriZTQxAXRiKQ",
    "uuid": "5013"
}