{
    "categories": [
        {
            "alias": "australian",
            "title": "Australian"
        }
    ],
    "coordinates": {
        "latitude": -35.2894888975059,
        "longitude": 149.153774752267
    },
    "id": "lanterne-rooms-campbell",
    "image_url": "https://s3-media1.fl.yelpcdn.com/bphoto/U7xyVGQz6uLsypoYilad-A/o.jpg",
    "is_claimed": false,
    "is_closed": false,
    "location": {
        "address1": "3 Blamey Pl",
        "address2": null,
        "address3": null,
        "city": "Campbell",
        "country": "AU",
        "state": "ACT",
        "zip_code": "2612"
    },
    "name": "Lanterne Rooms",
    "phone": "+61262496889",
    "photos": [
        "https://s3-media2.fl.yelpcdn.com/bphoto/U7xyVGQz6uLsypoYilad-A/o.jpg",
        "https://s3-media2.fl.yelpcdn.com/bphoto/J59iAJSg9HLVf9YZlHs3VQ/o.jpg",
        "https://s3-media1.fl.yelpcdn.com/bphoto/to6dF564kmNZI5B5mIoWQw/o.jpg"
    ],
    "price": "$$$",
    "rating": 5.0,
    "review_count": 1,
    "term": "restaurants",
    "url": "https://www.yelp.com/biz/lanterne-rooms-campbell?adjust_creative=92p07_JjKyriZTQxAXRiKQ&utm_campaign=yelp_api_v3&utm_medium=api_v3_business_lookup&utm_source=92p07_JjKyriZTQxAXRiKQ",
    "uuid": "6484"
}