{
    "categories": [
        {
            "alias": "thai",
            "title": "Thai"
        }
    ],
    "coordinates": {
        "latitude": -35.1994509791318,
        "longitude": 149.149997589005
    },
    "hours": [
        {
            "hours_type": "REGULAR",
            "is_open_now": true,
            "open": [
                {
                    "day": 0,
                    "end": "2200",
                    "is_overnight": false,
                    "start": "1200"
                },
                {
                    "day": 1,
                    "end": "2200",
                    "is_overnight": false,
                    "start": "1200"
                },
                {
                    "day": 2,
                    "end": "2200",
                    "is_overnight": false,
                    "start": "1200"
                },
                {
                    "day": 3,
                    "end": "2200",
                    "is_overnight": false,
                    "start": "1200"
                },
                {
                    "day": 4,
                    "end": "2200",
                    "is_overnight": false,
                    "start": "1200"
                },
                {
                    "day": 5,
                    "end": "2200",
                    "is_overnight": false,
                    "start": "1200"
                },
                {
                    "day": 6,
                    "end": "2200",
                    "is_overnight": false,
                    "start": "1200"
                }
            ]
        }
    ],
    "id": "thai-herb-restaurant-harrison-2",
    "image_url": "",
    "is_claimed": false,
    "is_closed": false,
    "location": {
        "address1": "94/11 Wimmera St",
        "address2": "",
        "address3": "",
        "city": "Harrison",
        "country": "AU",
        "state": "ACT",
        "zip_code": "2914"
    },
    "name": "Thai Herb Restaurant",
    "phone": "+61262557070",
    "photos": [],
    "rating": 4.0,
    "review_count": 6,
    "term": "restaurants",
    "url": "https://www.yelp.com/biz/thai-herb-restaurant-harrison-2?adjust_creative=92p07_JjKyriZTQxAXRiKQ&utm_campaign=yelp_api_v3&utm_medium=api_v3_business_lookup&utm_source=92p07_JjKyriZTQxAXRiKQ",
    "uuid": "11383"
}