{
    "categories": [
        {
            "alias": "italian",
            "title": "Italian"
        }
    ],
    "coordinates": {
        "latitude": -35.278742,
        "longitude": 149.127912
    },
    "id": "mamas-trattoria-city-2",
    "image_url": "https://s3-media3.fl.yelpcdn.com/bphoto/sO2zWOmXpnIMGxAiJS9b7A/o.jpg",
    "is_claimed": false,
    "is_closed": false,
    "location": {
        "address1": "Shop 4, Melbourne Building",
        "address2": "45 West Row",
        "address3": null,
        "city": "City",
        "country": "AU",
        "state": "ACT",
        "zip_code": "2601"
    },
    "name": "Mama's Trattoria",
    "phone": "+61262480936",
    "photos": [
        "https://s3-media3.fl.yelpcdn.com/bphoto/sO2zWOmXpnIMGxAiJS9b7A/o.jpg"
    ],
    "rating": 0.0,
    "review_count": 0,
    "term": "restaurants",
    "url": "https://www.yelp.com/biz/mamas-trattoria-city-2?adjust_creative=92p07_JjKyriZTQxAXRiKQ&utm_campaign=yelp_api_v3&utm_medium=api_v3_business_lookup&utm_source=92p07_JjKyriZTQxAXRiKQ",
    "uuid": "7141"
}