{
    "categories": [
        {
            "alias": "bedbreakfast",
            "title": "Bed & Breakfast"
        },
        {
            "alias": "hotels",
            "title": "Hotels"
        }
    ],
    "coordinates": {
        "latitude": -35.2452393,
        "longitude": 149.1349945
    },
    "id": "blue-and-white-and-canberran-lodges-downer",
    "image_url": "https://s3-media1.fl.yelpcdn.com/bphoto/9cCUBXs_LYzTtOXUiAfPJg/o.jpg",
    "is_claimed": false,
    "is_closed": false,
    "location": {
        "address1": "528 Northbourne Ave",
        "address2": null,
        "address3": null,
        "city": "Downer",
        "country": "AU",
        "state": "ACT",
        "zip_code": "2602"
    },
    "name": "Blue & White & Canberran Lodges",
    "phone": "+61262480498",
    "photos": [
        "https://s3-media1.fl.yelpcdn.com/bphoto/9cCUBXs_LYzTtOXUiAfPJg/o.jpg",
        "https://s3-media3.fl.yelpcdn.com/bphoto/RFNWxE47JZlTERPqcx5cig/o.jpg",
        "https://s3-media2.fl.yelpcdn.com/bphoto/CPQQ39bzfGjw0L6EKneE1g/o.jpg"
    ],
    "rating": 0.0,
    "review_count": 0,
    "term": "hotels",
    "url": "https://www.yelp.com/biz/blue-and-white-and-canberran-lodges-downer?adjust_creative=92p07_JjKyriZTQxAXRiKQ&utm_campaign=yelp_api_v3&utm_medium=api_v3_business_lookup&utm_source=92p07_JjKyriZTQxAXRiKQ",
    "uuid": "1438"
}