{
    "categories": [
        {
            "alias": "travelservices",
            "title": "Travel Services"
        }
    ],
    "coordinates": {
        "latitude": -35.2456589,
        "longitude": 149.1017303
    },
    "id": "australian-institute-of-sport-tours-bruce",
    "image_url": "",
    "is_claimed": false,
    "is_closed": false,
    "location": {
        "address1": "Leverrier St",
        "address2": null,
        "address3": null,
        "city": "Bruce",
        "country": "AU",
        "state": "ACT",
        "zip_code": "2617"
    },
    "name": "Australian Institute Of Sport - Tours",
    "phone": "+61262141010",
    "photos": [],
    "rating": 0.0,
    "review_count": 0,
    "term": "hotels",
    "url": "https://www.yelp.com/biz/australian-institute-of-sport-tours-bruce?adjust_creative=92p07_JjKyriZTQxAXRiKQ&utm_campaign=yelp_api_v3&utm_medium=api_v3_business_lookup&utm_source=92p07_JjKyriZTQxAXRiKQ",
    "uuid": "773"
}