{
    "categories": [
        {
            "alias": "hotels",
            "title": "Hotels"
        }
    ],
    "coordinates": {
        "latitude": -35.2389107,
        "longitude": 149.0970459
    },
    "id": "motel-links-cheap-accommodation-canberra-bruce",
    "image_url": "",
    "is_claimed": false,
    "is_closed": false,
    "location": {
        "address1": "8/ 1-5 Goldman St",
        "address2": null,
        "address3": null,
        "city": "Bruce",
        "country": "AU",
        "state": "ACT",
        "zip_code": "2617"
    },
    "name": "Motel Links - Cheap Accommodation Canberra",
    "phone": "",
    "photos": [],
    "rating": 0.0,
    "review_count": 0,
    "term": "hotels",
    "url": "https://www.yelp.com/biz/motel-links-cheap-accommodation-canberra-bruce?adjust_creative=92p07_JjKyriZTQxAXRiKQ&utm_campaign=yelp_api_v3&utm_medium=api_v3_business_lookup&utm_source=92p07_JjKyriZTQxAXRiKQ",
    "uuid": "7720"
}