{
    "categories": [
        {
            "alias": "limos",
            "title": "Limos"
        },
        {
            "alias": "airport_shuttles",
            "title": "Airport Shuttles"
        }
    ],
    "coordinates": {
        "latitude": -35.23945,
        "longitude": 149.06345
    },
    "id": "crowne-chauffeurs-canberra-belconnen",
    "image_url": "",
    "is_claimed": false,
    "is_closed": false,
    "location": {
        "address1": "",
        "address2": null,
        "address3": null,
        "city": "Belconnen",
        "country": "AU",
        "state": "ACT",
        "zip_code": "2617"
    },
    "name": "Crowne Chauffeurs Canberra",
    "phone": "+61262392227",
    "photos": [],
    "rating": 0.0,
    "review_count": 0,
    "term": "hotels",
    "url": "https://www.yelp.com/biz/crowne-chauffeurs-canberra-belconnen?adjust_creative=92p07_JjKyriZTQxAXRiKQ&utm_campaign=yelp_api_v3&utm_medium=api_v3_business_lookup&utm_source=92p07_JjKyriZTQxAXRiKQ",
    "uuid": "2992"
}