{
    "categories": [
        {
            "alias": "travelservices",
            "title": "Travel Services"
        }
    ],
    "coordinates": {
        "latitude": -35.2394485,
        "longitude": 149.063446
    },
    "id": "harvey-world-travel-belconnen",
    "image_url": "https://s3-media3.fl.yelpcdn.com/bphoto/xS59sCk-Yz7JplfjkcVphg/o.jpg",
    "is_claimed": false,
    "is_closed": false,
    "location": {
        "address1": "Westfield Shopping Town",
        "address2": null,
        "address3": null,
        "city": "Belconnen",
        "country": "AU",
        "state": "ACT",
        "zip_code": "2617"
    },
    "name": "Harvey World Travel",
    "phone": "+61262531600",
    "photos": [
        "https://s3-media1.fl.yelpcdn.com/bphoto/xS59sCk-Yz7JplfjkcVphg/o.jpg"
    ],
    "rating": 0.0,
    "review_count": 0,
    "term": "hotels",
    "url": "https://www.yelp.com/biz/harvey-world-travel-belconnen?adjust_creative=92p07_JjKyriZTQxAXRiKQ&utm_campaign=yelp_api_v3&utm_medium=api_v3_business_lookup&utm_source=92p07_JjKyriZTQxAXRiKQ",
    "uuid": "4947"
}