{
    "categories": [
        {
            "alias": "travelagents",
            "title": "Travel Agents"
        }
    ],
    "coordinates": {
        "latitude": -35.2394485,
        "longitude": 149.063446
    },
    "id": "sta-travel-belconnen",
    "image_url": "",
    "is_claimed": false,
    "is_closed": false,
    "location": {
        "address1": "Westfield Shopping Mall",
        "address2": null,
        "address3": null,
        "city": "Belconnen",
        "country": "AU",
        "state": "ACT",
        "zip_code": "2616"
    },
    "name": "Sta Travel",
    "phone": "+61262514688",
    "photos": [],
    "rating": 0.0,
    "review_count": 0,
    "term": "hotels",
    "url": "https://www.yelp.com/biz/sta-travel-belconnen?adjust_creative=92p07_JjKyriZTQxAXRiKQ&utm_campaign=yelp_api_v3&utm_medium=api_v3_business_lookup&utm_source=92p07_JjKyriZTQxAXRiKQ",
    "uuid": "10765"
}