{
    "categories": [
        {
            "alias": "hotelstravel",
            "title": "Hotels & Travel"
        }
    ],
    "coordinates": {
        "latitude": -35.2573509,
        "longitude": 149.1069794
    },
    "id": "canberra-motor-village-o-connor",
    "image_url": "https://s3-media3.fl.yelpcdn.com/bphoto/Jo6cPk4dFAA0YfWrkapl4Q/o.jpg",
    "is_claimed": false,
    "is_closed": false,
    "location": {
        "address1": "Kunzea St",
        "address2": null,
        "address3": null,
        "city": "O'connor",
        "country": "AU",
        "state": "ACT",
        "zip_code": "2602"
    },
    "name": "Canberra Motor Village",
    "phone": "+61262475466",
    "photos": [
        "https://s3-media3.fl.yelpcdn.com/bphoto/Jo6cPk4dFAA0YfWrkapl4Q/o.jpg",
        "https://s3-media1.fl.yelpcdn.com/bphoto/5Vir8OadrJUZCHsOYsTUZQ/o.jpg",
        "https://s3-media2.fl.yelpcdn.com/bphoto/BTESsRPpf0PkahGLDt_54w/o.jpg"
    ],
    "rating": 0.0,
    "review_count": 0,
    "term": "hotels",
    "url": "https://www.yelp.com/biz/canberra-motor-village-o-connor?adjust_creative=92p07_JjKyriZTQxAXRiKQ&utm_campaign=yelp_api_v3&utm_medium=api_v3_business_lookup&utm_source=92p07_JjKyriZTQxAXRiKQ",
    "uuid": "2070"
}