{
    "categories": [
        {
            "alias": "bedbreakfast",
            "title": "Bed & Breakfast"
        }
    ],
    "coordinates": {
        "latitude": -35.2541809,
        "longitude": 149.1165771
    },
    "id": "studio-q-o-connor",
    "image_url": "",
    "is_claimed": false,
    "is_closed": false,
    "location": {
        "address1": "5 Boronia Drv",
        "address2": null,
        "address3": null,
        "city": "O'connor",
        "country": "AU",
        "state": "ACT",
        "zip_code": "2602"
    },
    "name": "Studio Q",
    "phone": "+61262470707",
    "photos": [],
    "rating": 0.0,
    "review_count": 0,
    "term": "hotels",
    "url": "https://www.yelp.com/biz/studio-q-o-connor?adjust_creative=92p07_JjKyriZTQxAXRiKQ&utm_campaign=yelp_api_v3&utm_medium=api_v3_business_lookup&utm_source=92p07_JjKyriZTQxAXRiKQ",
    "uuid": "10911"
}