{
    "categories": [],
    "coordinates": {
        "latitude": -35.1856613,
        "longitude": 149.1479492
    },
    "id": "abode-the-apartment-hotel-gungahlin",
    "image_url": "",
    "is_claimed": false,
    "is_closed": false,
    "location": {
        "address1": "Anthony Rolfe Ave",
        "address2": null,
        "address3": null,
        "city": "Gungahlin",
        "country": "AU",
        "state": "ACT",
        "zip_code": "2912"
    },
    "name": "Abode The Apartment Hotel",
    "phone": "+611300122633",
    "photos": [],
    "rating": 0.0,
    "review_count": 0,
    "term": "hotels",
    "url": "https://www.yelp.com/biz/abode-the-apartment-hotel-gungahlin?adjust_creative=92p07_JjKyriZTQxAXRiKQ&utm_campaign=yelp_api_v3&utm_medium=api_v3_business_lookup&utm_source=92p07_JjKyriZTQxAXRiKQ",
    "uuid": "157"
}