{
    "categories": [
        {
            "alias": "pizza",
            "title": "Pizza"
        },
        {
            "alias": "italian",
            "title": "Italian"
        }
    ],
    "coordinates": {
        "latitude": -35.2520274,
        "longitude": 149.0726099
    },
    "hours": [
        {
            "hours_type": "REGULAR",
            "is_open_now": false,
            "open": [
                {
                    "day": 0,
                    "end": "2100",
                    "is_overnight": false,
                    "start": "1730"
                },
                {
                    "day": 1,
                    "end": "2100",
                    "is_overnight": false,
                    "start": "1730"
                },
                {
                    "day": 3,
                    "end": "2100",
                    "is_overnight": false,
                    "start": "1730"
                },
                {
                    "day": 4,
                    "end": "2100",
                    "is_overnight": false,
                    "start": "1730"
                },
                {
                    "day": 5,
                    "end": "2100",
                    "is_overnight": false,
                    "start": "1700"
                },
                {
                    "day": 6,
                    "end": "2100",
                    "is_overnight": false,
                    "start": "1700"
                }
            ]
        }
    ],
    "id": "pizza-artigiana-macquarie",
    "image_url": "https://s3-media4.fl.yelpcdn.com/bphoto/uh12YjwrbrxWfrz0DvtJww/o.jpg",
    "is_claimed": true,
    "is_closed": false,
    "location": {
        "address1": "2/39-47 Bowman St",
        "address2": null,
        "address3": "",
        "city": "Macquarie",
        "country": "AU",
        "state": "ACT",
        "zip_code": "2614"
    },
    "name": "Pizza Artigiana",
    "phone": "+61262513315",
    "photos": [
        "https://s3-media1.fl.yelpcdn.com/bphoto/uh12YjwrbrxWfrz0DvtJww/o.jpg",
        "https://s3-media2.fl.yelpcdn.com/bphoto/5WTQ4lT_h2a95HjgLQuNVA/o.jpg",
        "https://s3-media4.fl.yelpcdn.com/bphoto/UWxR3Fp7uBZKPpBSXU2qDw/o.jpg"
    ],
    "price": "$$",
    "rating": 5.0,
    "review_count": 1,
    "term": "restaurants",
    "url": "https://www.yelp.com/biz/pizza-artigiana-macquarie?adjust_creative=92p07_JjKyriZTQxAXRiKQ&utm_campaign=yelp_api_v3&utm_medium=api_v3_business_lookup&utm_source=92p07_JjKyriZTQxAXRiKQ",
    "uuid": "9006"
}