{
    "categories": [
        {
            "alias": "cafes",
            "title": "Cafes"
        },
        {
            "alias": "coffee",
            "title": "Coffee & Tea"
        }
    ],
    "coordinates": {
        "latitude": -35.25217,
        "longitude": 149.07102
    },
    "hours": [
        {
            "hours_type": "REGULAR",
            "is_open_now": false,
            "open": [
                {
                    "day": 0,
                    "end": "1730",
                    "is_overnight": false,
                    "start": "0730"
                },
                {
                    "day": 1,
                    "end": "1730",
                    "is_overnight": false,
                    "start": "0730"
                },
                {
                    "day": 2,
                    "end": "1730",
                    "is_overnight": false,
                    "start": "0730"
                },
                {
                    "day": 3,
                    "end": "1730",
                    "is_overnight": false,
                    "start": "0730"
                },
                {
                    "day": 4,
                    "end": "1730",
                    "is_overnight": false,
                    "start": "0730"
                },
                {
                    "day": 5,
                    "end": "1600",
                    "is_overnight": false,
                    "start": "0730"
                },
                {
                    "day": 6,
                    "end": "1600",
                    "is_overnight": false,
                    "start": "0730"
                }
            ]
        }
    ],
    "id": "ricardos-cafe-macquarie",
    "image_url": "https://s3-media1.fl.yelpcdn.com/bphoto/om62AuNceGcxnpWEcQei_g/o.jpg",
    "is_claimed": false,
    "is_closed": false,
    "location": {
        "address1": "Jamison Plaza",
        "address2": "Bowman St",
        "address3": null,
        "city": "Macquarie",
        "country": "AU",
        "state": "ACT",
        "zip_code": "2614"
    },
    "name": "Ricardo's Cafe",
    "phone": "+61262512666",
    "photos": [
        "https://s3-media3.fl.yelpcdn.com/bphoto/om62AuNceGcxnpWEcQei_g/o.jpg",
        "https://s3-media1.fl.yelpcdn.com/bphoto/SSrTEqf0HTZsAwFicJdbnA/o.jpg",
        "https://s3-media4.fl.yelpcdn.com/bphoto/7u2Yze7e86_dytTOm1AMcw/o.jpg"
    ],
    "price": "$$",
    "rating": 4.0,
    "review_count": 10,
    "term": "restaurants",
    "url": "https://www.yelp.com/biz/ricardos-cafe-macquarie?adjust_creative=92p07_JjKyriZTQxAXRiKQ&utm_campaign=yelp_api_v3&utm_medium=api_v3_business_lookup&utm_source=92p07_JjKyriZTQxAXRiKQ",
    "uuid": "9581"
}