{
    "categories": [
        {
            "alias": "hotdogs",
            "title": "Fast Food"
        }
    ],
    "coordinates": {
        "latitude": -35.2433891,
        "longitude": 149.0432739
    },
    "id": "cookery-nook-food-bar-hawker",
    "image_url": "https://s3-media4.fl.yelpcdn.com/bphoto/bWd4Jgy-RCeAhje-2NVktg/o.jpg",
    "is_claimed": false,
    "is_closed": false,
    "location": {
        "address1": "78 Hawker Pl",
        "address2": null,
        "address3": null,
        "city": "Hawker",
        "country": "AU",
        "state": "ACT",
        "zip_code": "2614"
    },
    "name": "Cookery Nook Food Bar",
    "phone": "+61262548278",
    "photos": [
        "https://s3-media2.fl.yelpcdn.com/bphoto/bWd4Jgy-RCeAhje-2NVktg/o.jpg",
        "https://s3-media3.fl.yelpcdn.com/bphoto/LOFV8dPMD3O6Z1nM2aoSPg/o.jpg"
    ],
    "rating": 4.5,
    "review_count": 2,
    "term": "restaurants",
    "url": "https://www.yelp.com/biz/cookery-nook-food-bar-hawker?adjust_creative=92p07_JjKyriZTQxAXRiKQ&utm_campaign=yelp_api_v3&utm_medium=api_v3_business_lookup&utm_source=92p07_JjKyriZTQxAXRiKQ",
    "uuid": "2813"
}