{
    "categories": [
        {
            "alias": "restaurants",
            "title": "Restaurants"
        }
    ],
    "coordinates": {
        "latitude": -35.2431297,
        "longitude": 149.0444489
    },
    "id": "rocksalt-hawker",
    "image_url": "",
    "is_claimed": false,
    "is_closed": false,
    "location": {
        "address1": "Hawker Shopng Cntr",
        "address2": null,
        "address3": null,
        "city": "Hawker",
        "country": "AU",
        "state": "ACT",
        "zip_code": "2614"
    },
    "name": "Rocksalt",
    "phone": "+61262547865",
    "photos": [],
    "rating": 5.0,
    "review_count": 1,
    "term": "restaurants",
    "url": "https://www.yelp.com/biz/rocksalt-hawker?adjust_creative=92p07_JjKyriZTQxAXRiKQ&utm_campaign=yelp_api_v3&utm_medium=api_v3_business_lookup&utm_source=92p07_JjKyriZTQxAXRiKQ",
    "uuid": "9692"
}