{
    "categories": [
        {
            "alias": "travelservices",
            "title": "Travel Services"
        }
    ],
    "coordinates": {
        "latitude": -35.1697998,
        "longitude": 149.3322144
    },
    "id": "bywong-town-bywong",
    "image_url": "",
    "is_claimed": false,
    "is_closed": false,
    "location": {
        "address1": "35 Bywong Town Rd",
        "address2": null,
        "address3": null,
        "city": "Bywong",
        "country": "AU",
        "state": "ACT",
        "zip_code": "2621"
    },
    "name": "Bywong Town",
    "phone": "+61262369183",
    "photos": [],
    "rating": 0.0,
    "review_count": 0,
    "term": "hotels",
    "url": "https://www.yelp.com/biz/bywong-town-bywong?adjust_creative=92p07_JjKyriZTQxAXRiKQ&utm_campaign=yelp_api_v3&utm_medium=api_v3_business_lookup&utm_source=92p07_JjKyriZTQxAXRiKQ",
    "uuid": "1886"
}