{
    "categories": [
        {
            "alias": "hotdogs",
            "title": "Fast Food"
        }
    ],
    "coordinates": {
        "latitude": -35.3332901,
        "longitude": 149.0939026
    },
    "id": "hughes-takeaway-hughes",
    "image_url": "https://s3-media1.fl.yelpcdn.com/bphoto/2N7hlXwRcN7HI5DkeT-BXg/o.jpg",
    "is_claimed": false,
    "is_closed": false,
    "location": {
        "address1": "38 Hughes Pl",
        "address2": null,
        "address3": null,
        "city": "Hughes",
        "country": "AU",
        "state": "ACT",
        "zip_code": "2605"
    },
    "name": "Hughes Takeaway",
    "phone": "+61262813586",
    "photos": [
        "https://s3-media3.fl.yelpcdn.com/bphoto/2N7hlXwRcN7HI5DkeT-BXg/o.jpg"
    ],
    "rating": 4.0,
    "review_count": 1,
    "term": "restaurants",
    "url": "https://www.yelp.com/biz/hughes-takeaway-hughes?adjust_creative=92p07_JjKyriZTQxAXRiKQ&utm_campaign=yelp_api_v3&utm_medium=api_v3_business_lookup&utm_source=92p07_JjKyriZTQxAXRiKQ",
    "uuid": "5436"
}