{
    "categories": [
        {
            "alias": "limos",
            "title": "Limos"
        },
        {
            "alias": "carrental",
            "title": "Car Rental"
        }
    ],
    "coordinates": {
        "latitude": -35.17928,
        "longitude": 149.12238
    },
    "id": "first-class-chauffeured-cars-ngunnawal-2",
    "image_url": "https://s3-media3.fl.yelpcdn.com/bphoto/uIng3T5xpUpnLPKGcKgUew/o.jpg",
    "is_claimed": false,
    "is_closed": false,
    "location": {
        "address1": "127 Paul Coe Cres",
        "address2": null,
        "address3": null,
        "city": "Ngunnawal",
        "country": "AU",
        "state": "ACT",
        "zip_code": "2913"
    },
    "name": "First Class Chauffeured Cars",
    "phone": "+61262425958",
    "photos": [
        "https://s3-media2.fl.yelpcdn.com/bphoto/uIng3T5xpUpnLPKGcKgUew/o.jpg",
        "https://s3-media1.fl.yelpcdn.com/bphoto/cz1pIDQpQBuVb5XNuzYcJA/o.jpg",
        "https://s3-media4.fl.yelpcdn.com/bphoto/sN3uBxrPrvQvhP7TfvlLNg/o.jpg"
    ],
    "rating": 0.0,
    "review_count": 0,
    "term": "hotels",
    "url": "https://www.yelp.com/biz/first-class-chauffeured-cars-ngunnawal-2?adjust_creative=92p07_JjKyriZTQxAXRiKQ&utm_campaign=yelp_api_v3&utm_medium=api_v3_business_lookup&utm_source=92p07_JjKyriZTQxAXRiKQ",
    "uuid": "4010"
}