{
    "categories": [
        {
            "alias": "hotels",
            "title": "Hotels"
        }
    ],
    "coordinates": {
        "latitude": -35.24263,
        "longitude": 149.0455933
    },
    "id": "belconnen-way-motel-and-serviced-apartments-hawker-2",
    "image_url": "https://s3-media4.fl.yelpcdn.com/bphoto/0jKR59LenG-vVBDHZ_PYhg/o.jpg",
    "is_claimed": false,
    "is_closed": false,
    "location": {
        "address1": "Cnr Belconnen Way & Springvale Drv",
        "address2": null,
        "address3": null,
        "city": "Hawker",
        "country": "AU",
        "state": "ACT",
        "zip_code": "2614"
    },
    "name": "Belconnen Way Motel & Serviced Apartments",
    "phone": "+61262542222",
    "photos": [
        "https://s3-media3.fl.yelpcdn.com/bphoto/0jKR59LenG-vVBDHZ_PYhg/o.jpg",
        "https://s3-media1.fl.yelpcdn.com/bphoto/NEOhL3z8W5uW1ICxhVNGSQ/o.jpg",
        "https://s3-media3.fl.yelpcdn.com/bphoto/SBUMRttAUOwoB_9tK9ERNw/o.jpg"
    ],
    "rating": 3.0,
    "review_count": 1,
    "term": "hotels",
    "url": "https://www.yelp.com/biz/belconnen-way-motel-and-serviced-apartments-hawker-2?adjust_creative=92p07_JjKyriZTQxAXRiKQ&utm_campaign=yelp_api_v3&utm_medium=api_v3_business_lookup&utm_source=92p07_JjKyriZTQxAXRiKQ",
    "uuid": "1137"
}