{
    "categories": [
        {
            "alias": "airports",
            "title": "Airports"
        }
    ],
    "coordinates": {
        "latitude": -35.3075991131443,
        "longitude": 149.190149265082
    },
    "id": "canberra-international-airport-cbr-majura",
    "image_url": "https://s3-media3.fl.yelpcdn.com/bphoto/joBZgdL_Z1nYSEUP_8cV9w/o.jpg",
    "is_claimed": true,
    "is_closed": false,
    "location": {
        "address1": "Brindabella Business Park",
        "address2": "2 Brindabella Circuit",
        "address3": "",
        "city": "Majura",
        "country": "AU",
        "state": "ACT",
        "zip_code": "2609"
    },
    "name": "Canberra International Airport - CBR",
    "phone": "+61262752222",
    "photos": [
        "https://s3-media3.fl.yelpcdn.com/bphoto/joBZgdL_Z1nYSEUP_8cV9w/o.jpg",
        "https://s3-media3.fl.yelpcdn.com/bphoto/dahJBRW8UUthGhYsCJiiOw/o.jpg",
        "https://s3-media2.fl.yelpcdn.com/bphoto/xl-py8jA8q-QM9W04P191w/o.jpg"
    ],
    "rating": 3.5,
    "review_count": 12,
    "term": "hotels",
    "url": "https://www.yelp.com/biz/canberra-international-airport-cbr-majura?adjust_creative=92p07_JjKyriZTQxAXRiKQ&utm_campaign=yelp_api_v3&utm_medium=api_v3_business_lookup&utm_source=92p07_JjKyriZTQxAXRiKQ",
    "uuid": "2067"
}