{
    "categories": [
        {
            "alias": "turkish",
            "title": "Turkish"
        }
    ],
    "coordinates": {
        "latitude": -35.2513885,
        "longitude": 149.1360321
    },
    "id": "alaras-turkish-pide-kebab-house-dickson",
    "image_url": "https://s3-media3.fl.yelpcdn.com/bphoto/Zua4mTopY47piHY4njbItA/o.jpg",
    "is_claimed": false,
    "is_closed": false,
    "location": {
        "address1": "Ste 74",
        "address2": "2 Cape St",
        "address3": "",
        "city": "Dickson",
        "country": "AU",
        "state": "ACT",
        "zip_code": "2602"
    },
    "name": "Alara's Turkish Pide Kebab House",
    "phone": "+61261564441",
    "photos": [
        "https://s3-media1.fl.yelpcdn.com/bphoto/Zua4mTopY47piHY4njbItA/o.jpg"
    ],
    "rating": 3.5,
    "review_count": 3,
    "term": "restaurants",
    "url": "https://www.yelp.com/biz/alaras-turkish-pide-kebab-house-dickson?adjust_creative=92p07_JjKyriZTQxAXRiKQ&utm_campaign=yelp_api_v3&utm_medium=api_v3_business_lookup&utm_source=92p07_JjKyriZTQxAXRiKQ",
    "uuid": "316"
}