{
    "categories": [
        {
            "alias": "vegan",
            "title": "Vegan"
        }
    ],
    "coordinates": {
        "latitude": -35.2500305,
        "longitude": 149.1364746
    },
    "id": "au-lac-gourmet-vegetarian-restaurant-dickson",
    "image_url": "https://s3-media4.fl.yelpcdn.com/bphoto/6vPvlNB4irVj6zg-C_GgaQ/o.jpg",
    "is_claimed": false,
    "is_closed": false,
    "location": {
        "address1": "Shop 4",
        "address2": "39 Woolley St",
        "address3": null,
        "city": "Dickson",
        "country": "AU",
        "state": "ACT",
        "zip_code": "2602"
    },
    "name": "Au Lac Gourmet Vegetarian Restaurant",
    "phone": "+61262628922",
    "photos": [
        "https://s3-media1.fl.yelpcdn.com/bphoto/6vPvlNB4irVj6zg-C_GgaQ/o.jpg",
        "https://s3-media1.fl.yelpcdn.com/bphoto/t2yj6wKA17nm2HvFH0_HDw/o.jpg",
        "https://s3-media4.fl.yelpcdn.com/bphoto/44NeE_OvI4HHH9Fk44G1Ng/o.jpg"
    ],
    "price": "$",
    "rating": 4.5,
    "review_count": 5,
    "term": "restaurants",
    "url": "https://www.yelp.com/biz/au-lac-gourmet-vegetarian-restaurant-dickson?adjust_creative=92p07_JjKyriZTQxAXRiKQ&utm_campaign=yelp_api_v3&utm_medium=api_v3_business_lookup&utm_source=92p07_JjKyriZTQxAXRiKQ",
    "uuid": "734"
}