{
    "categories": [
        {
            "alias": "restaurants",
            "title": "Restaurants"
        }
    ],
    "coordinates": {
        "latitude": -35.2511482,
        "longitude": 149.1352844
    },
    "id": "bollywood-masala-dickson",
    "image_url": "https://s3-media3.fl.yelpcdn.com/bphoto/MN7ibtJw6ErbhR1eSlyPPQ/o.jpg",
    "is_claimed": false,
    "is_closed": false,
    "location": {
        "address1": "Cnr of Cape and Challis Sts",
        "address2": null,
        "address3": null,
        "city": "Dickson",
        "country": "AU",
        "state": "ACT",
        "zip_code": "2602"
    },
    "name": "Bollywood Masala",
    "phone": "+61262577333",
    "photos": [
        "https://s3-media4.fl.yelpcdn.com/bphoto/MN7ibtJw6ErbhR1eSlyPPQ/o.jpg",
        "https://s3-media2.fl.yelpcdn.com/bphoto/MU1I_9sHxDsr-o3r-8t_gQ/o.jpg",
        "https://s3-media4.fl.yelpcdn.com/bphoto/pk3eDhWkPt2RDgrCUHZKRw/o.jpg"
    ],
    "rating": 4.0,
    "review_count": 1,
    "term": "restaurants",
    "url": "https://www.yelp.com/biz/bollywood-masala-dickson?adjust_creative=92p07_JjKyriZTQxAXRiKQ&utm_campaign=yelp_api_v3&utm_medium=api_v3_business_lookup&utm_source=92p07_JjKyriZTQxAXRiKQ",
    "uuid": "1513"
}