{
    "categories": [
        {
            "alias": "japanese",
            "title": "Japanese"
        }
    ],
    "coordinates": {
        "latitude": -35.2507896,
        "longitude": 149.1364136
    },
    "hours": [
        {
            "hours_type": "REGULAR",
            "is_open_now": false,
            "open": [
                {
                    "day": 0,
                    "end": "1500",
                    "is_overnight": false,
                    "start": "1130"
                },
                {
                    "day": 0,
                    "end": "2300",
                    "is_overnight": false,
                    "start": "1700"
                },
                {
                    "day": 1,
                    "end": "1500",
                    "is_overnight": false,
                    "start": "1130"
                },
                {
                    "day": 1,
                    "end": "2300",
                    "is_overnight": false,
                    "start": "1700"
                },
                {
                    "day": 2,
                    "end": "1500",
                    "is_overnight": false,
                    "start": "1130"
                },
                {
                    "day": 2,
                    "end": "2300",
                    "is_overnight": false,
                    "start": "1700"
                },
                {
                    "day": 3,
                    "end": "1500",
                    "is_overnight": false,
                    "start": "1130"
                },
                {
                    "day": 3,
                    "end": "2300",
                    "is_overnight": false,
                    "start": "1700"
                },
                {
                    "day": 4,
                    "end": "1500",
                    "is_overnight": false,
                    "start": "1130"
                },
                {
                    "day": 4,
                    "end": "2300",
                    "is_overnight": false,
                    "start": "1700"
                },
                {
                    "day": 5,
                    "end": "1500",
                    "is_overnight": false,
                    "start": "1130"
                },
                {
                    "day": 5,
                    "end": "2300",
                    "is_overnight": false,
                    "start": "1700"
                },
                {
                    "day": 6,
                    "end": "1500",
                    "is_overnight": false,
                    "start": "1130"
                },
                {
                    "day": 6,
                    "end": "2300",
                    "is_overnight": false,
                    "start": "1700"
                }
            ]
        }
    ],
    "id": "bon-kura-dickson",
    "image_url": "https://s3-media2.fl.yelpcdn.com/bphoto/1G3slk0lpRe8N7B44Lcp0w/o.jpg",
    "is_claimed": false,
    "is_closed": false,
    "location": {
        "address1": "13 Woolley St",
        "address2": "",
        "address3": "",
        "city": "Dickson",
        "country": "AU",
        "state": "ACT",
        "zip_code": "2602"
    },
    "name": "Bon Kura",
    "phone": "+61262626669",
    "photos": [
        "https://s3-media1.fl.yelpcdn.com/bphoto/1G3slk0lpRe8N7B44Lcp0w/o.jpg",
        "https://s3-media1.fl.yelpcdn.com/bphoto/fFfFDB17OBFVCKSazYW-cg/o.jpg",
        "https://s3-media3.fl.yelpcdn.com/bphoto/qlwtlDyMyjYP-Y6GGmc1ow/o.jpg"
    ],
    "price": "$$$",
    "rating": 4.0,
    "review_count": 1,
    "term": "restaurants",
    "url": "https://www.yelp.com/biz/bon-kura-dickson?adjust_creative=92p07_JjKyriZTQxAXRiKQ&utm_campaign=yelp_api_v3&utm_medium=api_v3_business_lookup&utm_source=92p07_JjKyriZTQxAXRiKQ",
    "uuid": "1529"
}