{
    "categories": [
        {
            "alias": "noodles",
            "title": "Noodles"
        }
    ],
    "coordinates": {
        "latitude": -35.25033,
        "longitude": 149.13643
    },
    "hours": [
        {
            "hours_type": "REGULAR",
            "is_open_now": true,
            "open": [
                {
                    "day": 1,
                    "end": "2130",
                    "is_overnight": false,
                    "start": "1100"
                },
                {
                    "day": 2,
                    "end": "2130",
                    "is_overnight": false,
                    "start": "1100"
                },
                {
                    "day": 3,
                    "end": "2130",
                    "is_overnight": false,
                    "start": "1100"
                },
                {
                    "day": 4,
                    "end": "2130",
                    "is_overnight": false,
                    "start": "1100"
                },
                {
                    "day": 5,
                    "end": "2130",
                    "is_overnight": false,
                    "start": "1100"
                },
                {
                    "day": 6,
                    "end": "2130",
                    "is_overnight": false,
                    "start": "1100"
                }
            ]
        }
    ],
    "id": "dickson-asian-noodle-house-dickson",
    "image_url": "https://s3-media2.fl.yelpcdn.com/bphoto/Jbe1PE5AX50TdIDVpDo00A/o.jpg",
    "is_claimed": false,
    "is_closed": false,
    "location": {
        "address1": "29 Woolley St",
        "address2": null,
        "address3": null,
        "city": "Dickson",
        "country": "AU",
        "state": "ACT",
        "zip_code": "2602"
    },
    "name": "Dickson Asian Noodle House",
    "phone": "+61262476380",
    "photos": [
        "https://s3-media1.fl.yelpcdn.com/bphoto/Jbe1PE5AX50TdIDVpDo00A/o.jpg",
        "https://s3-media4.fl.yelpcdn.com/bphoto/p8DjWYibfS7pDUeQCvszzA/o.jpg",
        "https://s3-media4.fl.yelpcdn.com/bphoto/IZ7MgFcirr3e1g7iW5piKg/o.jpg"
    ],
    "price": "$",
    "rating": 4.5,
    "review_count": 7,
    "term": "restaurants",
    "url": "https://www.yelp.com/biz/dickson-asian-noodle-house-dickson?adjust_creative=92p07_JjKyriZTQxAXRiKQ&utm_campaign=yelp_api_v3&utm_medium=api_v3_business_lookup&utm_source=92p07_JjKyriZTQxAXRiKQ",
    "uuid": "3266"
}