{
    "categories": [
        {
            "alias": "restaurants",
            "title": "Restaurants"
        }
    ],
    "coordinates": {
        "latitude": -35.2505302,
        "longitude": 149.1363983
    },
    "id": "hangari-kimchi-dickson",
    "image_url": "https://s3-media4.fl.yelpcdn.com/bphoto/vy3gi7lrpzjJkY31ncD5WQ/o.jpg",
    "is_claimed": false,
    "is_closed": false,
    "location": {
        "address1": "19 Woolley St",
        "address2": null,
        "address3": null,
        "city": "Dickson",
        "country": "AU",
        "state": "ACT",
        "zip_code": "2602"
    },
    "name": "Hangari Kimchi",
    "phone": "+61262487705",
    "photos": [
        "https://s3-media4.fl.yelpcdn.com/bphoto/vy3gi7lrpzjJkY31ncD5WQ/o.jpg"
    ],
    "rating": 4.0,
    "review_count": 1,
    "term": "restaurants",
    "url": "https://www.yelp.com/biz/hangari-kimchi-dickson?adjust_creative=92p07_JjKyriZTQxAXRiKQ&utm_campaign=yelp_api_v3&utm_medium=api_v3_business_lookup&utm_source=92p07_JjKyriZTQxAXRiKQ",
    "uuid": "4888"
}