{
    "categories": [
        {
            "alias": "noodles",
            "title": "Noodles"
        }
    ],
    "coordinates": {
        "latitude": -35.2483482,
        "longitude": 149.1373749
    },
    "id": "noodle-choice-dickson",
    "image_url": "",
    "is_claimed": false,
    "is_closed": false,
    "location": {
        "address1": "34 Antill St",
        "address2": "",
        "address3": "",
        "city": "Dickson",
        "country": "AU",
        "state": "ACT",
        "zip_code": "2602"
    },
    "name": "Noodle Choice",
    "phone": "+61262626887",
    "photos": [],
    "rating": 5.0,
    "review_count": 2,
    "term": "restaurants",
    "url": "https://www.yelp.com/biz/noodle-choice-dickson?adjust_creative=92p07_JjKyriZTQxAXRiKQ&utm_campaign=yelp_api_v3&utm_medium=api_v3_business_lookup&utm_source=92p07_JjKyriZTQxAXRiKQ",
    "uuid": "8134"
}