{
    "categories": [
        {
            "alias": "restaurants",
            "title": "Restaurants"
        }
    ],
    "coordinates": {
        "latitude": -35.2514381,
        "longitude": 149.1365509
    },
    "id": "pho-phu-quoc-vietnamese-restaurant-dickson-2",
    "image_url": "https://s3-media3.fl.yelpcdn.com/bphoto/1qw-lVmmPRRz7LNnlwOC1Q/o.jpg",
    "is_claimed": false,
    "is_closed": false,
    "location": {
        "address1": "4/ 6 Cape St",
        "address2": null,
        "address3": null,
        "city": "Dickson",
        "country": "AU",
        "state": "ACT",
        "zip_code": "2602"
    },
    "name": "Pho Phu Quoc Vietnamese Restaurant",
    "phone": "+61262496662",
    "photos": [
        "https://s3-media2.fl.yelpcdn.com/bphoto/1qw-lVmmPRRz7LNnlwOC1Q/o.jpg",
        "https://s3-media2.fl.yelpcdn.com/bphoto/be1R4ofYWG5jTI9uTRiTaQ/o.jpg",
        "https://s3-media3.fl.yelpcdn.com/bphoto/eZ_OTsw5xYuxhd_ZiN3oYw/o.jpg"
    ],
    "price": "$$",
    "rating": 3.5,
    "review_count": 4,
    "term": "restaurants",
    "url": "https://www.yelp.com/biz/pho-phu-quoc-vietnamese-restaurant-dickson-2?adjust_creative=92p07_JjKyriZTQxAXRiKQ&utm_campaign=yelp_api_v3&utm_medium=api_v3_business_lookup&utm_source=92p07_JjKyriZTQxAXRiKQ",
    "uuid": "8876"
}