{
    "categories": [
        {
            "alias": "greek",
            "title": "Greek"
        }
    ],
    "coordinates": {
        "latitude": -35.2497336095411,
        "longitude": 149.136579371284
    },
    "hours": [
        {
            "hours_type": "REGULAR",
            "is_open_now": false,
            "open": [
                {
                    "day": 1,
                    "end": "2200",
                    "is_overnight": false,
                    "start": "1800"
                },
                {
                    "day": 2,
                    "end": "2200",
                    "is_overnight": false,
                    "start": "1800"
                },
                {
                    "day": 3,
                    "end": "2200",
                    "is_overnight": false,
                    "start": "1800"
                },
                {
                    "day": 4,
                    "end": "2200",
                    "is_overnight": false,
                    "start": "1800"
                },
                {
                    "day": 5,
                    "end": "2200",
                    "is_overnight": false,
                    "start": "1800"
                },
                {
                    "day": 6,
                    "end": "2200",
                    "is_overnight": false,
                    "start": "1800"
                }
            ]
        }
    ],
    "id": "plaka-dickson",
    "image_url": "https://s3-media1.fl.yelpcdn.com/bphoto/fCVXu8d6g7TIlXqdq4XMEg/o.jpg",
    "is_claimed": false,
    "is_closed": false,
    "location": {
        "address1": "55 Woolley St",
        "address2": "",
        "address3": "",
        "city": "Dickson",
        "country": "AU",
        "state": "ACT",
        "zip_code": "2602"
    },
    "name": "Plaka",
    "phone": "+61262498880",
    "photos": [
        "https://s3-media2.fl.yelpcdn.com/bphoto/fCVXu8d6g7TIlXqdq4XMEg/o.jpg",
        "https://s3-media2.fl.yelpcdn.com/bphoto/NJXB8Sdt4pE3GWoCzuefHw/o.jpg"
    ],
    "rating": 0.0,
    "review_count": 0,
    "term": "restaurants",
    "url": "https://www.yelp.com/biz/plaka-dickson?adjust_creative=92p07_JjKyriZTQxAXRiKQ&utm_campaign=yelp_api_v3&utm_medium=api_v3_business_lookup&utm_source=92p07_JjKyriZTQxAXRiKQ",
    "uuid": "9031"
}