{
    "categories": [
        {
            "alias": "restaurants",
            "title": "Restaurants"
        }
    ],
    "coordinates": {
        "latitude": -35.2509918,
        "longitude": 149.136322
    },
    "id": "suburban-dickson",
    "image_url": "https://s3-media2.fl.yelpcdn.com/bphoto/3Ii7Yy8Jv5FNn-W23UU4XA/o.jpg",
    "is_claimed": false,
    "is_closed": false,
    "location": {
        "address1": "1 Woolley St",
        "address2": null,
        "address3": null,
        "city": "Dickson",
        "country": "AU",
        "state": "ACT",
        "zip_code": "2602"
    },
    "name": "Suburban",
    "phone": "+61261620930",
    "photos": [
        "https://s3-media2.fl.yelpcdn.com/bphoto/3Ii7Yy8Jv5FNn-W23UU4XA/o.jpg",
        "https://s3-media3.fl.yelpcdn.com/bphoto/TEenWycsvwPWpcsgpnjAfQ/o.jpg",
        "https://s3-media2.fl.yelpcdn.com/bphoto/NQgoePeCCr6xXATMtrdNjA/o.jpg"
    ],
    "rating": 4.0,
    "review_count": 2,
    "term": "restaurants",
    "url": "https://www.yelp.com/biz/suburban-dickson?adjust_creative=92p07_JjKyriZTQxAXRiKQ&utm_campaign=yelp_api_v3&utm_medium=api_v3_business_lookup&utm_source=92p07_JjKyriZTQxAXRiKQ",
    "uuid": "10922"
}