{
    "categories": [
        {
            "alias": "restaurants",
            "title": "Restaurants"
        }
    ],
    "coordinates": {
        "latitude": -35.2501297,
        "longitude": 149.1364594
    },
    "id": "taj-agra-indian-and-pakistani-restaurant-dickson",
    "image_url": "https://s3-media1.fl.yelpcdn.com/bphoto/4DRNEuONk1FlMOb7Af3BYA/o.jpg",
    "is_claimed": false,
    "is_closed": false,
    "location": {
        "address1": "35 Woolley St",
        "address2": null,
        "address3": null,
        "city": "Dickson",
        "country": "AU",
        "state": "ACT",
        "zip_code": "2602"
    },
    "name": "Taj Agra Indian & Pakistani Restaurant",
    "phone": "+61262496633",
    "photos": [
        "https://s3-media1.fl.yelpcdn.com/bphoto/4DRNEuONk1FlMOb7Af3BYA/o.jpg",
        "https://s3-media4.fl.yelpcdn.com/bphoto/0tg3p5KHdsriciuSNfjgkw/o.jpg",
        "https://s3-media3.fl.yelpcdn.com/bphoto/DB-YVuwVOO7AGi8aVeLWdQ/o.jpg"
    ],
    "rating": 3.5,
    "review_count": 3,
    "term": "restaurants",
    "url": "https://www.yelp.com/biz/taj-agra-indian-and-pakistani-restaurant-dickson?adjust_creative=92p07_JjKyriZTQxAXRiKQ&utm_campaign=yelp_api_v3&utm_medium=api_v3_business_lookup&utm_source=92p07_JjKyriZTQxAXRiKQ",
    "uuid": "11167"
}