{
    "categories": [
        {
            "alias": "cafes",
            "title": "Cafes"
        },
        {
            "alias": "thai",
            "title": "Thai"
        }
    ],
    "coordinates": {
        "latitude": -35.2484721458202,
        "longitude": 149.162973451793
    },
    "id": "siam-twist-hackett",
    "image_url": "https://s3-media1.fl.yelpcdn.com/bphoto/3CRtOeq9KEhJ8FWkWwx7Pg/o.jpg",
    "is_claimed": false,
    "is_closed": false,
    "location": {
        "address1": "1-5 Hackett Pl",
        "address2": "",
        "address3": "",
        "city": "Hackett",
        "country": "AU",
        "state": "ACT",
        "zip_code": "2602"
    },
    "name": "Siam Twist",
    "phone": "+61262491386",
    "photos": [
        "https://s3-media2.fl.yelpcdn.com/bphoto/3CRtOeq9KEhJ8FWkWwx7Pg/o.jpg"
    ],
    "rating": 0.0,
    "review_count": 0,
    "term": "restaurants",
    "url": "https://www.yelp.com/biz/siam-twist-hackett?adjust_creative=92p07_JjKyriZTQxAXRiKQ&utm_campaign=yelp_api_v3&utm_medium=api_v3_business_lookup&utm_source=92p07_JjKyriZTQxAXRiKQ",
    "uuid": "10367"
}