{
    "categories": [
        {
            "alias": "restaurants",
            "title": "Restaurants"
        }
    ],
    "coordinates": {
        "latitude": -35.28022,
        "longitude": 149.1101227
    },
    "id": "alto-acton",
    "image_url": "",
    "is_claimed": false,
    "is_closed": false,
    "location": {
        "address1": "Telstra Tower, Black Mountain Drv",
        "address2": null,
        "address3": null,
        "city": "Acton",
        "country": "AU",
        "state": "ACT",
        "zip_code": "2601"
    },
    "name": "Alto",
    "phone": "+61262475518",
    "photos": [],
    "price": "$$$$",
    "rating": 2.0,
    "review_count": 1,
    "term": "restaurants",
    "url": "https://www.yelp.com/biz/alto-acton?adjust_creative=92p07_JjKyriZTQxAXRiKQ&utm_campaign=yelp_api_v3&utm_medium=api_v3_business_lookup&utm_source=92p07_JjKyriZTQxAXRiKQ",
    "uuid": "392"
}