{
    "categories": [
        {
            "alias": "cafes",
            "title": "Cafes"
        }
    ],
    "coordinates": {
        "latitude": -35.28563,
        "longitude": 149.11828
    },
    "id": "floresco-in-the-gardens-acton",
    "image_url": "https://s3-media2.fl.yelpcdn.com/bphoto/z8yDLekhYtgrB7KV0BFz7A/o.jpg",
    "is_claimed": false,
    "is_closed": false,
    "location": {
        "address1": "Australian National Botanic Gardens",
        "address2": "",
        "address3": "",
        "city": "Acton",
        "country": "AU",
        "state": "ACT",
        "zip_code": "2601"
    },
    "name": "Floresco In The Gardens",
    "phone": "+61262489680",
    "photos": [
        "https://s3-media1.fl.yelpcdn.com/bphoto/z8yDLekhYtgrB7KV0BFz7A/o.jpg",
        "https://s3-media3.fl.yelpcdn.com/bphoto/I4W4UQF13CkUUuNPrGpTLQ/o.jpg"
    ],
    "rating": 0.0,
    "review_count": 0,
    "term": "restaurants",
    "url": "https://www.yelp.com/biz/floresco-in-the-gardens-acton?adjust_creative=92p07_JjKyriZTQxAXRiKQ&utm_campaign=yelp_api_v3&utm_medium=api_v3_business_lookup&utm_source=92p07_JjKyriZTQxAXRiKQ",
    "uuid": "4133"
}