{
    "categories": [
        {
            "alias": "restaurants",
            "title": "Restaurants"
        }
    ],
    "coordinates": {
        "latitude": -35.2768784,
        "longitude": 149.1255035
    },
    "id": "mr-shabu-shabu-acton",
    "image_url": "https://s3-media1.fl.yelpcdn.com/bphoto/T09AhK59gRQKXI03GnQYRw/o.jpg",
    "is_claimed": false,
    "is_closed": false,
    "location": {
        "address1": "35 Childers St",
        "address2": null,
        "address3": null,
        "city": "Acton",
        "country": "AU",
        "state": "ACT",
        "zip_code": "2601"
    },
    "name": "Mr Shabu Shabu",
    "phone": "+61262489886",
    "photos": [
        "https://s3-media4.fl.yelpcdn.com/bphoto/T09AhK59gRQKXI03GnQYRw/o.jpg",
        "https://s3-media2.fl.yelpcdn.com/bphoto/uGz40zLeMl_s4dwY-M-G1g/o.jpg"
    ],
    "rating": 0.0,
    "review_count": 0,
    "term": "restaurants",
    "url": "https://www.yelp.com/biz/mr-shabu-shabu-acton?adjust_creative=92p07_JjKyriZTQxAXRiKQ&utm_campaign=yelp_api_v3&utm_medium=api_v3_business_lookup&utm_source=92p07_JjKyriZTQxAXRiKQ",
    "uuid": "7767"
}