{
    "categories": [
        {
            "alias": "restaurants",
            "title": "Restaurants"
        }
    ],
    "coordinates": {
        "latitude": -35.2783813,
        "longitude": 149.1228638
    },
    "id": "teatro-vivaldi-restaurant-acton",
    "image_url": "",
    "is_claimed": false,
    "is_closed": false,
    "location": {
        "address1": "University Ave",
        "address2": null,
        "address3": null,
        "city": "Acton",
        "country": "AU",
        "state": "ACT",
        "zip_code": "2601"
    },
    "name": "Teatro Vivaldi Restaurant",
    "phone": "+61262572718",
    "photos": [],
    "rating": 4.0,
    "review_count": 2,
    "term": "restaurants",
    "url": "https://www.yelp.com/biz/teatro-vivaldi-restaurant-acton?adjust_creative=92p07_JjKyriZTQxAXRiKQ&utm_campaign=yelp_api_v3&utm_medium=api_v3_business_lookup&utm_source=92p07_JjKyriZTQxAXRiKQ",
    "uuid": "11309"
}