{
    "categories": [
        {
            "alias": "cafes",
            "title": "Cafes"
        },
        {
            "alias": "breakfast_brunch",
            "title": "Breakfast & Brunch"
        },
        {
            "alias": "australian",
            "title": "Australian"
        }
    ],
    "coordinates": {
        "latitude": -35.3756190525081,
        "longitude": 149.101762510836
    },
    "hours": [
        {
            "hours_type": "REGULAR",
            "is_open_now": false,
            "open": [
                {
                    "day": 0,
                    "end": "1600",
                    "is_overnight": false,
                    "start": "0700"
                },
                {
                    "day": 1,
                    "end": "1600",
                    "is_overnight": false,
                    "start": "0700"
                },
                {
                    "day": 2,
                    "end": "1600",
                    "is_overnight": false,
                    "start": "0700"
                },
                {
                    "day": 3,
                    "end": "1600",
                    "is_overnight": false,
                    "start": "0700"
                },
                {
                    "day": 4,
                    "end": "1600",
                    "is_overnight": false,
                    "start": "0700"
                },
                {
                    "day": 5,
                    "end": "1530",
                    "is_overnight": false,
                    "start": "0800"
                },
                {
                    "day": 6,
                    "end": "1530",
                    "is_overnight": false,
                    "start": "0800"
                }
            ]
        }
    ],
    "id": "fox-and-bow-café-farrer",
    "image_url": "https://s3-media4.fl.yelpcdn.com/bphoto/LK7jvW0DuMs5bvy7MVZRLA/o.jpg",
    "is_claimed": false,
    "is_closed": false,
    "location": {
        "address1": "4B Farrer Pl",
        "address2": "",
        "address3": "",
        "city": "Farrer",
        "country": "AU",
        "state": "ACT",
        "zip_code": "2607"
    },
    "name": "Fox And Bow Café",
    "phone": "+61412537587",
    "photos": [
        "https://s3-media3.fl.yelpcdn.com/bphoto/LK7jvW0DuMs5bvy7MVZRLA/o.jpg",
        "https://s3-media3.fl.yelpcdn.com/bphoto/88nVHdLIiquYn0na8Pe8bw/o.jpg",
        "https://s3-media1.fl.yelpcdn.com/bphoto/Sn_T53gBz7_kgJO2LjXRiA/o.jpg"
    ],
    "price": "$$",
    "rating": 4.0,
    "review_count": 3,
    "term": "restaurants",
    "url": "https://www.yelp.com/biz/fox-and-bow-caf%C3%A9-farrer?adjust_creative=92p07_JjKyriZTQxAXRiKQ&utm_campaign=yelp_api_v3&utm_medium=api_v3_business_lookup&utm_source=92p07_JjKyriZTQxAXRiKQ",
    "uuid": "4233"
}