{
    "categories": [
        {
            "alias": "cafes",
            "title": "Cafes"
        }
    ],
    "coordinates": {
        "latitude": -35.23563,
        "longitude": 149.0654297
    },
    "id": "black-pepper-cafe-and-bar-belconnen",
    "image_url": "https://s3-media3.fl.yelpcdn.com/bphoto/H27mzrJTG8hL2TT_GoTx_Q/o.jpg",
    "is_claimed": false,
    "is_closed": false,
    "location": {
        "address1": "1 Beissel St",
        "address2": null,
        "address3": null,
        "city": "Belconnen",
        "country": "AU",
        "state": "ACT",
        "zip_code": "2617"
    },
    "name": "Black Pepper Cafe & Bar",
    "phone": "+61262510922",
    "photos": [
        "https://s3-media4.fl.yelpcdn.com/bphoto/H27mzrJTG8hL2TT_GoTx_Q/o.jpg",
        "https://s3-media2.fl.yelpcdn.com/bphoto/-Vv5GdfccHESK29FOWgWWA/o.jpg"
    ],
    "price": "$",
    "rating": 2.5,
    "review_count": 3,
    "term": "restaurants",
    "url": "https://www.yelp.com/biz/black-pepper-cafe-and-bar-belconnen?adjust_creative=92p07_JjKyriZTQxAXRiKQ&utm_campaign=yelp_api_v3&utm_medium=api_v3_business_lookup&utm_source=92p07_JjKyriZTQxAXRiKQ",
    "uuid": "1385"
}