{
    "categories": [
        {
            "alias": "restaurants",
            "title": "Restaurants"
        }
    ],
    "coordinates": {
        "latitude": -35.2418098,
        "longitude": 149.0630646
    },
    "id": "can-tho-vietmanese-and-chinese-restaurant-belconnen",
    "image_url": "https://s3-media1.fl.yelpcdn.com/bphoto/w-er-ZCnbS9MaWKPHiGzPQ/o.jpg",
    "is_claimed": false,
    "is_closed": false,
    "location": {
        "address1": "38 Weedon Cl",
        "address2": null,
        "address3": null,
        "city": "Belconnen",
        "country": "AU",
        "state": "ACT",
        "zip_code": "2617"
    },
    "name": "Can Tho Vietmanese & Chinese Restaurant",
    "phone": "+61262513682",
    "photos": [
        "https://s3-media1.fl.yelpcdn.com/bphoto/w-er-ZCnbS9MaWKPHiGzPQ/o.jpg",
        "https://s3-media1.fl.yelpcdn.com/bphoto/YlZfNTTqSw0kVLAJmWeP9g/o.jpg"
    ],
    "rating": 2.0,
    "review_count": 1,
    "term": "restaurants",
    "url": "https://www.yelp.com/biz/can-tho-vietmanese-and-chinese-restaurant-belconnen?adjust_creative=92p07_JjKyriZTQxAXRiKQ&utm_campaign=yelp_api_v3&utm_medium=api_v3_business_lookup&utm_source=92p07_JjKyriZTQxAXRiKQ",
    "uuid": "2057"
}