{
    "categories": [
        {
            "alias": "coffee",
            "title": "Coffee & Tea"
        },
        {
            "alias": "breakfast_brunch",
            "title": "Breakfast & Brunch"
        }
    ],
    "coordinates": {
        "latitude": -35.2413544487629,
        "longitude": 149.070861896757
    },
    "hours": [
        {
            "hours_type": "REGULAR",
            "is_open_now": false,
            "open": [
                {
                    "day": 0,
                    "end": "1600",
                    "is_overnight": false,
                    "start": "0630"
                },
                {
                    "day": 1,
                    "end": "1600",
                    "is_overnight": false,
                    "start": "0630"
                },
                {
                    "day": 2,
                    "end": "1600",
                    "is_overnight": false,
                    "start": "0630"
                },
                {
                    "day": 3,
                    "end": "1600",
                    "is_overnight": false,
                    "start": "0630"
                },
                {
                    "day": 4,
                    "end": "1600",
                    "is_overnight": false,
                    "start": "0630"
                },
                {
                    "day": 5,
                    "end": "1330",
                    "is_overnight": false,
                    "start": "0800"
                },
                {
                    "day": 6,
                    "end": "1330",
                    "is_overnight": false,
                    "start": "0800"
                }
            ]
        }
    ],
    "id": "chatterbox-espresso-bar-belconnen",
    "image_url": "",
    "is_claimed": false,
    "is_closed": false,
    "location": {
        "address1": "40 Cameron Ave",
        "address2": "",
        "address3": "",
        "city": "Belconnen",
        "country": "AU",
        "state": "ACT",
        "zip_code": "2617"
    },
    "name": "Chatterbox Espresso Bar",
    "phone": "+61262517453",
    "photos": [],
    "rating": 5.0,
    "review_count": 1,
    "term": "restaurants",
    "url": "https://www.yelp.com/biz/chatterbox-espresso-bar-belconnen?adjust_creative=92p07_JjKyriZTQxAXRiKQ&utm_campaign=yelp_api_v3&utm_medium=api_v3_business_lookup&utm_source=92p07_JjKyriZTQxAXRiKQ",
    "uuid": "2311"
}