{
    "categories": [
        {
            "alias": "pizza",
            "title": "Pizza"
        }
    ],
    "coordinates": {
        "latitude": -35.238299,
        "longitude": 149.071506
    },
    "hours": [
        {
            "hours_type": "REGULAR",
            "is_open_now": true,
            "open": [
                {
                    "day": 0,
                    "end": "2130",
                    "is_overnight": false,
                    "start": "1600"
                },
                {
                    "day": 1,
                    "end": "2130",
                    "is_overnight": false,
                    "start": "1600"
                },
                {
                    "day": 2,
                    "end": "2130",
                    "is_overnight": false,
                    "start": "1600"
                },
                {
                    "day": 3,
                    "end": "2200",
                    "is_overnight": false,
                    "start": "1600"
                },
                {
                    "day": 4,
                    "end": "2200",
                    "is_overnight": false,
                    "start": "1600"
                },
                {
                    "day": 5,
                    "end": "2200",
                    "is_overnight": false,
                    "start": "1600"
                },
                {
                    "day": 6,
                    "end": "2200",
                    "is_overnight": false,
                    "start": "1600"
                }
            ]
        }
    ],
    "id": "crust-pizza-belconnen",
    "image_url": "https://s3-media2.fl.yelpcdn.com/bphoto/nCUUzgCjd48HwFxuPZpGpQ/o.jpg",
    "is_claimed": true,
    "is_closed": false,
    "location": {
        "address1": "68-70 Emu Bank",
        "address2": "",
        "address3": "",
        "city": "Belconnen",
        "country": "AU",
        "state": "ACT",
        "zip_code": "2617"
    },
    "name": "Crust Pizza",
    "phone": "+61262512111",
    "photos": [
        "https://s3-media4.fl.yelpcdn.com/bphoto/nCUUzgCjd48HwFxuPZpGpQ/o.jpg",
        "https://s3-media2.fl.yelpcdn.com/bphoto/CXb3Id9KNbzkZdOo0-xuLA/o.jpg"
    ],
    "price": "$$",
    "rating": 0.0,
    "review_count": 0,
    "term": "restaurants",
    "url": "https://www.yelp.com/biz/crust-pizza-belconnen?adjust_creative=92p07_JjKyriZTQxAXRiKQ&utm_campaign=yelp_api_v3&utm_medium=api_v3_business_lookup&utm_source=92p07_JjKyriZTQxAXRiKQ",
    "uuid": "3016"
}