{
    "categories": [
        {
            "alias": "cafes",
            "title": "Cafes"
        }
    ],
    "coordinates": {
        "latitude": -35.2369995,
        "longitude": 149.0708771
    },
    "id": "ha-ha-bar-and-cafe-belconnen",
    "image_url": "https://s3-media2.fl.yelpcdn.com/bphoto/VaWx5RM_y1HRTLgxgTyZhw/o.jpg",
    "is_claimed": false,
    "is_closed": false,
    "location": {
        "address1": "102 Emu Bnk",
        "address2": null,
        "address3": null,
        "city": "Belconnen",
        "country": "AU",
        "state": "ACT",
        "zip_code": "2616"
    },
    "name": "Ha Ha Bar & Cafe",
    "phone": "+61262516110",
    "photos": [
        "https://s3-media3.fl.yelpcdn.com/bphoto/VaWx5RM_y1HRTLgxgTyZhw/o.jpg",
        "https://s3-media1.fl.yelpcdn.com/bphoto/9AZyu082ByQMIGhH4YXBWw/o.jpg"
    ],
    "rating": 4.0,
    "review_count": 2,
    "term": "restaurants",
    "url": "https://www.yelp.com/biz/ha-ha-bar-and-cafe-belconnen?adjust_creative=92p07_JjKyriZTQxAXRiKQ&utm_campaign=yelp_api_v3&utm_medium=api_v3_business_lookup&utm_source=92p07_JjKyriZTQxAXRiKQ",
    "uuid": "4817"
}