{
    "categories": [
        {
            "alias": "mexican",
            "title": "Mexican"
        }
    ],
    "coordinates": {
        "latitude": -35.2378148194433,
        "longitude": 149.064890251113
    },
    "id": "mad-mex-belconnen",
    "image_url": "",
    "is_claimed": false,
    "is_closed": false,
    "location": {
        "address1": "Level 3",
        "address2": "18 Benjamin Way,  Westfield Belconnen",
        "address3": "",
        "city": "Belconnen",
        "country": "AU",
        "state": "ACT",
        "zip_code": "2617"
    },
    "name": "Mad Mex",
    "phone": "+61262519850",
    "photos": [],
    "price": "$",
    "rating": 4.0,
    "review_count": 1,
    "term": "restaurants",
    "url": "https://www.yelp.com/biz/mad-mex-belconnen?adjust_creative=92p07_JjKyriZTQxAXRiKQ&utm_campaign=yelp_api_v3&utm_medium=api_v3_business_lookup&utm_source=92p07_JjKyriZTQxAXRiKQ",
    "uuid": "7037"
}