{
    "categories": [
        {
            "alias": "malaysian",
            "title": "Malaysian"
        },
        {
            "alias": "vegan",
            "title": "Vegan"
        }
    ],
    "coordinates": {
        "latitude": -35.2411370359122,
        "longitude": 149.062700084471
    },
    "hours": [
        {
            "hours_type": "REGULAR",
            "is_open_now": false,
            "open": [
                {
                    "day": 0,
                    "end": "2100",
                    "is_overnight": false,
                    "start": "1730"
                },
                {
                    "day": 1,
                    "end": "1400",
                    "is_overnight": false,
                    "start": "1200"
                },
                {
                    "day": 1,
                    "end": "2100",
                    "is_overnight": false,
                    "start": "1730"
                },
                {
                    "day": 2,
                    "end": "1400",
                    "is_overnight": false,
                    "start": "1200"
                },
                {
                    "day": 2,
                    "end": "2100",
                    "is_overnight": false,
                    "start": "1730"
                },
                {
                    "day": 3,
                    "end": "1400",
                    "is_overnight": false,
                    "start": "1200"
                },
                {
                    "day": 3,
                    "end": "2100",
                    "is_overnight": false,
                    "start": "1730"
                },
                {
                    "day": 4,
                    "end": "1400",
                    "is_overnight": false,
                    "start": "1200"
                },
                {
                    "day": 4,
                    "end": "2100",
                    "is_overnight": false,
                    "start": "1730"
                },
                {
                    "day": 5,
                    "end": "1400",
                    "is_overnight": false,
                    "start": "1200"
                },
                {
                    "day": 5,
                    "end": "2100",
                    "is_overnight": false,
                    "start": "1730"
                }
            ]
        }
    ],
    "id": "malaysian-chapter-belconnen",
    "image_url": "https://s3-media2.fl.yelpcdn.com/bphoto/MnyiKwF_w-PHm-hKVhO2Rg/o.jpg",
    "is_claimed": false,
    "is_closed": false,
    "location": {
        "address1": "8 Weedon Cl",
        "address2": "",
        "address3": "",
        "city": "Belconnen",
        "country": "AU",
        "state": "ACT",
        "zip_code": "2617"
    },
    "name": "Malaysian Chapter",
    "phone": "+612625151670",
    "photos": [
        "https://s3-media4.fl.yelpcdn.com/bphoto/MnyiKwF_w-PHm-hKVhO2Rg/o.jpg",
        "https://s3-media4.fl.yelpcdn.com/bphoto/aTz2SJo2wJmat8JeifwfuQ/o.jpg",
        "https://s3-media2.fl.yelpcdn.com/bphoto/-6rGgQqZfzX2cntRd39Fvg/o.jpg"
    ],
    "rating": 5.0,
    "review_count": 1,
    "term": "restaurants",
    "url": "https://www.yelp.com/biz/malaysian-chapter-belconnen?adjust_creative=92p07_JjKyriZTQxAXRiKQ&utm_campaign=yelp_api_v3&utm_medium=api_v3_business_lookup&utm_source=92p07_JjKyriZTQxAXRiKQ",
    "uuid": "7124"
}