{
    "categories": [
        {
            "alias": "chickenshop",
            "title": "Chicken Shop"
        },
        {
            "alias": "burgers",
            "title": "Burgers"
        }
    ],
    "coordinates": {
        "latitude": -35.2379442950003,
        "longitude": 149.063221986211
    },
    "id": "nandos-belconnen",
    "image_url": "https://s3-media1.fl.yelpcdn.com/bphoto/PNIK5rwDo9xL1WOSax9B-Q/o.jpg",
    "is_claimed": false,
    "is_closed": false,
    "location": {
        "address1": "Shop 326, Westfield Shopping Centre",
        "address2": "Benjamin Way",
        "address3": "",
        "city": "Belconnen",
        "country": "AU",
        "state": "ACT",
        "zip_code": "2617"
    },
    "name": "Nando's",
    "phone": "+61262512788",
    "photos": [
        "https://s3-media3.fl.yelpcdn.com/bphoto/PNIK5rwDo9xL1WOSax9B-Q/o.jpg"
    ],
    "rating": 2.0,
    "review_count": 2,
    "term": "restaurants",
    "url": "https://www.yelp.com/biz/nandos-belconnen?adjust_creative=92p07_JjKyriZTQxAXRiKQ&utm_campaign=yelp_api_v3&utm_medium=api_v3_business_lookup&utm_source=92p07_JjKyriZTQxAXRiKQ",
    "uuid": "7908"
}