{
    "categories": [
        {
            "alias": "steak",
            "title": "Steakhouses"
        },
        {
            "alias": "australian",
            "title": "Australian"
        }
    ],
    "coordinates": {
        "latitude": -35.2379396639703,
        "longitude": 149.068178076365
    },
    "hours": [
        {
            "hours_type": "REGULAR",
            "is_open_now": true,
            "open": [
                {
                    "day": 0,
                    "end": "2300",
                    "is_overnight": false,
                    "start": "1100"
                },
                {
                    "day": 1,
                    "end": "2300",
                    "is_overnight": false,
                    "start": "1100"
                },
                {
                    "day": 2,
                    "end": "2300",
                    "is_overnight": false,
                    "start": "1100"
                },
                {
                    "day": 3,
                    "end": "2300",
                    "is_overnight": false,
                    "start": "1100"
                },
                {
                    "day": 4,
                    "end": "2300",
                    "is_overnight": false,
                    "start": "1100"
                },
                {
                    "day": 5,
                    "end": "2300",
                    "is_overnight": false,
                    "start": "1100"
                },
                {
                    "day": 6,
                    "end": "2300",
                    "is_overnight": false,
                    "start": "1100"
                }
            ]
        }
    ],
    "id": "outback-jacks-belconnen",
    "image_url": "https://s3-media4.fl.yelpcdn.com/bphoto/-VCgULi-jgXcCBIW3v9LIw/o.jpg",
    "is_claimed": false,
    "is_closed": false,
    "location": {
        "address1": "Shop 332 Level 3, Westfield",
        "address2": "Benjamin Way",
        "address3": "",
        "city": "Belconnen",
        "country": "AU",
        "state": "ACT",
        "zip_code": "2617"
    },
    "name": "Outback Jack's",
    "phone": "+61262518381",
    "photos": [
        "https://s3-media2.fl.yelpcdn.com/bphoto/-VCgULi-jgXcCBIW3v9LIw/o.jpg",
        "https://s3-media1.fl.yelpcdn.com/bphoto/joObaEmLu01CEz0t7xt2qw/o.jpg",
        "https://s3-media3.fl.yelpcdn.com/bphoto/62AIMJEUMVbmbJyzMq7QEw/o.jpg"
    ],
    "price": "$$$",
    "rating": 2.0,
    "review_count": 5,
    "term": "restaurants",
    "url": "https://www.yelp.com/biz/outback-jacks-belconnen?adjust_creative=92p07_JjKyriZTQxAXRiKQ&utm_campaign=yelp_api_v3&utm_medium=api_v3_business_lookup&utm_source=92p07_JjKyriZTQxAXRiKQ",
    "uuid": "8476"
}