{
    "categories": [
        {
            "alias": "chinese",
            "title": "Chinese"
        }
    ],
    "coordinates": {
        "latitude": -35.2360486,
        "longitude": 149.0699485
    },
    "hours": [
        {
            "hours_type": "REGULAR",
            "is_open_now": false,
            "open": [
                {
                    "day": 0,
                    "end": "1430",
                    "is_overnight": false,
                    "start": "1130"
                },
                {
                    "day": 0,
                    "end": "2230",
                    "is_overnight": false,
                    "start": "1730"
                },
                {
                    "day": 1,
                    "end": "1430",
                    "is_overnight": false,
                    "start": "1130"
                },
                {
                    "day": 1,
                    "end": "2230",
                    "is_overnight": false,
                    "start": "1730"
                },
                {
                    "day": 2,
                    "end": "1430",
                    "is_overnight": false,
                    "start": "1130"
                },
                {
                    "day": 2,
                    "end": "2230",
                    "is_overnight": false,
                    "start": "1730"
                },
                {
                    "day": 3,
                    "end": "1430",
                    "is_overnight": false,
                    "start": "1130"
                },
                {
                    "day": 3,
                    "end": "2230",
                    "is_overnight": false,
                    "start": "1730"
                },
                {
                    "day": 4,
                    "end": "1430",
                    "is_overnight": false,
                    "start": "1130"
                },
                {
                    "day": 4,
                    "end": "0000",
                    "is_overnight": false,
                    "start": "1730"
                },
                {
                    "day": 5,
                    "end": "1430",
                    "is_overnight": false,
                    "start": "1130"
                },
                {
                    "day": 5,
                    "end": "0000",
                    "is_overnight": false,
                    "start": "1730"
                },
                {
                    "day": 6,
                    "end": "1430",
                    "is_overnight": false,
                    "start": "1130"
                },
                {
                    "day": 6,
                    "end": "2230",
                    "is_overnight": false,
                    "start": "1730"
                }
            ]
        }
    ],
    "id": "prince-palace-chinese-restaurant-belconnen",
    "image_url": "https://s3-media2.fl.yelpcdn.com/bphoto/RiqnrgqO1Asle_Rv7UtLjg/o.jpg",
    "is_claimed": false,
    "is_closed": false,
    "location": {
        "address1": "114 Emu Bank",
        "address2": "",
        "address3": null,
        "city": "Belconnen",
        "country": "AU",
        "state": "ACT",
        "zip_code": "2617"
    },
    "name": "Prince Palace Chinese Restaurant",
    "phone": "+61262513838",
    "photos": [
        "https://s3-media1.fl.yelpcdn.com/bphoto/RiqnrgqO1Asle_Rv7UtLjg/o.jpg",
        "https://s3-media2.fl.yelpcdn.com/bphoto/5zjq4k0fh7BwnxF0Lvgn7g/o.jpg",
        "https://s3-media4.fl.yelpcdn.com/bphoto/MP5uY_tIkRsyhAMnjBoueA/o.jpg"
    ],
    "rating": 5.0,
    "review_count": 2,
    "term": "restaurants",
    "url": "https://www.yelp.com/biz/prince-palace-chinese-restaurant-belconnen?adjust_creative=92p07_JjKyriZTQxAXRiKQ&utm_campaign=yelp_api_v3&utm_medium=api_v3_business_lookup&utm_source=92p07_JjKyriZTQxAXRiKQ",
    "uuid": "9190"
}