{
    "categories": [
        {
            "alias": "restaurants",
            "title": "Restaurants"
        }
    ],
    "coordinates": {
        "latitude": -35.2369995,
        "longitude": 149.0708771
    },
    "id": "thai-chiang-rai-belconnen-belconnen",
    "image_url": "",
    "is_claimed": false,
    "is_closed": false,
    "location": {
        "address1": "102 Emu Bnk",
        "address2": null,
        "address3": null,
        "city": "Belconnen",
        "country": "AU",
        "state": "ACT",
        "zip_code": "2616"
    },
    "name": "Thai Chiang Rai Belconnen",
    "phone": "+61262534999",
    "photos": [],
    "price": "$$",
    "rating": 4.0,
    "review_count": 1,
    "term": "restaurants",
    "url": "https://www.yelp.com/biz/thai-chiang-rai-belconnen-belconnen?adjust_creative=92p07_JjKyriZTQxAXRiKQ&utm_campaign=yelp_api_v3&utm_medium=api_v3_business_lookup&utm_source=92p07_JjKyriZTQxAXRiKQ",
    "uuid": "11374"
}