{
    "categories": [
        {
            "alias": "restaurants",
            "title": "Restaurants"
        }
    ],
    "coordinates": {
        "latitude": -35.2363263687448,
        "longitude": 149.070160388947
    },
    "id": "2-yummy-belconnen",
    "image_url": "",
    "is_claimed": false,
    "is_closed": false,
    "location": {
        "address1": "Shop 3, 114 Boardwalk Emu Bank",
        "address2": "",
        "address3": "",
        "city": "Belconnen",
        "country": "AU",
        "state": "ACT",
        "zip_code": "2617"
    },
    "name": "2 Yummy",
    "phone": "+61262516622",
    "photos": [],
    "rating": 5.0,
    "review_count": 1,
    "term": "restaurants",
    "url": "https://www.yelp.com/biz/2-yummy-belconnen?adjust_creative=92p07_JjKyriZTQxAXRiKQ&utm_campaign=yelp_api_v3&utm_medium=api_v3_business_lookup&utm_source=92p07_JjKyriZTQxAXRiKQ",
    "uuid": "30"
}