{
    "categories": [
        {
            "alias": "pizza",
            "title": "Pizza"
        }
    ],
    "coordinates": {
        "latitude": -35.2412635,
        "longitude": 149.0927709
    },
    "hours": [
        {
            "hours_type": "REGULAR",
            "is_open_now": true,
            "open": [
                {
                    "day": 0,
                    "end": "2000",
                    "is_overnight": false,
                    "start": "0900"
                },
                {
                    "day": 1,
                    "end": "2000",
                    "is_overnight": false,
                    "start": "0900"
                },
                {
                    "day": 2,
                    "end": "2000",
                    "is_overnight": false,
                    "start": "0900"
                },
                {
                    "day": 3,
                    "end": "2000",
                    "is_overnight": false,
                    "start": "0900"
                },
                {
                    "day": 4,
                    "end": "2100",
                    "is_overnight": false,
                    "start": "0900"
                },
                {
                    "day": 5,
                    "end": "2100",
                    "is_overnight": false,
                    "start": "0900"
                },
                {
                    "day": 6,
                    "end": "2000",
                    "is_overnight": false,
                    "start": "0900"
                }
            ]
        }
    ],
    "id": "bruce-pizza-and-takeaway-bruce",
    "image_url": "",
    "is_claimed": false,
    "is_closed": false,
    "location": {
        "address1": "Shop 123",
        "address2": "10 Thynne St",
        "address3": "",
        "city": "Bruce",
        "country": "AU",
        "state": "ACT",
        "zip_code": "2617"
    },
    "name": "bruce pizza and takeaway",
    "phone": "+61262511866",
    "photos": [],
    "rating": 3.5,
    "review_count": 3,
    "term": "restaurants",
    "url": "https://www.yelp.com/biz/bruce-pizza-and-takeaway-bruce?adjust_creative=92p07_JjKyriZTQxAXRiKQ&utm_campaign=yelp_api_v3&utm_medium=api_v3_business_lookup&utm_source=92p07_JjKyriZTQxAXRiKQ",
    "uuid": "1771"
}