{
    "categories": [
        {
            "alias": "cafes",
            "title": "Cafes"
        },
        {
            "alias": "catering",
            "title": "Caterers"
        }
    ],
    "coordinates": {
        "latitude": -35.239399,
        "longitude": 149.0937042
    },
    "id": "cafe-momo-bruce-2",
    "image_url": "",
    "is_claimed": false,
    "is_closed": false,
    "location": {
        "address1": "Thynne St",
        "address2": null,
        "address3": null,
        "city": "Bruce",
        "country": "AU",
        "state": "ACT",
        "zip_code": "2617"
    },
    "name": "Cafe Momo",
    "phone": "+61262534964",
    "photos": [],
    "rating": 4.0,
    "review_count": 3,
    "term": "restaurants",
    "url": "https://www.yelp.com/biz/cafe-momo-bruce-2?adjust_creative=92p07_JjKyriZTQxAXRiKQ&utm_campaign=yelp_api_v3&utm_medium=api_v3_business_lookup&utm_source=92p07_JjKyriZTQxAXRiKQ",
    "uuid": "1960"
}