{
    "categories": [
        {
            "alias": "wine_bars",
            "title": "Wine Bars"
        }
    ],
    "coordinates": {
        "latitude": -35.2469933197946,
        "longitude": 149.098158606329
    },
    "id": "ellacure-bruce",
    "image_url": "https://s3-media1.fl.yelpcdn.com/bphoto/pyFHD-uiTVtis4FvtbjCHA/o.jpg",
    "is_claimed": false,
    "is_closed": false,
    "location": {
        "address1": "Braybrooke St",
        "address2": null,
        "address3": null,
        "city": "Bruce",
        "country": "AU",
        "state": "ACT",
        "zip_code": "2617"
    },
    "name": "Ellacure",
    "phone": "+61262510990",
    "photos": [
        "https://s3-media4.fl.yelpcdn.com/bphoto/pyFHD-uiTVtis4FvtbjCHA/o.jpg"
    ],
    "rating": 4.0,
    "review_count": 2,
    "term": "restaurants",
    "url": "https://www.yelp.com/biz/ellacure-bruce?adjust_creative=92p07_JjKyriZTQxAXRiKQ&utm_campaign=yelp_api_v3&utm_medium=api_v3_business_lookup&utm_source=92p07_JjKyriZTQxAXRiKQ",
    "uuid": "3678"
}