{
    "categories": [
        {
            "alias": "seafood",
            "title": "Seafood"
        },
        {
            "alias": "steak",
            "title": "Steakhouses"
        }
    ],
    "coordinates": {
        "latitude": -35.2455914,
        "longitude": 149.098805
    },
    "hours": [
        {
            "hours_type": "REGULAR",
            "is_open_now": false,
            "open": [
                {
                    "day": 1,
                    "end": "1500",
                    "is_overnight": false,
                    "start": "1100"
                },
                {
                    "day": 1,
                    "end": "2100",
                    "is_overnight": false,
                    "start": "1730"
                },
                {
                    "day": 2,
                    "end": "1500",
                    "is_overnight": false,
                    "start": "1100"
                },
                {
                    "day": 2,
                    "end": "2100",
                    "is_overnight": false,
                    "start": "1730"
                },
                {
                    "day": 3,
                    "end": "1500",
                    "is_overnight": false,
                    "start": "1100"
                },
                {
                    "day": 3,
                    "end": "2100",
                    "is_overnight": false,
                    "start": "1730"
                },
                {
                    "day": 4,
                    "end": "1500",
                    "is_overnight": false,
                    "start": "1100"
                },
                {
                    "day": 4,
                    "end": "2130",
                    "is_overnight": false,
                    "start": "1730"
                },
                {
                    "day": 5,
                    "end": "1500",
                    "is_overnight": false,
                    "start": "1100"
                },
                {
                    "day": 5,
                    "end": "2230",
                    "is_overnight": false,
                    "start": "1730"
                },
                {
                    "day": 6,
                    "end": "1500",
                    "is_overnight": false,
                    "start": "0900"
                },
                {
                    "day": 6,
                    "end": "2100",
                    "is_overnight": false,
                    "start": "1730"
                }
            ]
        }
    ],
    "id": "seasalt-dining-bruce-2",
    "image_url": "https://s3-media1.fl.yelpcdn.com/bphoto/8ITQ89EBJevJFCqpfyF_dA/o.jpg",
    "is_claimed": true,
    "is_closed": false,
    "location": {
        "address1": "15 Braybrooke St",
        "address2": null,
        "address3": null,
        "city": "Bruce",
        "country": "AU",
        "state": "ACT",
        "zip_code": "2617"
    },
    "name": "Seasalt Dining",
    "phone": "+61261621617",
    "photos": [
        "https://s3-media4.fl.yelpcdn.com/bphoto/8ITQ89EBJevJFCqpfyF_dA/o.jpg"
    ],
    "price": "$$",
    "rating": 2.0,
    "review_count": 1,
    "term": "restaurants",
    "url": "https://www.yelp.com/biz/seasalt-dining-bruce-2?adjust_creative=92p07_JjKyriZTQxAXRiKQ&utm_campaign=yelp_api_v3&utm_medium=api_v3_business_lookup&utm_source=92p07_JjKyriZTQxAXRiKQ",
    "uuid": "10162"
}