{
    "categories": [
        {
            "alias": "himalayan",
            "title": "Himalayan/Nepalese"
        }
    ],
    "coordinates": {
        "latitude": -35.32024,
        "longitude": 149.13216
    },
    "hours": [
        {
            "hours_type": "REGULAR",
            "is_open_now": false,
            "open": [
                {
                    "day": 0,
                    "end": "1400",
                    "is_overnight": false,
                    "start": "1100"
                },
                {
                    "day": 0,
                    "end": "2130",
                    "is_overnight": false,
                    "start": "1700"
                },
                {
                    "day": 1,
                    "end": "1400",
                    "is_overnight": false,
                    "start": "1100"
                },
                {
                    "day": 1,
                    "end": "2130",
                    "is_overnight": false,
                    "start": "1700"
                },
                {
                    "day": 2,
                    "end": "1400",
                    "is_overnight": false,
                    "start": "1100"
                },
                {
                    "day": 2,
                    "end": "2130",
                    "is_overnight": false,
                    "start": "1700"
                },
                {
                    "day": 3,
                    "end": "1400",
                    "is_overnight": false,
                    "start": "1100"
                },
                {
                    "day": 3,
                    "end": "2130",
                    "is_overnight": false,
                    "start": "1700"
                },
                {
                    "day": 4,
                    "end": "1400",
                    "is_overnight": false,
                    "start": "1100"
                },
                {
                    "day": 4,
                    "end": "2130",
                    "is_overnight": false,
                    "start": "1700"
                },
                {
                    "day": 5,
                    "end": "2130",
                    "is_overnight": false,
                    "start": "1700"
                },
                {
                    "day": 6,
                    "end": "2130",
                    "is_overnight": false,
                    "start": "1700"
                }
            ]
        }
    ],
    "id": "chomolungma-nepali-cuisine-griffith",
    "image_url": "https://s3-media1.fl.yelpcdn.com/bphoto/yaDqXkYKQ1mDdM-G7QaDbg/o.jpg",
    "is_claimed": false,
    "is_closed": false,
    "location": {
        "address1": "38 Palmerston Lane",
        "address2": "Manuka",
        "address3": "",
        "city": "Griffith",
        "country": "AU",
        "state": "ACT",
        "zip_code": "2603"
    },
    "name": "Chomolungma Nepali Cuisine",
    "phone": "+61450317346",
    "photos": [
        "https://s3-media4.fl.yelpcdn.com/bphoto/yaDqXkYKQ1mDdM-G7QaDbg/o.jpg",
        "https://s3-media3.fl.yelpcdn.com/bphoto/mKEGBQnXirMU5qxqCo5jkg/o.jpg",
        "https://s3-media3.fl.yelpcdn.com/bphoto/TSQwJAK_Nm4ak9Fiykxaaw/o.jpg"
    ],
    "rating": 4.0,
    "review_count": 1,
    "term": "restaurants",
    "url": "https://www.yelp.com/biz/chomolungma-nepali-cuisine-griffith?adjust_creative=92p07_JjKyriZTQxAXRiKQ&utm_campaign=yelp_api_v3&utm_medium=api_v3_business_lookup&utm_source=92p07_JjKyriZTQxAXRiKQ",
    "uuid": "2464"
}