{
    "categories": [
        {
            "alias": "restaurants",
            "title": "Restaurants"
        }
    ],
    "coordinates": {
        "latitude": -35.3282394,
        "longitude": 149.142746
    },
    "id": "griffith-vietnamese-restaurant-griffith",
    "image_url": "https://s3-media2.fl.yelpcdn.com/bphoto/lcOsuJjtgnv4RYHIpl28cw/o.jpg",
    "is_claimed": false,
    "is_closed": false,
    "location": {
        "address1": "6 Barker St",
        "address2": null,
        "address3": null,
        "city": "Griffith",
        "country": "AU",
        "state": "ACT",
        "zip_code": "2603"
    },
    "name": "Griffith Vietnamese Restaurant",
    "phone": "+61262956505",
    "photos": [
        "https://s3-media4.fl.yelpcdn.com/bphoto/lcOsuJjtgnv4RYHIpl28cw/o.jpg",
        "https://s3-media2.fl.yelpcdn.com/bphoto/uqgiQat2CNLIHBdctG4EiA/o.jpg",
        "https://s3-media3.fl.yelpcdn.com/bphoto/Ry_XOUM5Xgo_gmNz0OwlQw/o.jpg"
    ],
    "price": "$$",
    "rating": 3.5,
    "review_count": 4,
    "term": "restaurants",
    "url": "https://www.yelp.com/biz/griffith-vietnamese-restaurant-griffith?adjust_creative=92p07_JjKyriZTQxAXRiKQ&utm_campaign=yelp_api_v3&utm_medium=api_v3_business_lookup&utm_source=92p07_JjKyriZTQxAXRiKQ",
    "uuid": "4722"
}