{
    "categories": [
        {
            "alias": "italian",
            "title": "Italian"
        }
    ],
    "coordinates": {
        "latitude": -35.31955,
        "longitude": 149.137
    },
    "hours": [
        {
            "hours_type": "REGULAR",
            "is_open_now": true,
            "open": [
                {
                    "day": 0,
                    "end": "0000",
                    "is_overnight": false,
                    "start": "1200"
                },
                {
                    "day": 1,
                    "end": "0000",
                    "is_overnight": false,
                    "start": "1200"
                },
                {
                    "day": 2,
                    "end": "0000",
                    "is_overnight": false,
                    "start": "1200"
                },
                {
                    "day": 3,
                    "end": "0000",
                    "is_overnight": false,
                    "start": "1200"
                },
                {
                    "day": 4,
                    "end": "0000",
                    "is_overnight": false,
                    "start": "1200"
                },
                {
                    "day": 5,
                    "end": "0000",
                    "is_overnight": false,
                    "start": "1200"
                },
                {
                    "day": 6,
                    "end": "0000",
                    "is_overnight": false,
                    "start": "1200"
                }
            ]
        }
    ],
    "id": "joes-bar-griffith",
    "image_url": "https://s3-media1.fl.yelpcdn.com/bphoto/5LW69MQ6pyf5eLaftrcAPg/o.jpg",
    "is_claimed": false,
    "is_closed": false,
    "location": {
        "address1": "69 Canberra Ave",
        "address2": "",
        "address3": "",
        "city": "Griffith",
        "country": "AU",
        "state": "ACT",
        "zip_code": "2603"
    },
    "name": "Joe's Bar",
    "phone": "+61261780050",
    "photos": [
        "https://s3-media3.fl.yelpcdn.com/bphoto/5LW69MQ6pyf5eLaftrcAPg/o.jpg",
        "https://s3-media3.fl.yelpcdn.com/bphoto/smYLgoGa80Bw8MWOeLTZKw/o.jpg",
        "https://s3-media3.fl.yelpcdn.com/bphoto/6HDIAuDp_hpCc4-u0aVWPA/o.jpg"
    ],
    "price": "$$",
    "rating": 4.5,
    "review_count": 2,
    "term": "restaurants",
    "url": "https://www.yelp.com/biz/joes-bar-griffith?adjust_creative=92p07_JjKyriZTQxAXRiKQ&utm_campaign=yelp_api_v3&utm_medium=api_v3_business_lookup&utm_source=92p07_JjKyriZTQxAXRiKQ",
    "uuid": "5902"
}