{
    "categories": [
        {
            "alias": "bistros",
            "title": "Bistros"
        }
    ],
    "coordinates": {
        "latitude": -35.3197899,
        "longitude": 149.1379242
    },
    "hours": [
        {
            "hours_type": "REGULAR",
            "is_open_now": false,
            "open": [
                {
                    "day": 0,
                    "end": "1500",
                    "is_overnight": false,
                    "start": "1200"
                },
                {
                    "day": 0,
                    "end": "2100",
                    "is_overnight": false,
                    "start": "1800"
                },
                {
                    "day": 1,
                    "end": "1500",
                    "is_overnight": false,
                    "start": "1200"
                },
                {
                    "day": 1,
                    "end": "2100",
                    "is_overnight": false,
                    "start": "1800"
                },
                {
                    "day": 2,
                    "end": "1500",
                    "is_overnight": false,
                    "start": "1200"
                },
                {
                    "day": 2,
                    "end": "2100",
                    "is_overnight": false,
                    "start": "1800"
                },
                {
                    "day": 3,
                    "end": "1500",
                    "is_overnight": false,
                    "start": "1200"
                },
                {
                    "day": 3,
                    "end": "2100",
                    "is_overnight": false,
                    "start": "1800"
                },
                {
                    "day": 4,
                    "end": "1500",
                    "is_overnight": false,
                    "start": "1200"
                },
                {
                    "day": 4,
                    "end": "2100",
                    "is_overnight": false,
                    "start": "1800"
                },
                {
                    "day": 5,
                    "end": "2100",
                    "is_overnight": false,
                    "start": "1200"
                },
                {
                    "day": 6,
                    "end": "1500",
                    "is_overnight": false,
                    "start": "1200"
                },
                {
                    "day": 6,
                    "end": "2100",
                    "is_overnight": false,
                    "start": "1800"
                }
            ]
        }
    ],
    "id": "kingston-hotel-bistro-griffith",
    "image_url": "https://s3-media2.fl.yelpcdn.com/bphoto/-silJSsPXBVTvJPny1ONDw/o.jpg",
    "is_claimed": false,
    "is_closed": false,
    "location": {
        "address1": "73 Canberra Ave",
        "address2": null,
        "address3": null,
        "city": "Griffith",
        "country": "AU",
        "state": "ACT",
        "zip_code": "2603"
    },
    "name": "Kingston Hotel Bistro",
    "phone": "+61262950123",
    "photos": [
        "https://s3-media3.fl.yelpcdn.com/bphoto/-silJSsPXBVTvJPny1ONDw/o.jpg",
        "https://s3-media4.fl.yelpcdn.com/bphoto/IVoml_E9vcczP9eNoKUu6Q/o.jpg",
        "https://s3-media4.fl.yelpcdn.com/bphoto/rKBevabVoo7r4xOAn7kR2Q/o.jpg"
    ],
    "price": "$$",
    "rating": 4.5,
    "review_count": 2,
    "term": "restaurants",
    "url": "https://www.yelp.com/biz/kingston-hotel-bistro-griffith?adjust_creative=92p07_JjKyriZTQxAXRiKQ&utm_campaign=yelp_api_v3&utm_medium=api_v3_business_lookup&utm_source=92p07_JjKyriZTQxAXRiKQ",
    "uuid": "6168"
}