{
    "categories": [
        {
            "alias": "cafes",
            "title": "Cafes"
        },
        {
            "alias": "breakfast_brunch",
            "title": "Breakfast & Brunch"
        },
        {
            "alias": "modern_australian",
            "title": "Modern Australian"
        }
    ],
    "coordinates": {
        "latitude": -35.3196052541531,
        "longitude": 149.137239647725
    },
    "hours": [
        {
            "hours_type": "REGULAR",
            "is_open_now": true,
            "open": [
                {
                    "day": 0,
                    "end": "2230",
                    "is_overnight": false,
                    "start": "0630"
                },
                {
                    "day": 1,
                    "end": "2230",
                    "is_overnight": false,
                    "start": "0630"
                },
                {
                    "day": 2,
                    "end": "2230",
                    "is_overnight": false,
                    "start": "0630"
                },
                {
                    "day": 3,
                    "end": "2230",
                    "is_overnight": false,
                    "start": "0630"
                },
                {
                    "day": 4,
                    "end": "0000",
                    "is_overnight": false,
                    "start": "0630"
                },
                {
                    "day": 5,
                    "end": "0000",
                    "is_overnight": false,
                    "start": "0700"
                },
                {
                    "day": 6,
                    "end": "1800",
                    "is_overnight": false,
                    "start": "0700"
                }
            ]
        }
    ],
    "id": "muse-griffith",
    "image_url": "https://s3-media2.fl.yelpcdn.com/bphoto/c8sQ7AooAzEgk5h32SLkUA/o.jpg",
    "is_claimed": false,
    "is_closed": false,
    "location": {
        "address1": "69 Canberra Ave",
        "address2": "East Hotel",
        "address3": "",
        "city": "Griffith",
        "country": "AU",
        "state": "ACT",
        "zip_code": "2603"
    },
    "name": "Muse",
    "phone": "+61261780024",
    "photos": [
        "https://s3-media1.fl.yelpcdn.com/bphoto/c8sQ7AooAzEgk5h32SLkUA/o.jpg",
        "https://s3-media3.fl.yelpcdn.com/bphoto/xECb-CTf56ORlLaesvXLwA/o.jpg",
        "https://s3-media3.fl.yelpcdn.com/bphoto/uttSDhmLn6YZqNTSsM4wxQ/o.jpg"
    ],
    "price": "$$",
    "rating": 4.5,
    "review_count": 2,
    "term": "restaurants",
    "url": "https://www.yelp.com/biz/muse-griffith?adjust_creative=92p07_JjKyriZTQxAXRiKQ&utm_campaign=yelp_api_v3&utm_medium=api_v3_business_lookup&utm_source=92p07_JjKyriZTQxAXRiKQ",
    "uuid": "7819"
}