{
    "categories": [
        {
            "alias": "coffee",
            "title": "Coffee & Tea"
        },
        {
            "alias": "breakfast_brunch",
            "title": "Breakfast & Brunch"
        }
    ],
    "coordinates": {
        "latitude": -35.3199830395748,
        "longitude": 149.132854255584
    },
    "hours": [
        {
            "hours_type": "REGULAR",
            "is_open_now": false,
            "open": [
                {
                    "day": 0,
                    "end": "2130",
                    "is_overnight": false,
                    "start": "0730"
                },
                {
                    "day": 1,
                    "end": "2130",
                    "is_overnight": false,
                    "start": "0730"
                },
                {
                    "day": 2,
                    "end": "2130",
                    "is_overnight": false,
                    "start": "0730"
                },
                {
                    "day": 3,
                    "end": "2200",
                    "is_overnight": false,
                    "start": "0730"
                },
                {
                    "day": 4,
                    "end": "2300",
                    "is_overnight": false,
                    "start": "0730"
                },
                {
                    "day": 5,
                    "end": "2130",
                    "is_overnight": false,
                    "start": "0730"
                }
            ]
        }
    ],
    "id": "my-cafe-manuka-griffith",
    "image_url": "https://s3-media2.fl.yelpcdn.com/bphoto/t7pP7QV607BrHI3kp9V8PA/o.jpg",
    "is_claimed": false,
    "is_closed": false,
    "location": {
        "address1": "Manuka Arcade",
        "address2": "1/22-30 Franklin St",
        "address3": "",
        "city": "Griffith",
        "country": "AU",
        "state": "ACT",
        "zip_code": "2603"
    },
    "name": "My Cafe Manuka",
    "phone": "+61262956632",
    "photos": [
        "https://s3-media3.fl.yelpcdn.com/bphoto/t7pP7QV607BrHI3kp9V8PA/o.jpg",
        "https://s3-media2.fl.yelpcdn.com/bphoto/LKu3HsgbXAHfkC0wo_fY3Q/o.jpg",
        "https://s3-media1.fl.yelpcdn.com/bphoto/wXxPF1pYgwq6hqUpjbzYTQ/o.jpg"
    ],
    "rating": 3.5,
    "review_count": 8,
    "term": "restaurants",
    "url": "https://www.yelp.com/biz/my-cafe-manuka-griffith?adjust_creative=92p07_JjKyriZTQxAXRiKQ&utm_campaign=yelp_api_v3&utm_medium=api_v3_business_lookup&utm_source=92p07_JjKyriZTQxAXRiKQ",
    "uuid": "7851"
}