{
    "categories": [
        {
            "alias": "restaurants",
            "title": "Restaurants"
        }
    ],
    "coordinates": {
        "latitude": -35.3282394,
        "longitude": 149.142746
    },
    "id": "rubicon-restaurant-griffith",
    "image_url": "https://s3-media3.fl.yelpcdn.com/bphoto/1S-qlxl8B01HubYwEwY-_A/o.jpg",
    "is_claimed": false,
    "is_closed": false,
    "location": {
        "address1": "6A Barker St",
        "address2": null,
        "address3": null,
        "city": "Griffith",
        "country": "AU",
        "state": "ACT",
        "zip_code": "2603"
    },
    "name": "Rubicon Restaurant",
    "phone": "+61262959919",
    "photos": [
        "https://s3-media1.fl.yelpcdn.com/bphoto/1S-qlxl8B01HubYwEwY-_A/o.jpg"
    ],
    "rating": 4.0,
    "review_count": 1,
    "term": "restaurants",
    "url": "https://www.yelp.com/biz/rubicon-restaurant-griffith?adjust_creative=92p07_JjKyriZTQxAXRiKQ&utm_campaign=yelp_api_v3&utm_medium=api_v3_business_lookup&utm_source=92p07_JjKyriZTQxAXRiKQ",
    "uuid": "9834"
}