{
    "categories": [
        {
            "alias": "asianfusion",
            "title": "Asian Fusion"
        },
        {
            "alias": "thai",
            "title": "Thai"
        }
    ],
    "coordinates": {
        "latitude": -35.32842,
        "longitude": 149.14289
    },
    "hours": [
        {
            "hours_type": "REGULAR",
            "is_open_now": false,
            "open": [
                {
                    "day": 0,
                    "end": "2230",
                    "is_overnight": false,
                    "start": "1730"
                },
                {
                    "day": 1,
                    "end": "1430",
                    "is_overnight": false,
                    "start": "1200"
                },
                {
                    "day": 1,
                    "end": "2230",
                    "is_overnight": false,
                    "start": "1730"
                },
                {
                    "day": 2,
                    "end": "1430",
                    "is_overnight": false,
                    "start": "1200"
                },
                {
                    "day": 2,
                    "end": "2230",
                    "is_overnight": false,
                    "start": "1730"
                },
                {
                    "day": 3,
                    "end": "1430",
                    "is_overnight": false,
                    "start": "1200"
                },
                {
                    "day": 3,
                    "end": "2230",
                    "is_overnight": false,
                    "start": "1730"
                },
                {
                    "day": 4,
                    "end": "1430",
                    "is_overnight": false,
                    "start": "1200"
                },
                {
                    "day": 4,
                    "end": "2230",
                    "is_overnight": false,
                    "start": "1730"
                },
                {
                    "day": 5,
                    "end": "2230",
                    "is_overnight": false,
                    "start": "1730"
                }
            ]
        }
    ],
    "id": "soi-8-thai-on-griffith-griffith",
    "image_url": "https://s3-media1.fl.yelpcdn.com/bphoto/7PK0A43l3CwnLzqaoOPs-A/o.jpg",
    "is_claimed": false,
    "is_closed": false,
    "location": {
        "address1": "8 Barker St",
        "address2": null,
        "address3": null,
        "city": "Griffith",
        "country": "AU",
        "state": "ACT",
        "zip_code": "2603"
    },
    "name": "Soi-8 Thai On Griffith",
    "phone": "+61262397999",
    "photos": [
        "https://s3-media4.fl.yelpcdn.com/bphoto/7PK0A43l3CwnLzqaoOPs-A/o.jpg"
    ],
    "rating": 0.0,
    "review_count": 0,
    "term": "restaurants",
    "url": "https://www.yelp.com/biz/soi-8-thai-on-griffith-griffith?adjust_creative=92p07_JjKyriZTQxAXRiKQ&utm_campaign=yelp_api_v3&utm_medium=api_v3_business_lookup&utm_source=92p07_JjKyriZTQxAXRiKQ",
    "uuid": "10549"
}