{
    "categories": [
        {
            "alias": "hotels",
            "title": "Hotels"
        }
    ],
    "coordinates": {
        "latitude": -35.2200203,
        "longitude": 149.0183563
    },
    "id": "kippax-tavern-holt",
    "image_url": "",
    "is_claimed": false,
    "is_closed": false,
    "location": {
        "address1": "84 Hardwick Crs",
        "address2": null,
        "address3": null,
        "city": "Holt",
        "country": "AU",
        "state": "ACT",
        "zip_code": "2615"
    },
    "name": "Kippax Tavern",
    "phone": "+61262551111",
    "photos": [],
    "rating": 0.0,
    "review_count": 0,
    "term": "hotels",
    "url": "https://www.yelp.com/biz/kippax-tavern-holt?adjust_creative=92p07_JjKyriZTQxAXRiKQ&utm_campaign=yelp_api_v3&utm_medium=api_v3_business_lookup&utm_source=92p07_JjKyriZTQxAXRiKQ",
    "uuid": "6182"
}