{
    "categories": [
        {
            "alias": "hotels",
            "title": "Hotels"
        }
    ],
    "coordinates": {
        "latitude": -35.247921,
        "longitude": 149.1292572
    },
    "id": "canberra-lyneham-motor-inn-lyneham",
    "image_url": "",
    "is_claimed": false,
    "is_closed": false,
    "location": {
        "address1": "39 Mouat St",
        "address2": null,
        "address3": null,
        "city": "Lyneham",
        "country": "AU",
        "state": "ACT",
        "zip_code": "2602"
    },
    "name": "Canberra Lyneham Motor Inn",
    "phone": "+61262496855",
    "photos": [],
    "rating": 0.0,
    "review_count": 0,
    "term": "hotels",
    "url": "https://www.yelp.com/biz/canberra-lyneham-motor-inn-lyneham?adjust_creative=92p07_JjKyriZTQxAXRiKQ&utm_campaign=yelp_api_v3&utm_medium=api_v3_business_lookup&utm_source=92p07_JjKyriZTQxAXRiKQ",
    "uuid": "2069"
}