{
    "categories": [
        {
            "alias": "transport",
            "title": "Transportation"
        }
    ],
    "coordinates": {
        "latitude": -35.239399,
        "longitude": 149.125946
    },
    "id": "gorman-transport-lyneham",
    "image_url": "",
    "is_claimed": false,
    "is_closed": false,
    "location": {
        "address1": "50 Ellenborough St",
        "address2": null,
        "address3": null,
        "city": "Lyneham",
        "country": "AU",
        "state": "ACT",
        "zip_code": "2602"
    },
    "name": "Gorman Transport",
    "phone": "+61421207777",
    "photos": [],
    "rating": 0.0,
    "review_count": 0,
    "term": "hotels",
    "url": "https://www.yelp.com/biz/gorman-transport-lyneham?adjust_creative=92p07_JjKyriZTQxAXRiKQ&utm_campaign=yelp_api_v3&utm_medium=api_v3_business_lookup&utm_source=92p07_JjKyriZTQxAXRiKQ",
    "uuid": "4589"
}