{
    "categories": [
        {
            "alias": "tours",
            "title": "Tours"
        }
    ],
    "coordinates": {
        "latitude": -35.41258,
        "longitude": 149.10672
    },
    "id": "capital-touring-services-pty-ltd-gowrie",
    "image_url": "https://s3-media2.fl.yelpcdn.com/bphoto/aD3TCBwm6Sw3dmcZRZpd0w/o.jpg",
    "is_claimed": false,
    "is_closed": false,
    "location": {
        "address1": "",
        "address2": null,
        "address3": null,
        "city": "Gowrie",
        "country": "AU",
        "state": "ACT",
        "zip_code": "2904"
    },
    "name": "Capital Touring Services Pty Ltd",
    "phone": "+61418455099",
    "photos": [
        "https://s3-media1.fl.yelpcdn.com/bphoto/aD3TCBwm6Sw3dmcZRZpd0w/o.jpg",
        "https://s3-media3.fl.yelpcdn.com/bphoto/zAOcEGFoO9DCCHKzECFTHA/o.jpg"
    ],
    "rating": 0.0,
    "review_count": 0,
    "term": "hotels",
    "url": "https://www.yelp.com/biz/capital-touring-services-pty-ltd-gowrie?adjust_creative=92p07_JjKyriZTQxAXRiKQ&utm_campaign=yelp_api_v3&utm_medium=api_v3_business_lookup&utm_source=92p07_JjKyriZTQxAXRiKQ",
    "uuid": "2109"
}