{
    "categories": [
        {
            "alias": "wine_bars",
            "title": "Wine Bars"
        },
        {
            "alias": "bistros",
            "title": "Bistros"
        }
    ],
    "coordinates": {
        "latitude": -35.3114310343464,
        "longitude": 149.133322510455
    },
    "hours": [
        {
            "hours_type": "REGULAR",
            "is_open_now": false,
            "open": [
                {
                    "day": 0,
                    "end": "1030",
                    "is_overnight": false,
                    "start": "0630"
                },
                {
                    "day": 1,
                    "end": "2230",
                    "is_overnight": false,
                    "start": "0630"
                },
                {
                    "day": 2,
                    "end": "2230",
                    "is_overnight": false,
                    "start": "0630"
                },
                {
                    "day": 3,
                    "end": "2230",
                    "is_overnight": false,
                    "start": "0630"
                },
                {
                    "day": 4,
                    "end": "2230",
                    "is_overnight": false,
                    "start": "0630"
                },
                {
                    "day": 5,
                    "end": "1030",
                    "is_overnight": false,
                    "start": "0630"
                },
                {
                    "day": 5,
                    "end": "2230",
                    "is_overnight": false,
                    "start": "1800"
                },
                {
                    "day": 6,
                    "end": "1030",
                    "is_overnight": false,
                    "start": "0630"
                }
            ]
        }
    ],
    "id": "buvette-bistro-and-winebar-barton",
    "image_url": "https://s3-media4.fl.yelpcdn.com/bphoto/NeZQQDtj-TKPLouY4kd8gw/o.jpg",
    "is_claimed": false,
    "is_closed": false,
    "location": {
        "address1": "Hotel Realm",
        "address2": "18 National Circuit",
        "address3": "",
        "city": "Barton",
        "country": "AU",
        "state": "ACT",
        "zip_code": "2600"
    },
    "name": "Buvette Bistro & Winebar",
    "phone": "+61261631818",
    "photos": [
        "https://s3-media4.fl.yelpcdn.com/bphoto/NeZQQDtj-TKPLouY4kd8gw/o.jpg",
        "https://s3-media2.fl.yelpcdn.com/bphoto/pvcyD2DRLk8cZqTpMFdvHQ/o.jpg",
        "https://s3-media2.fl.yelpcdn.com/bphoto/myJzsAnPbEbzcD1Aj9vENw/o.jpg"
    ],
    "rating": 4.0,
    "review_count": 2,
    "term": "restaurants",
    "url": "https://www.yelp.com/biz/buvette-bistro-and-winebar-barton?adjust_creative=92p07_JjKyriZTQxAXRiKQ&utm_campaign=yelp_api_v3&utm_medium=api_v3_business_lookup&utm_source=92p07_JjKyriZTQxAXRiKQ",
    "uuid": "1876"
}