{
    "categories": [
        {
            "alias": "asianfusion",
            "title": "Asian Fusion"
        }
    ],
    "coordinates": {
        "latitude": -35.31195,
        "longitude": 149.13381
    },
    "hours": [
        {
            "hours_type": "REGULAR",
            "is_open_now": false,
            "open": [
                {
                    "day": 1,
                    "end": "1430",
                    "is_overnight": false,
                    "start": "1200"
                },
                {
                    "day": 1,
                    "end": "2300",
                    "is_overnight": false,
                    "start": "1800"
                },
                {
                    "day": 2,
                    "end": "1430",
                    "is_overnight": false,
                    "start": "1200"
                },
                {
                    "day": 2,
                    "end": "2300",
                    "is_overnight": false,
                    "start": "1800"
                },
                {
                    "day": 3,
                    "end": "1430",
                    "is_overnight": false,
                    "start": "1200"
                },
                {
                    "day": 3,
                    "end": "2300",
                    "is_overnight": false,
                    "start": "1800"
                },
                {
                    "day": 4,
                    "end": "1430",
                    "is_overnight": false,
                    "start": "1200"
                },
                {
                    "day": 4,
                    "end": "2300",
                    "is_overnight": false,
                    "start": "1800"
                },
                {
                    "day": 5,
                    "end": "2300",
                    "is_overnight": false,
                    "start": "1800"
                }
            ]
        }
    ],
    "id": "chairman-and-yip-barton",
    "image_url": "https://s3-media1.fl.yelpcdn.com/bphoto/ITmdFY1q5u7W3IovHNZgpQ/o.jpg",
    "is_claimed": false,
    "is_closed": false,
    "location": {
        "address1": "1 Burbury Cl",
        "address2": "",
        "address3": null,
        "city": "Barton",
        "country": "AU",
        "state": "ACT",
        "zip_code": "2600"
    },
    "name": "Chairman & Yip",
    "phone": "+61261621220",
    "photos": [
        "https://s3-media4.fl.yelpcdn.com/bphoto/ITmdFY1q5u7W3IovHNZgpQ/o.jpg",
        "https://s3-media1.fl.yelpcdn.com/bphoto/EHgKuMD6CUa7ThX8byvpMw/o.jpg",
        "https://s3-media1.fl.yelpcdn.com/bphoto/4afRvhvu_rOXeWrHzMXU5A/o.jpg"
    ],
    "rating": 4.5,
    "review_count": 2,
    "term": "restaurants",
    "url": "https://www.yelp.com/biz/chairman-and-yip-barton?adjust_creative=92p07_JjKyriZTQxAXRiKQ&utm_campaign=yelp_api_v3&utm_medium=api_v3_business_lookup&utm_source=92p07_JjKyriZTQxAXRiKQ",
    "uuid": "2265"
}