{
    "categories": [
        {
            "alias": "japanese",
            "title": "Japanese"
        }
    ],
    "coordinates": {
        "latitude": -35.3119507,
        "longitude": 149.1338043
    },
    "id": "lilotang-barton",
    "image_url": "https://s3-media3.fl.yelpcdn.com/bphoto/NXP0PolwQy2jZ_r29p56Hw/o.jpg",
    "is_claimed": false,
    "is_closed": false,
    "location": {
        "address1": "1 Burbury Cl",
        "address2": "",
        "address3": "",
        "city": "Barton",
        "country": "AU",
        "state": "ACT",
        "zip_code": "2600"
    },
    "name": "Lilotang",
    "phone": "+61262731424",
    "photos": [
        "https://s3-media3.fl.yelpcdn.com/bphoto/NXP0PolwQy2jZ_r29p56Hw/o.jpg",
        "https://s3-media2.fl.yelpcdn.com/bphoto/C1titmsV6azOuvm3h6IMMQ/o.jpg",
        "https://s3-media2.fl.yelpcdn.com/bphoto/NJQwHRynIZjQXwagc8XDrA/o.jpg"
    ],
    "rating": 4.5,
    "review_count": 2,
    "term": "restaurants",
    "url": "https://www.yelp.com/biz/lilotang-barton?adjust_creative=92p07_JjKyriZTQxAXRiKQ&utm_campaign=yelp_api_v3&utm_medium=api_v3_business_lookup&utm_source=92p07_JjKyriZTQxAXRiKQ",
    "uuid": "6680"
}