{
    "categories": [
        {
            "alias": "coffee",
            "title": "Coffee & Tea"
        },
        {
            "alias": "breakfast_brunch",
            "title": "Breakfast & Brunch"
        }
    ],
    "coordinates": {
        "latitude": -35.30551,
        "longitude": 149.13603
    },
    "hours": [
        {
            "hours_type": "REGULAR",
            "is_open_now": false,
            "open": [
                {
                    "day": 0,
                    "end": "1500",
                    "is_overnight": false,
                    "start": "0700"
                },
                {
                    "day": 1,
                    "end": "1500",
                    "is_overnight": false,
                    "start": "0700"
                },
                {
                    "day": 2,
                    "end": "1500",
                    "is_overnight": false,
                    "start": "0700"
                },
                {
                    "day": 3,
                    "end": "1500",
                    "is_overnight": false,
                    "start": "0700"
                },
                {
                    "day": 4,
                    "end": "1500",
                    "is_overnight": false,
                    "start": "0700"
                },
                {
                    "day": 5,
                    "end": "1400",
                    "is_overnight": false,
                    "start": "0800"
                },
                {
                    "day": 6,
                    "end": "1400",
                    "is_overnight": false,
                    "start": "0800"
                }
            ]
        }
    ],
    "id": "little-bird-barton",
    "image_url": "https://s3-media2.fl.yelpcdn.com/bphoto/nZTXqJaciVPmr9ZTebVW8A/o.jpg",
    "is_claimed": false,
    "is_closed": false,
    "location": {
        "address1": "Broughton St",
        "address2": "",
        "address3": "",
        "city": "Barton",
        "country": "AU",
        "state": "ACT",
        "zip_code": "2600"
    },
    "name": "Little Bird",
    "phone": "",
    "photos": [
        "https://s3-media1.fl.yelpcdn.com/bphoto/nZTXqJaciVPmr9ZTebVW8A/o.jpg",
        "https://s3-media3.fl.yelpcdn.com/bphoto/kRebo2J_GzvOyNR_RAoivg/o.jpg",
        "https://s3-media1.fl.yelpcdn.com/bphoto/Vg8mefEzCRmNjDTt2f-kJA/o.jpg"
    ],
    "price": "$$",
    "rating": 5.0,
    "review_count": 1,
    "term": "restaurants",
    "url": "https://www.yelp.com/biz/little-bird-barton?adjust_creative=92p07_JjKyriZTQxAXRiKQ&utm_campaign=yelp_api_v3&utm_medium=api_v3_business_lookup&utm_source=92p07_JjKyriZTQxAXRiKQ",
    "uuid": "6712"
}