{
    "categories": [
        {
            "alias": "australian",
            "title": "Australian"
        }
    ],
    "coordinates": {
        "latitude": -35.3122406,
        "longitude": 149.1334229
    },
    "hours": [
        {
            "hours_type": "REGULAR",
            "is_open_now": false,
            "open": [
                {
                    "day": 0,
                    "end": "1500",
                    "is_overnight": false,
                    "start": "0700"
                },
                {
                    "day": 1,
                    "end": "1500",
                    "is_overnight": false,
                    "start": "0700"
                },
                {
                    "day": 2,
                    "end": "1500",
                    "is_overnight": false,
                    "start": "0700"
                },
                {
                    "day": 3,
                    "end": "1700",
                    "is_overnight": false,
                    "start": "0700"
                },
                {
                    "day": 4,
                    "end": "1700",
                    "is_overnight": false,
                    "start": "0700"
                },
                {
                    "day": 5,
                    "end": "1530",
                    "is_overnight": false,
                    "start": "0730"
                },
                {
                    "day": 6,
                    "end": "1530",
                    "is_overnight": false,
                    "start": "0730"
                }
            ]
        }
    ],
    "id": "maple-and-clove-barton",
    "image_url": "https://s3-media4.fl.yelpcdn.com/bphoto/Pzq9VcSjPp4WpjEKzxAm-w/o.jpg",
    "is_claimed": false,
    "is_closed": false,
    "location": {
        "address1": "Burbury Cl",
        "address2": "",
        "address3": "",
        "city": "Barton",
        "country": "AU",
        "state": "ACT",
        "zip_code": "2600"
    },
    "name": "Maple & Clove",
    "phone": "",
    "photos": [
        "https://s3-media2.fl.yelpcdn.com/bphoto/Pzq9VcSjPp4WpjEKzxAm-w/o.jpg",
        "https://s3-media1.fl.yelpcdn.com/bphoto/E2aiBV0b2J7KXL2I4c5SKw/o.jpg",
        "https://s3-media3.fl.yelpcdn.com/bphoto/g1ItXBk0YMLFTH4neT7QyA/o.jpg"
    ],
    "price": "$$",
    "rating": 3.0,
    "review_count": 5,
    "term": "restaurants",
    "url": "https://www.yelp.com/biz/maple-and-clove-barton?adjust_creative=92p07_JjKyriZTQxAXRiKQ&utm_campaign=yelp_api_v3&utm_medium=api_v3_business_lookup&utm_source=92p07_JjKyriZTQxAXRiKQ",
    "uuid": "7202"
}