{
    "categories": [
        {
            "alias": "turkish",
            "title": "Turkish"
        }
    ],
    "coordinates": {
        "latitude": -35.311505831376,
        "longitude": 149.13319525857
    },
    "id": "mavi-turkish-gourmet-barton",
    "image_url": "https://s3-media1.fl.yelpcdn.com/bphoto/0XD_md1dJiW2v1q7K2Odiw/o.jpg",
    "is_claimed": false,
    "is_closed": false,
    "location": {
        "address1": "18 National Cct",
        "address2": null,
        "address3": null,
        "city": "Barton",
        "country": "AU",
        "state": "ACT",
        "zip_code": "2600"
    },
    "name": "Mavi Turkish Gourmet",
    "phone": "+61261620464",
    "photos": [
        "https://s3-media3.fl.yelpcdn.com/bphoto/0XD_md1dJiW2v1q7K2Odiw/o.jpg"
    ],
    "price": "$$",
    "rating": 0.0,
    "review_count": 0,
    "term": "restaurants",
    "url": "https://www.yelp.com/biz/mavi-turkish-gourmet-barton?adjust_creative=92p07_JjKyriZTQxAXRiKQ&utm_campaign=yelp_api_v3&utm_medium=api_v3_business_lookup&utm_source=92p07_JjKyriZTQxAXRiKQ",
    "uuid": "7316"
}