{
    "categories": [
        {
            "alias": "modern_australian",
            "title": "Modern Australian"
        }
    ],
    "coordinates": {
        "latitude": -35.3116284567979,
        "longitude": 149.133501733523
    },
    "id": "ostani-barton",
    "image_url": "https://s3-media1.fl.yelpcdn.com/bphoto/VqQdeC5cuMzwtAazup3Dbw/o.jpg",
    "is_claimed": false,
    "is_closed": false,
    "location": {
        "address1": "1-5 Bourke St",
        "address2": "",
        "address3": "",
        "city": "Barton",
        "country": "AU",
        "state": "ACT",
        "zip_code": "2600"
    },
    "name": "Ostani",
    "phone": "",
    "photos": [
        "https://s3-media1.fl.yelpcdn.com/bphoto/VqQdeC5cuMzwtAazup3Dbw/o.jpg",
        "https://s3-media3.fl.yelpcdn.com/bphoto/2ix5DXAul1R-W2zunVp9YQ/o.jpg",
        "https://s3-media3.fl.yelpcdn.com/bphoto/w8Qx0DPT6EmEq62k1DdT9Q/o.jpg"
    ],
    "price": "$$",
    "rating": 3.5,
    "review_count": 9,
    "term": "restaurants",
    "url": "https://www.yelp.com/biz/ostani-barton?adjust_creative=92p07_JjKyriZTQxAXRiKQ&utm_campaign=yelp_api_v3&utm_medium=api_v3_business_lookup&utm_source=92p07_JjKyriZTQxAXRiKQ",
    "uuid": "8452"
}