{
    "categories": [
        {
            "alias": "restaurants",
            "title": "Restaurants"
        }
    ],
    "coordinates": {
        "latitude": -35.3051109,
        "longitude": 149.137085
    },
    "id": "ottoman-cuisine-barton",
    "image_url": "https://s3-media2.fl.yelpcdn.com/bphoto/wUAeJT_l0STYbAM6P77bsA/o.jpg",
    "is_claimed": false,
    "is_closed": false,
    "location": {
        "address1": "Cnr Broughton & Blackall Sts",
        "address2": null,
        "address3": null,
        "city": "Barton",
        "country": "AU",
        "state": "ACT",
        "zip_code": "2600"
    },
    "name": "Ottoman Cuisine",
    "phone": "+61262736111",
    "photos": [
        "https://s3-media1.fl.yelpcdn.com/bphoto/wUAeJT_l0STYbAM6P77bsA/o.jpg",
        "https://s3-media4.fl.yelpcdn.com/bphoto/6iyvkBH0h-i5HjLIzremPA/o.jpg",
        "https://s3-media2.fl.yelpcdn.com/bphoto/2J5gg589DYLthQ-sJKY5IQ/o.jpg"
    ],
    "price": "$$",
    "rating": 3.5,
    "review_count": 3,
    "term": "restaurants",
    "url": "https://www.yelp.com/biz/ottoman-cuisine-barton?adjust_creative=92p07_JjKyriZTQxAXRiKQ&utm_campaign=yelp_api_v3&utm_medium=api_v3_business_lookup&utm_source=92p07_JjKyriZTQxAXRiKQ",
    "uuid": "8469"
}