{
    "categories": [
        {
            "alias": "asianfusion",
            "title": "Asian Fusion"
        }
    ],
    "coordinates": {
        "latitude": -35.3067093,
        "longitude": 149.1338501
    },
    "id": "pride-of-asia-barton",
    "image_url": "https://s3-media1.fl.yelpcdn.com/bphoto/Bthq26Yb24Hxi-fT63yhqA/o.jpg",
    "is_claimed": false,
    "is_closed": false,
    "location": {
        "address1": "6 National Circuit",
        "address2": "",
        "address3": "",
        "city": "Barton",
        "country": "AU",
        "state": "ACT",
        "zip_code": "2600"
    },
    "name": "Pride of Asia",
    "phone": "",
    "photos": [
        "https://s3-media4.fl.yelpcdn.com/bphoto/Bthq26Yb24Hxi-fT63yhqA/o.jpg"
    ],
    "rating": 2.5,
    "review_count": 2,
    "term": "restaurants",
    "url": "https://www.yelp.com/biz/pride-of-asia-barton?adjust_creative=92p07_JjKyriZTQxAXRiKQ&utm_campaign=yelp_api_v3&utm_medium=api_v3_business_lookup&utm_source=92p07_JjKyriZTQxAXRiKQ",
    "uuid": "9181"
}