{
    "categories": [],
    "coordinates": {
        "latitude": -35.3067207,
        "longitude": 149.1345062
    },
    "id": "australian-international-hotel-school-barton",
    "image_url": "",
    "is_claimed": false,
    "is_closed": false,
    "location": {
        "address1": "Bligh St",
        "address2": null,
        "address3": null,
        "city": "Barton",
        "country": "AU",
        "state": "ACT",
        "zip_code": "2600"
    },
    "name": "Australian International Hotel School",
    "phone": "+61262344400",
    "photos": [],
    "rating": 0.0,
    "review_count": 0,
    "term": "hotels",
    "url": "https://www.yelp.com/biz/australian-international-hotel-school-barton?adjust_creative=92p07_JjKyriZTQxAXRiKQ&utm_campaign=yelp_api_v3&utm_medium=api_v3_business_lookup&utm_source=92p07_JjKyriZTQxAXRiKQ",
    "uuid": "774"
}