{
    "categories": [],
    "coordinates": {
        "latitude": -35.308979,
        "longitude": 149.1348267
    },
    "id": "australian-hotels-association-barton",
    "image_url": "",
    "is_claimed": false,
    "is_closed": false,
    "location": {
        "address1": "24 Brisbane Ave",
        "address2": null,
        "address3": null,
        "city": "Barton",
        "country": "AU",
        "state": "ACT",
        "zip_code": "2600"
    },
    "name": "Australian Hotels Association",
    "phone": "+61262734007",
    "photos": [],
    "rating": 0.0,
    "review_count": 0,
    "term": "hotels",
    "url": "https://www.yelp.com/biz/australian-hotels-association-barton?adjust_creative=92p07_JjKyriZTQxAXRiKQ&utm_campaign=yelp_api_v3&utm_medium=api_v3_business_lookup&utm_source=92p07_JjKyriZTQxAXRiKQ",
    "uuid": "771"
}