{
    "categories": [
        {
            "alias": "venues",
            "title": "Venues & Event Spaces"
        }
    ],
    "coordinates": {
        "latitude": -35.3089485,
        "longitude": 149.1334381
    },
    "id": "hotel-kurrajong-barton",
    "image_url": "https://s3-media4.fl.yelpcdn.com/bphoto/YXfAv1qjxTxyNt0x9OcO5w/o.jpg",
    "is_claimed": false,
    "is_closed": false,
    "location": {
        "address1": "National Cct",
        "address2": null,
        "address3": null,
        "city": "Barton",
        "country": "AU",
        "state": "ACT",
        "zip_code": "2600"
    },
    "name": "Hotel Kurrajong",
    "phone": "+61262344444",
    "photos": [
        "https://s3-media3.fl.yelpcdn.com/bphoto/YXfAv1qjxTxyNt0x9OcO5w/o.jpg",
        "https://s3-media3.fl.yelpcdn.com/bphoto/3---Txdz9N7RAQWEJquRVw/o.jpg",
        "https://s3-media3.fl.yelpcdn.com/bphoto/7LSdOkvcBzBhuq9hTnFN0w/o.jpg"
    ],
    "rating": 0.0,
    "review_count": 0,
    "term": "hotels",
    "url": "https://www.yelp.com/biz/hotel-kurrajong-barton?adjust_creative=92p07_JjKyriZTQxAXRiKQ&utm_campaign=yelp_api_v3&utm_medium=api_v3_business_lookup&utm_source=92p07_JjKyriZTQxAXRiKQ",
    "uuid": "5354"
}