{
    "categories": [
        {
            "alias": "travelservices",
            "title": "Travel Services"
        }
    ],
    "coordinates": {
        "latitude": -35.3545303,
        "longitude": 149.0890656
    },
    "id": "america-travel-bureau-phillip",
    "image_url": "",
    "is_claimed": false,
    "is_closed": false,
    "location": {
        "address1": "67 Townsend St",
        "address2": null,
        "address3": null,
        "city": "Phillip",
        "country": "AU",
        "state": "ACT",
        "zip_code": "2606"
    },
    "name": "America Travel Bureau",
    "phone": "+61262822000",
    "photos": [],
    "rating": 0.0,
    "review_count": 0,
    "term": "hotels",
    "url": "https://www.yelp.com/biz/america-travel-bureau-phillip?adjust_creative=92p07_JjKyriZTQxAXRiKQ&utm_campaign=yelp_api_v3&utm_medium=api_v3_business_lookup&utm_source=92p07_JjKyriZTQxAXRiKQ",
    "uuid": "438"
}