{
    "categories": [
        {
            "alias": "travelservices",
            "title": "Travel Services"
        },
        {
            "alias": "hot_air_balloons",
            "title": "Hot Air Balloons"
        }
    ],
    "coordinates": {
        "latitude": -35.3389091,
        "longitude": 149.0845184
    },
    "hours": [
        {
            "hours_type": "REGULAR",
            "is_open_now": false,
            "open": [
                {
                    "day": 0,
                    "end": "1700",
                    "is_overnight": false,
                    "start": "0900"
                },
                {
                    "day": 1,
                    "end": "1700",
                    "is_overnight": false,
                    "start": "0900"
                },
                {
                    "day": 2,
                    "end": "1700",
                    "is_overnight": false,
                    "start": "0900"
                },
                {
                    "day": 3,
                    "end": "1700",
                    "is_overnight": false,
                    "start": "0900"
                },
                {
                    "day": 4,
                    "end": "1700",
                    "is_overnight": false,
                    "start": "0900"
                },
                {
                    "day": 5,
                    "end": "1700",
                    "is_overnight": false,
                    "start": "0900"
                }
            ]
        }
    ],
    "id": "balloon-aloft-canberra-phillip",
    "image_url": "https://s3-media3.fl.yelpcdn.com/bphoto/IIZOhig5NEDjcIr8dwXEXg/o.jpg",
    "is_claimed": true,
    "is_closed": false,
    "location": {
        "address1": "7 Irving St",
        "address2": null,
        "address3": null,
        "city": "Phillip",
        "country": "AU",
        "state": "ACT",
        "zip_code": "2606"
    },
    "name": "Balloon Aloft Canberra",
    "phone": "+61262851540",
    "photos": [
        "https://s3-media3.fl.yelpcdn.com/bphoto/IIZOhig5NEDjcIr8dwXEXg/o.jpg",
        "https://s3-media1.fl.yelpcdn.com/bphoto/w8ssoQEfT5_gTLtIN-UOvg/o.jpg",
        "https://s3-media3.fl.yelpcdn.com/bphoto/qirv-SA-L-E36tvykCw_Fw/o.jpg"
    ],
    "rating": 0.0,
    "review_count": 0,
    "term": "hotels",
    "url": "https://www.yelp.com/biz/balloon-aloft-canberra-phillip?adjust_creative=92p07_JjKyriZTQxAXRiKQ&utm_campaign=yelp_api_v3&utm_medium=api_v3_business_lookup&utm_source=92p07_JjKyriZTQxAXRiKQ",
    "uuid": "909"
}