{
    "categories": [
        {
            "alias": "travelservices",
            "title": "Travel Services"
        }
    ],
    "coordinates": {
        "latitude": -35.3454208,
        "longitude": 149.0847015
    },
    "id": "escape-travel-phillip",
    "image_url": "",
    "is_claimed": false,
    "is_closed": false,
    "location": {
        "address1": "Keltie St",
        "address2": null,
        "address3": null,
        "city": "Phillip",
        "country": "AU",
        "state": "ACT",
        "zip_code": "2606"
    },
    "name": "Escape Travel",
    "phone": "+611300735865",
    "photos": [],
    "rating": 0.0,
    "review_count": 0,
    "term": "hotels",
    "url": "https://www.yelp.com/biz/escape-travel-phillip?adjust_creative=92p07_JjKyriZTQxAXRiKQ&utm_campaign=yelp_api_v3&utm_medium=api_v3_business_lookup&utm_source=92p07_JjKyriZTQxAXRiKQ",
    "uuid": "3779"
}