{
    "categories": [
        {
            "alias": "travelservices",
            "title": "Travel Services"
        }
    ],
    "coordinates": {
        "latitude": -35.2819405,
        "longitude": 149.1325378
    },
    "id": "civic-travel-service-civic",
    "image_url": "",
    "is_claimed": false,
    "is_closed": false,
    "location": {
        "address1": "2 Akuna St",
        "address2": null,
        "address3": null,
        "city": "Civic",
        "country": "AU",
        "state": "ACT",
        "zip_code": "2601"
    },
    "name": "Civic Travel Service",
    "phone": "+61262480822",
    "photos": [],
    "rating": 0.0,
    "review_count": 0,
    "term": "hotels",
    "url": "https://www.yelp.com/biz/civic-travel-service-civic?adjust_creative=92p07_JjKyriZTQxAXRiKQ&utm_campaign=yelp_api_v3&utm_medium=api_v3_business_lookup&utm_source=92p07_JjKyriZTQxAXRiKQ",
    "uuid": "2613"
}