{
    "categories": [
        {
            "alias": "travelservices",
            "title": "Travel Services"
        }
    ],
    "coordinates": {
        "latitude": -35.2783089,
        "longitude": 149.1300201
    },
    "id": "flight-centre-civic",
    "image_url": "",
    "is_claimed": false,
    "is_closed": false,
    "location": {
        "address1": "111 Alinga St",
        "address2": null,
        "address3": null,
        "city": "Civic",
        "country": "AU",
        "state": "ACT",
        "zip_code": "2601"
    },
    "name": "Flight Centre",
    "phone": "+61262478199",
    "photos": [],
    "rating": 0.0,
    "review_count": 0,
    "term": "hotels",
    "url": "https://www.yelp.com/biz/flight-centre-civic?adjust_creative=92p07_JjKyriZTQxAXRiKQ&utm_campaign=yelp_api_v3&utm_medium=api_v3_business_lookup&utm_source=92p07_JjKyriZTQxAXRiKQ",
    "uuid": "4080"
}