{
    "categories": [
        {
            "alias": "cafes",
            "title": "Cafes"
        }
    ],
    "coordinates": {
        "latitude": null,
        "longitude": null
    },
    "id": "gods-cafe-and-bar-australian-national-university",
    "image_url": "https://s3-media4.fl.yelpcdn.com/bphoto/r2J9CilZHJaJ7awlxZXBqQ/o.jpg",
    "is_claimed": false,
    "is_closed": false,
    "location": {
        "address1": "Union Crt",
        "address2": null,
        "address3": null,
        "city": "Australian National University",
        "country": "AU",
        "state": "ACT",
        "zip_code": "0200"
    },
    "name": "Gods Cafe & Bar",
    "phone": "+61262485538",
    "photos": [
        "https://s3-media1.fl.yelpcdn.com/bphoto/r2J9CilZHJaJ7awlxZXBqQ/o.jpg",
        "https://s3-media2.fl.yelpcdn.com/bphoto/PtVX4eYh_p-5pD1J3d5pPg/o.jpg",
        "https://s3-media4.fl.yelpcdn.com/bphoto/Jgf8Y1lJ9Io3mRPdQDorXg/o.jpg"
    ],
    "rating": 4.0,
    "review_count": 1,
    "term": "restaurants",
    "url": "https://www.yelp.com/biz/gods-cafe-and-bar-australian-national-university?adjust_creative=92p07_JjKyriZTQxAXRiKQ&utm_campaign=yelp_api_v3&utm_medium=api_v3_business_lookup&utm_source=92p07_JjKyriZTQxAXRiKQ",
    "uuid": "4517"
}