{
    "categories": [
        {
            "alias": "tours",
            "title": "Tours"
        }
    ],
    "coordinates": {
        "latitude": -35.2126007,
        "longitude": 149.0794373
    },
    "id": "capital-bicycle-evatt",
    "image_url": "https://s3-media3.fl.yelpcdn.com/bphoto/VZdiHP71kKO-6yMUaHvZ4Q/o.jpg",
    "is_claimed": false,
    "is_closed": false,
    "location": {
        "address1": "6 Starling Pl",
        "address2": null,
        "address3": null,
        "city": "Evatt",
        "country": "AU",
        "state": "ACT",
        "zip_code": "2617"
    },
    "name": "Capital Bicycle",
    "phone": "+61412547387",
    "photos": [
        "https://s3-media3.fl.yelpcdn.com/bphoto/VZdiHP71kKO-6yMUaHvZ4Q/o.jpg"
    ],
    "rating": 0.0,
    "review_count": 0,
    "term": "hotels",
    "url": "https://www.yelp.com/biz/capital-bicycle-evatt?adjust_creative=92p07_JjKyriZTQxAXRiKQ&utm_campaign=yelp_api_v3&utm_medium=api_v3_business_lookup&utm_source=92p07_JjKyriZTQxAXRiKQ",
    "uuid": "2096"
}